token,phospho_monomer,pdb_id,within_cutoff,distance_status,token_atom_count,phospho_atom_count,min_distance_A,token_chain_id,token_residue_start,token_residue_end,token_residue_start_number,token_residue_start_insertion_code,token_residue_end_number,token_residue_end_insertion_code,token_occurrence_index,token_occurrence_count
NH,SEP,3K2L,true,within_cutoff,15,30,9.664,A,222,223,222,,223,,1,1
WI,TPO,5Y86,true,within_cutoff,22,11,8.893,A,521,522,521,,522,,1,1
WK,TPO,1CM8,true,within_cutoff,46,22,8.734,A,340,341,340,,341,,1,2
LDF,TPO,1CM8,true,within_cutoff,54,22,8.990,A,170,172,170,,172,,1,2
ELD,TPO,2ERK,true,within_cutoff,25,11,6.274,A,332,334,332,,334,,1,1
VAD,TPO,2ERK,true,within_cutoff,20,11,6.855,A,171,173,171,,173,,1,1
FDP,TPO,2MMK,true,within_cutoff,46,17,8.661,A,58,60,58,,60,,1,1
DEE,PTR,2MMK,true,within_cutoff,42,24,3.850,A,41,43,41,,43,,1,1
IKP,TPO,2Q8Y,true,within_cutoff,24,11,9.548,A,159,161,159,,161,,1,1
IKP,PTR,2Q8Y,true,within_cutoff,24,16,2.555,A,159,161,159,,161,,1,1
ARR,PTR,2Q8Y,true,within_cutoff,27,16,4.485,A,89,91,89,,91,,1,1
IKP,TPO,2Z8P,true,within_cutoff,24,11,9.640,A,159,161,159,,161,,1,1
IKP,PTR,2Z8P,true,within_cutoff,24,16,2.649,A,159,161,159,,161,,1,1
ARR,PTR,2Z8P,true,within_cutoff,27,16,2.981,A,89,91,89,,91,,1,1
WK,TPO,3PY3,true,within_cutoff,23,11,7.800,A,337,338,337,,338,,1,1
LDF,TPO,3PY3,true,within_cutoff,27,11,9.325,A,167,169,167,,169,,1,1
ELD,TPO,3ZUV,true,within_cutoff,50,22,5.412,A,332,334,332,,334,,1,2
VAD,TPO,3ZUV,true,within_cutoff,40,22,6.696,C,171,173,171,,173,,2,2
ELD,TPO,4IZA,true,within_cutoff,59,11,9.531,,,,,,,,,0
WK,TPO,4MYG,true,within_cutoff,46,22,8.940,A,338,339,338,,339,,1,2
LDF,TPO,4MYG,true,within_cutoff,54,22,9.461,A,167,169,167,,169,,1,2
CH,PTR,4QUM,true,within_cutoff,16,16,8.608,A,754,755,754,,755,,1,1
IKP,PTR,5HLP,true,within_cutoff,48,32,7.448,B,182,184,182,,184,,2,2
WK,TPO,5NZZ,true,within_cutoff,88,44,8.271,F,337,338,337,,338,,2,4
LDF,TPO,5NZZ,true,within_cutoff,108,44,9.209,G,167,169,167,,169,,3,4
ELD,TPO,5V60,true,within_cutoff,25,11,5.549,A,334,336,334,,336,,1,1
VAD,TPO,5V60,true,within_cutoff,20,11,7.030,A,173,175,173,,175,,1,1
ELD,TPO,5V61,true,within_cutoff,25,11,5.594,A,334,336,334,,336,,1,1
VAD,TPO,5V61,true,within_cutoff,20,11,7.050,A,173,175,173,,175,,1,1
ELD,TPO,5V62,true,within_cutoff,25,11,5.540,A,334,336,334,,336,,1,1
VAD,TPO,5V62,true,within_cutoff,20,11,7.006,A,173,175,173,,175,,1,1
ELD,TPO,6OPG,true,within_cutoff,25,11,5.190,A,332,334,332,,334,,1,1
VAD,TPO,6OPG,true,within_cutoff,20,11,6.970,A,171,173,171,,173,,1,1
ELD,TPO,6OPH,true,within_cutoff,25,11,5.405,A,332,334,332,,334,,1,1
VAD,TPO,6OPH,true,within_cutoff,20,11,7.033,A,171,173,171,,173,,1,1
ELD,TPO,6OPK,true,within_cutoff,25,11,5.556,A,332,334,332,,334,,1,1
VAD,TPO,6OPK,true,within_cutoff,20,11,7.018,A,171,173,171,,173,,1,1
NH,TPO,6TCA,true,within_cutoff,100,44,8.344,A,266,267,266,,267,,1,6
NH,PTR,6TCA,true,within_cutoff,100,64,3.028,A,266,267,266,,267,,1,6
LDF,TPO,6TCA,true,within_cutoff,108,44,9.756,H,167,169,167,,169,,4,4
ANP,TPO,6ZQS,true,within_cutoff,40,11,8.661,B,89,91,89,,91,,2,2
ANP,PTR,6ZQS,true,within_cutoff,40,16,3.603,B,89,91,89,,91,,2,2
WK,TPO,6ZQS,true,within_cutoff,23,11,8.420,A,337,338,337,,338,,1,1
LDF,TPO,6ZQS,true,within_cutoff,27,11,9.102,A,167,169,167,,169,,1,1
ELD,TPO,7OPM,true,within_cutoff,25,11,5.832,A,334,336,334,,336,,1,1
VAD,TPO,7OPM,true,within_cutoff,20,11,7.087,A,173,175,173,,175,,1,1
ELD,TPO,8U8J,true,within_cutoff,25,11,5.400,A,332,334,332,,334,,1,1
VAD,TPO,8U8J,true,within_cutoff,20,11,7.039,A,171,173,171,,173,,1,1
ELD,TPO,8U8K,true,within_cutoff,25,11,5.274,A,332,334,332,,334,,1,1
VAD,TPO,8U8K,true,within_cutoff,20,11,7.002,A,171,173,171,,173,,1,1
LDF,PTR,9CJ1,true,within_cutoff,27,16,7.396,A,167,169,167,,169,,1,1
WK,TPO,9CJ2,true,within_cutoff,46,22,9.035,A,337,338,337,,338,,1,2
LDF,TPO,9CJ2,true,within_cutoff,54,22,9.319,A,167,169,167,,169,,1,2
DGK,SEP,4AZE,true,within_cutoff,57,56,9.347,A,410,412,410,,412,,1,3
DGK,PTR,4AZE,true,within_cutoff,57,48,4.826,B,410,412,410,,412,,2,3
NH,PTR,4NCT,true,within_cutoff,72,64,3.337,D,232,233,232,,233,,4,4
AAR,PTR,5FM2,true,within_cutoff,21,48,9.597,A,876,878,876,,878,,1,1
AAR,PTR,5FM3,true,within_cutoff,21,48,9.187,A,876,878,876,,878,,1,1
GDF,SEP,6B67,true,within_cutoff,69,30,7.866,C,198,200,198,,200,,3,3
EDA,SEP,6B67,true,within_cutoff,66,30,4.225,A,37,39,37,,39,,1,3
EDA,PTR,6B67,true,within_cutoff,66,48,8.379,B,37,39,37,,39,,2,3
CH,SEP,6B8J,true,within_cutoff,16,10,8.187,A,178,179,178,,179,,1,1
IKP,PTR,6B8J,true,within_cutoff,24,16,9.497,A,182,184,182,,184,,1,1
NH,SEP,7A4R,true,within_cutoff,36,20,2.965,B,232,233,232,,233,,2,2
NH,PTR,7A4R,true,within_cutoff,36,32,8.731,A,232,233,232,,233,,1,2
NH,SEP,7A52,true,within_cutoff,36,20,3.083,A,232,233,232,,233,,1,2
NH,PTR,7A52,true,within_cutoff,36,32,9.354,A,232,233,232,,233,,1,2
NH,SEP,7A53,true,within_cutoff,36,20,2.922,B,232,233,232,,233,,2,2
NH,SEP,7A5N,true,within_cutoff,36,20,2.886,B,232,233,232,,233,,2,2
NH,PTR,7A5N,true,within_cutoff,36,32,8.036,A,232,233,232,,233,,1,2
NH,SEP,7AJM,true,within_cutoff,36,20,3.030,A,232,233,232,,233,,1,2
NH,PTR,7AJM,true,within_cutoff,36,32,8.334,A,232,233,232,,233,,1,2
NH,SEP,7AJS,true,within_cutoff,36,20,3.103,A,232,233,232,,233,,1,2
NH,PTR,7AJS,true,within_cutoff,36,32,8.578,A,232,233,232,,233,,1,2
NH,SEP,7AJV,true,within_cutoff,36,20,2.941,A,232,233,232,,233,,1,2
NH,SEP,7AJY,true,within_cutoff,36,20,3.054,B,232,233,232,,233,,2,2
NH,SEP,7AK2,true,within_cutoff,36,20,3.134,B,232,233,232,,233,,2,2
NH,PTR,7AK2,true,within_cutoff,36,32,8.815,A,232,233,232,,233,,1,2
NH,SEP,7AKA,true,within_cutoff,36,20,3.167,A,232,233,232,,233,,1,2
NH,PTR,7AKA,true,within_cutoff,36,45,8.586,B,232,233,232,,233,,2,2
NH,SEP,7AKB,true,within_cutoff,36,20,3.133,B,232,233,232,,233,,2,2
NH,PTR,7AKB,true,within_cutoff,36,45,9.329,B,232,233,232,,233,,2,2
NH,SEP,7AKE,true,within_cutoff,36,20,2.806,B,232,233,232,,233,,2,2
NH,SEP,7AKF,true,within_cutoff,18,20,9.630,A,295,296,295,,296,,1,1
NH,SEP,7AKH,true,within_cutoff,18,20,9.948,A,295,296,295,,296,,1,1
AAR,PTR,7RUN,true,within_cutoff,42,96,9.409,A,876,878,876,,878,,1,2
CH,PTR,9HW6,true,within_cutoff,64,32,8.793,F,154,155,154,,155,,4,4
ELD,PTR,9HW6,true,within_cutoff,100,32,9.786,A,69,71,69,,71,,1,4
GER,PTR,9HW6,true,within_cutoff,168,32,8.726,B,93,95,93,,95,,2,7
IKP,SEP,9UW3,true,within_cutoff,24,20,9.279,A,103,105,103,,105,,1,1
CC,SEP,12FH,true,within_cutoff,24,20,7.795,A,457,458,457,,458,,1,2
AAR,TPO,12FH,true,within_cutoff,42,22,9.994,C,181,183,181,,183,,1,2
WI,SEP,1APM,true,within_cutoff,22,20,8.808,E,302,303,302,,303,,1,1
WI,SEP,1JBP,true,within_cutoff,22,20,8.397,E,302,303,302,,303,,1,1
WI,SEP,1Q8T,true,within_cutoff,22,20,8.145,A,302,303,302,,303,,1,1
WI,SEP,1Q8U,true,within_cutoff,22,20,8.430,A,302,303,302,,303,,1,1
WI,SEP,1SVE,true,within_cutoff,22,20,7.665,A,302,303,302,,303,,1,1
WI,SEP,1SVG,true,within_cutoff,22,20,8.150,A,302,303,302,,303,,1,1
LIR,TPO,1TH1,true,within_cutoff,54,22,6.808,A,513,515,513,,515,,1,2
WI,SEP,1VEB,true,within_cutoff,22,20,7.999,A,302,303,302,,303,,1,1
WI,SEP,1XH7,true,within_cutoff,22,30,8.334,A,302,303,302,,303,,1,1
NH,TPO,1XJD,true,within_cutoff,18,11,9.039,A,557,558,557,,558,,1,1
HED,SEP,22CR,true,within_cutoff,27,40,6.752,A,295,297,295,,297,,1,1
DGK,SEP,22CR,true,within_cutoff,21,40,8.105,A,290,292,290,,292,,1,1
HED,SEP,22GK,true,within_cutoff,27,40,5.035,A,295,297,295,,297,,1,1
DGK,SEP,22GK,true,within_cutoff,21,40,9.549,A,290,292,290,,292,,1,1
HED,TPO,22GL,true,within_cutoff,27,33,7.080,A,295,297,295,,297,,1,1
DGK,TPO,22GL,true,within_cutoff,17,33,9.961,A,290,292,290,,292,,1,1
HED,TPO,22GM,true,within_cutoff,27,22,6.151,A,295,297,295,,297,,1,1
DGK,TPO,22GM,true,within_cutoff,21,22,9.788,A,290,292,290,,292,,1,1
HED,TPO,22JX,true,within_cutoff,44,44,8.905,C,295,297,295,,297,,1,2
DGK,TPO,22JX,true,within_cutoff,42,44,9.314,D,290,292,290,,292,,2,2
HED,TPO,22JZ,true,within_cutoff,59,22,7.838,,,,,,,,,0
DGK,TPO,22JZ,true,within_cutoff,21,22,9.257,C,290,292,290,,292,,1,1
HED,TPO,25GN,true,within_cutoff,27,22,8.085,C,295,297,295,,297,,1,1
DGK,TPO,25GN,true,within_cutoff,21,22,9.079,C,290,292,290,,292,,1,1
HED,TPO,27EM,true,within_cutoff,27,22,8.507,B,295,297,295,,297,,1,1
DGK,TPO,27EM,true,within_cutoff,21,22,8.634,B,290,292,290,,292,,1,1
LNF,SEP,29II,true,within_cutoff,54,10,3.449,A,175,177,175,,177,,1,2
LNF,TPO,29II,true,within_cutoff,54,11,3.252,B,175,177,175,,177,,2,2
ARR,SEP,29II,true,within_cutoff,54,10,2.892,A,55,57,55,,57,,1,2
ARR,TPO,29II,true,within_cutoff,54,11,2.746,B,55,57,55,,57,,2,2
WI,SEP,2GNG,true,within_cutoff,22,20,8.750,A,302,303,302,,303,,1,1
WI,SEP,2GNH,true,within_cutoff,22,20,8.791,A,302,303,302,,303,,1,1
WI,SEP,2GNI,true,within_cutoff,22,20,8.703,A,302,303,302,,303,,1,1
CF,SEP,2I0E,true,within_cutoff,34,20,3.301,B,409,410,409,,410,,2,2
WI,TPO,2J90,true,within_cutoff,44,22,9.103,A,274,275,274,,275,,1,2
LEA,TPO,2J90,true,within_cutoff,44,22,6.089,B,196,198,196,,198,,2,2
QRR,SEP,2JFL,true,within_cutoff,28,10,3.120,A,185,187,185,,187,,1,1
QRR,TPO,2JFL,true,within_cutoff,28,11,2.698,A,185,187,185,,187,,1,1
NH,SEP,2LAX,true,within_cutoff,32,14,9.995,A,191,192,191,,192,,1,1
NH,TPO,2LAX,true,within_cutoff,32,17,2.914,A,191,192,191,,192,,1,1
EDA,TPO,2QCS,true,within_cutoff,22,11,8.476,B,106,108,106,,108,,1,1
INP,TPO,2QKW,true,within_cutoff,23,11,9.870,A,96,98,96,,98,,1,1
DEE,TPO,2QVS,true,within_cutoff,26,11,9.380,B,104,106,104,,106,,1,1
AAR,SEP,2VAG,true,within_cutoff,21,10,7.180,A,202,204,202,,204,,1,1
WI,SEP,2VO0,true,within_cutoff,22,20,5.090,A,302,303,302,,303,,1,1
VNP,SEP,2W3O,true,within_cutoff,44,34,6.378,B,69,71,69,,71,,2,2
VNP,TPO,2W3O,true,within_cutoff,44,22,3.987,B,69,71,69,,71,,2,2
LNF,TPO,36LN,true,within_cutoff,54,22,6.964,B,461,463,461,,463,,2,2
GEV,SEP,36LN,true,within_cutoff,36,20,1.335,A,323,325,323,,325,,1,2
NH,TPO,36LN,true,within_cutoff,72,22,5.999,A,252,253,252,,253,,2,4
DEE,TPO,36LN,true,within_cutoff,13,22,4.383,,,,,,,,,0
WI,SEP,3AGL,true,within_cutoff,44,30,8.331,A,302,303,302,,303,,1,2
WI,SEP,3AMA,true,within_cutoff,22,20,9.489,A,302,303,302,,303,,1,1
WI,SEP,3AMB,true,within_cutoff,22,20,9.250,A,302,303,302,,303,,1,1
AAA,SEP,3AMB,true,within_cutoff,20,20,9.941,A,3,5,3,,5,,1,2
WI,SEP,3E8C,true,within_cutoff,132,110,7.983,D,302,303,302,,303,,4,6
AAA,SEP,3E8C,true,within_cutoff,30,110,3.397,D,4,6,4,,6,,2,2
WI,SEP,3E8E,true,within_cutoff,132,100,7.562,P,302,303,302,,303,,6,6
AAA,SEP,3E8E,true,within_cutoff,20,100,4.087,I,4,6,4,,6,,2,2
VAF,TPO,3HGK,true,within_cutoff,92,44,7.152,E,159,161,159,,161,,1,4
DEE,TPO,3IDB,true,within_cutoff,14,11,8.954,B,121,123,121,,123,,1,1
DEE,TPO,3IDC,true,within_cutoff,18,11,9.591,B,121,123,121,,123,,1,1
VNP,SEP,3IW4,true,within_cutoff,66,30,4.692,C,659,661,659,,661,,3,3
CF,SEP,3IW4,true,within_cutoff,51,30,3.165,B,406,407,406,,407,,2,3
CF,SEP,3PFQ,true,within_cutoff,17,10,3.304,A,409,410,409,,410,,1,1
WK,TPO,3PPZ,true,within_cutoff,46,22,9.509,A,793,794,793,,794,,1,2
WI,SEP,3PVB,true,within_cutoff,22,30,6.772,A,302,303,302,,303,,1,1
EDA,TPO,3PVB,true,within_cutoff,18,11,9.677,B,106,108,106,,108,,1,1
DEE,TPO,3TNP,true,within_cutoff,16,22,9.670,,,,,,,,,0
MER,TPO,3UIM,true,within_cutoff,28,55,6.716,A,551,553,551,,553,,1,1
MER,TPO,3ULZ,true,within_cutoff,28,55,7.840,A,551,553,551,,553,,1,1
WI,SEP,3VQH,true,within_cutoff,22,20,8.655,A,302,303,302,,303,,1,1
AAA,SEP,3VQH,true,within_cutoff,15,20,9.739,A,4,6,4,,6,,1,1
WI,SEP,3ZO2,true,within_cutoff,22,30,8.906,A,302,303,302,,303,,1,1
WI,SEP,4C34,true,within_cutoff,22,30,7.665,A,302,303,302,,303,,1,1
WI,SEP,4C35,true,within_cutoff,22,30,8.956,A,302,303,302,,303,,1,1
GDR,TPO,4CRS,true,within_cutoff,23,22,6.414,A,811,813,811,,813,,1,1
EGM,TPO,4CRS,true,within_cutoff,21,22,5.989,A,806,808,806,,808,,1,1
EDA,TPO,4DIN,true,within_cutoff,22,11,8.751,B,106,108,106,,108,,1,1
GER,SEP,4IMI,true,within_cutoff,48,10,7.477,D,40,42,40,,42,,2,2
GER,TPO,4IMI,true,within_cutoff,48,11,7.450,D,40,42,40,,42,,2,2
EDA,SEP,4IMI,true,within_cutoff,44,10,6.272,D,147,149,147,,149,,2,2
QRR,SEP,4JDJ,true,within_cutoff,31,10,2.869,A,358,360,358,,360,,1,1
QRR,SEP,4JDK,true,within_cutoff,31,10,2.961,A,358,360,358,,360,,1,1
HED,SEP,4JQI,true,within_cutoff,27,50,9.353,A,295,297,295,,297,,1,1
HED,TPO,4JQI,true,within_cutoff,27,33,8.487,A,295,297,295,,297,,1,1
LGP,SEP,4JQI,true,within_cutoff,19,50,1.329,V,351,353,351,,353,,1,1
LGP,TPO,4JQI,true,within_cutoff,19,33,9.805,V,351,353,351,,353,,1,1
DGK,TPO,4JQI,true,within_cutoff,21,33,9.251,A,290,292,290,,292,,1,1
LIR,SEP,4M69,true,within_cutoff,27,20,1.305,A,233,235,233,,235,,1,1
LIR,TPO,4M69,true,within_cutoff,27,11,2.655,A,233,235,233,,235,,1,1
GDR,SEP,4OH4,true,within_cutoff,42,60,3.078,,,,,,,,,0
CF,SEP,4OTD,true,within_cutoff,34,10,9.223,A,698,699,698,,699,,2,2
GDR,TPO,4OTD,true,within_cutoff,23,11,6.686,A,775,777,775,,777,,1,1
EGM,TPO,4OTD,true,within_cutoff,21,11,6.703,A,770,772,770,,772,,1,1
CF,SEP,4OTG,true,within_cutoff,34,10,9.135,A,698,699,698,,699,,2,2
GDR,TPO,4OTG,true,within_cutoff,23,11,6.657,A,775,777,775,,777,,1,1
EGM,TPO,4OTG,true,within_cutoff,21,11,6.782,A,770,772,770,,772,,1,1
CF,SEP,4OTH,true,within_cutoff,34,10,9.386,A,698,699,698,,699,,2,2
CF,SEP,4OTI,true,within_cutoff,34,10,9.499,A,698,699,698,,699,,2,2
GDR,SEP,4Q5J,true,within_cutoff,38,60,3.435,,,,,,,,,0
VAD,SEP,4R10,true,within_cutoff,20,10,7.953,A,225,227,225,,227,,1,1
VAD,SEP,4R11,true,within_cutoff,60,50,6.232,E,225,227,225,,227,,3,3
VAD,TPO,4R11,true,within_cutoff,60,11,6.528,E,225,227,225,,227,,3,3
VNP,SEP,4RA4,true,within_cutoff,22,10,4.702,A,659,661,659,,661,,1,1
CF,SEP,4RA4,true,within_cutoff,17,10,3.105,A,406,407,406,,407,,1,1
NH,SEP,4RGW,true,within_cutoff,18,10,6.112,B,133,134,133,,134,,1,1
NH,TPO,4RGW,true,within_cutoff,18,11,3.813,B,133,134,133,,134,,1,1
WI,SEP,4UJB,true,within_cutoff,22,20,9.643,A,302,303,302,,303,,1,1
AAA,SEP,4UJB,true,within_cutoff,15,20,9.947,A,4,6,4,,6,,1,1
WI,SEP,4WB6,true,within_cutoff,44,30,6.860,B,302,303,302,,303,,2,2
DEE,TPO,4WBB,true,within_cutoff,8,11,9.471,,,,,,,,,0
WI,SEP,4WIH,true,within_cutoff,22,20,8.544,A,303,304,303,,304,,1,1
NH,SEP,4WIH,true,within_cutoff,36,20,9.934,A,294,295,294,,295,,2,2
AAA,SEP,4WIH,true,within_cutoff,20,20,2.984,A,5,7,5,,7,,2,2
DEE,TPO,4X6Q,true,within_cutoff,8,11,9.477,,,,,,,,,0
EDA,TPO,4X6R,true,within_cutoff,22,11,8.798,B,106,108,106,,108,,1,1
WI,SEP,5BX6,true,within_cutoff,22,20,9.129,A,302,303,302,,303,,1,1
WI,SEP,5BX7,true,within_cutoff,22,20,9.287,A,302,303,302,,303,,1,1
AAA,SEP,5BX7,true,within_cutoff,10,20,9.770,,,,,,,,,0
WI,TPO,5E2V,true,within_cutoff,22,11,7.908,H,37,38,37,,38,,1,1
FGG,TPO,5E2V,true,within_cutoff,19,11,9.246,L,103,105,103,,105,,1,1
WI,TPO,5E2W,true,within_cutoff,22,11,8.013,H,37,38,37,,38,,1,1
FGG,TPO,5E2W,true,within_cutoff,19,11,9.177,L,103,105,103,,105,,1,1
DEE,SEP,5E50,true,within_cutoff,41,20,3.505,C,234,236,234,,236,,1,2
DEE,TPO,5E50,true,within_cutoff,41,22,1.326,D,234,236,234,,236,,2,2
LNF,SEP,5EWZ,true,within_cutoff,54,10,3.455,B,172,174,172,,174,,2,2
LNF,TPO,5EWZ,true,within_cutoff,54,11,3.325,A,172,174,172,,174,,1,2
ARR,SEP,5EWZ,true,within_cutoff,54,10,2.885,B,54,56,54,,56,,2,2
ARR,TPO,5EWZ,true,within_cutoff,54,11,3.034,A,54,56,54,,56,,1,2
NH,SEP,5FUR,true,within_cutoff,72,10,6.112,H,133,134,133,,134,,1,4
NH,TPO,5FUR,true,within_cutoff,72,11,3.813,H,133,134,133,,134,,1,4
LIR,SEP,5HVK,true,within_cutoff,54,10,9.337,A,370,372,370,,372,,1,2
CF,SEP,5HVK,true,within_cutoff,34,10,3.672,A,349,350,349,,350,,1,2
VAD,SEP,5HVK,true,within_cutoff,40,10,3.998,A,476,478,476,,478,,1,2
DEE,SEP,5HVK,true,within_cutoff,52,10,6.895,A,374,376,374,,376,,1,2
DEE,TPO,5HVK,true,within_cutoff,52,22,8.349,A,374,376,374,,376,,1,2
EDA,TPO,5JR7,true,within_cutoff,41,22,8.795,D,106,108,106,,108,,2,2
DEE,TPO,5KX7,true,within_cutoff,52,44,9.503,A,405,407,405,,407,,1,2
WI,SEP,5LCP,true,within_cutoff,43,28,7.580,A,302,303,302,,303,,1,1
NH,SEP,5LCP,true,within_cutoff,62,28,9.095,A,293,294,293,,294,,2,2
AAA,SEP,5LCP,true,within_cutoff,40,28,2.136,A,4,6,4,,6,,2,2
WI,SEP,5LCQ,true,within_cutoff,43,28,7.426,A,302,303,302,,303,,1,1
NH,SEP,5LCQ,true,within_cutoff,62,28,9.229,A,293,294,293,,294,,2,2
AAA,SEP,5LCQ,true,within_cutoff,40,28,2.073,A,4,6,4,,6,,2,2
WI,SEP,5LCR,true,within_cutoff,43,28,7.653,A,302,303,302,,303,,1,1
NH,SEP,5LCR,true,within_cutoff,62,28,8.979,A,293,294,293,,294,,2,2
AAA,SEP,5LCR,true,within_cutoff,40,28,2.147,A,4,6,4,,6,,2,2
WI,SEP,5LCT,true,within_cutoff,43,28,7.807,A,302,303,302,,303,,1,1
NH,SEP,5LCT,true,within_cutoff,62,28,9.222,A,293,294,293,,294,,2,2
AAA,SEP,5LCT,true,within_cutoff,40,28,2.191,A,4,6,4,,6,,2,2
WI,SEP,5LCU,true,within_cutoff,43,28,7.549,A,302,303,302,,303,,1,1
NH,SEP,5LCU,true,within_cutoff,62,28,9.041,A,293,294,293,,294,,2,2
AAA,SEP,5LCU,true,within_cutoff,40,28,2.142,A,4,6,4,,6,,2,2
GLQ,TPO,5LI1,true,within_cutoff,21,22,9.449,A,250,252,250,,252,,1,1
GDR,SEP,5LPB,true,within_cutoff,23,30,4.474,A,920,922,920,,922,,1,1
GDR,SEP,5LPV,true,within_cutoff,17,20,5.540,A,920,922,920,,922,,1,1
GDR,SEP,5LPW,true,within_cutoff,23,30,4.934,A,920,922,920,,922,,1,1
GDR,SEP,5LPY,true,within_cutoff,23,30,5.236,A,920,922,920,,922,,1,1
GDR,SEP,5LPZ,true,within_cutoff,23,20,5.623,A,920,922,920,,922,,1,1
WI,SEP,5M0B,true,within_cutoff,43,28,7.467,A,302,303,302,,303,,1,1
NH,SEP,5M0B,true,within_cutoff,62,28,9.117,A,293,294,293,,294,,2,2
AAA,SEP,5M0B,true,within_cutoff,40,28,2.103,A,4,6,4,,6,,2,2
WI,SEP,5M0U,true,within_cutoff,43,28,7.452,A,302,303,302,,303,,1,1
NH,SEP,5M0U,true,within_cutoff,62,28,9.254,A,293,294,293,,294,,2,2
AAA,SEP,5M0U,true,within_cutoff,40,28,2.094,A,4,6,4,,6,,2,2
WI,SEP,5M6V,true,within_cutoff,43,28,7.695,A,302,303,302,,303,,1,1
NH,SEP,5M6V,true,within_cutoff,62,28,9.052,A,293,294,293,,294,,2,2
AAA,SEP,5M6V,true,within_cutoff,40,28,2.163,A,4,6,4,,6,,2,2
WI,SEP,5M6Y,true,within_cutoff,43,28,7.745,A,302,303,302,,303,,1,1
NH,SEP,5M6Y,true,within_cutoff,62,28,9.121,A,293,294,293,,294,,2,2
AAA,SEP,5M6Y,true,within_cutoff,40,28,2.172,A,4,6,4,,6,,2,2
WI,SEP,5M71,true,within_cutoff,43,28,7.589,A,302,303,302,,303,,1,1
NH,SEP,5M71,true,within_cutoff,62,28,9.154,A,293,294,293,,294,,2,2
AAA,SEP,5M71,true,within_cutoff,40,28,2.126,A,4,6,4,,6,,2,2
WI,SEP,5M75,true,within_cutoff,43,27,7.554,A,302,303,302,,303,,1,1
NH,SEP,5M75,true,within_cutoff,62,27,9.008,A,293,294,293,,294,,2,2
AAA,SEP,5M75,true,within_cutoff,40,27,2.162,A,4,6,4,,6,,2,2
WI,SEP,5MHI,true,within_cutoff,43,26,7.466,A,302,303,302,,303,,1,1
NH,SEP,5MHI,true,within_cutoff,62,26,9.161,A,293,294,293,,294,,2,2
AAA,SEP,5MHI,true,within_cutoff,40,26,2.923,A,4,6,4,,6,,2,2
WI,SEP,5N1D,true,within_cutoff,43,28,7.650,A,302,303,302,,303,,1,1
NH,SEP,5N1D,true,within_cutoff,62,28,9.040,A,293,294,293,,294,,2,2
AAA,SEP,5N1D,true,within_cutoff,40,28,2.225,A,4,6,4,,6,,2,2
WI,SEP,5N1E,true,within_cutoff,43,28,7.205,A,302,303,302,,303,,1,1
NH,SEP,5N1E,true,within_cutoff,62,28,9.335,A,293,294,293,,294,,2,2
AAA,SEP,5N1E,true,within_cutoff,40,28,2.173,A,4,6,4,,6,,2,2
WI,SEP,5N1K,true,within_cutoff,22,20,8.376,A,302,303,302,,303,,1,1
AAA,SEP,5N1K,true,within_cutoff,5,20,3.754,,,,,,,,,0
WI,SEP,5N1L,true,within_cutoff,43,42,7.568,A,302,303,302,,303,,1,1
NH,SEP,5N1L,true,within_cutoff,62,42,9.408,A,293,294,293,,294,,2,2
AAA,SEP,5N1L,true,within_cutoff,40,42,2.240,A,4,6,4,,6,,2,2
WI,SEP,5N1M,true,within_cutoff,43,42,7.192,A,302,303,302,,303,,1,1
NH,SEP,5N1M,true,within_cutoff,62,42,9.249,A,293,294,293,,294,,2,2
AAA,SEP,5N1M,true,within_cutoff,40,42,2.134,A,4,6,4,,6,,2,2
WI,SEP,5N1N,true,within_cutoff,43,42,7.227,A,302,303,302,,303,,1,1
NH,SEP,5N1N,true,within_cutoff,62,42,9.121,A,293,294,293,,294,,2,2
AAA,SEP,5N1N,true,within_cutoff,40,42,2.132,A,4,6,4,,6,,2,2
WI,SEP,5N1O,true,within_cutoff,37,42,8.475,A,302,303,302,,303,,1,1
NH,SEP,5N1O,true,within_cutoff,62,42,9.818,A,293,294,293,,294,,2,2
WI,SEP,5N23,true,within_cutoff,22,30,7.920,A,302,303,302,,303,,1,1
WI,SEP,5N32,true,within_cutoff,43,28,7.194,A,302,303,302,,303,,1,1
NH,SEP,5N32,true,within_cutoff,62,28,9.509,A,293,294,293,,294,,2,2
AAA,SEP,5N32,true,within_cutoff,39,28,2.162,A,4,6,4,,6,,2,2
WI,SEP,5N33,true,within_cutoff,43,42,7.252,A,302,303,302,,303,,1,1
NH,SEP,5N33,true,within_cutoff,62,42,9.308,A,293,294,293,,294,,2,2
AAA,SEP,5N33,true,within_cutoff,40,42,2.138,A,4,6,4,,6,,2,2
WI,SEP,5N36,true,within_cutoff,22,30,8.168,A,302,303,302,,303,,1,1
NH,SEP,5N36,true,within_cutoff,36,30,9.956,A,293,294,293,,294,,2,2
AAA,SEP,5N36,true,within_cutoff,20,30,3.032,A,4,6,4,,6,,2,2
WI,SEP,5N37,true,within_cutoff,43,42,7.066,A,302,303,302,,303,,1,1
NH,SEP,5N37,true,within_cutoff,62,42,9.587,A,293,294,293,,294,,2,2
AAA,SEP,5N37,true,within_cutoff,29,42,2.202,A,4,6,4,,6,,1,1
WI,SEP,5N39,true,within_cutoff,43,42,7.069,A,302,303,302,,303,,1,1
NH,SEP,5N39,true,within_cutoff,62,42,9.184,A,293,294,293,,294,,2,2
AAA,SEP,5N39,true,within_cutoff,40,42,2.148,A,4,6,4,,6,,2,2
WI,SEP,5N3A,true,within_cutoff,22,30,7.954,A,302,303,302,,303,,1,1
NH,SEP,5N3A,true,within_cutoff,36,30,9.951,A,293,294,293,,294,,2,2
AAA,SEP,5N3A,true,within_cutoff,20,30,3.009,A,4,6,4,,6,,2,2
WI,SEP,5N3B,true,within_cutoff,43,42,7.090,A,302,303,302,,303,,1,1
NH,SEP,5N3B,true,within_cutoff,62,42,9.557,A,293,294,293,,294,,2,2
AAA,SEP,5N3B,true,within_cutoff,29,42,2.308,A,4,6,4,,6,,1,1
WI,SEP,5N3C,true,within_cutoff,43,56,7.051,A,302,303,302,,303,,1,1
NH,SEP,5N3C,true,within_cutoff,62,56,9.153,A,293,294,293,,294,,2,2
AAA,SEP,5N3C,true,within_cutoff,40,56,2.172,A,4,6,4,,6,,2,2
WI,SEP,5N3D,true,within_cutoff,43,42,7.174,A,302,303,302,,303,,1,1
NH,SEP,5N3D,true,within_cutoff,62,42,9.186,A,293,294,293,,294,,2,2
AAA,SEP,5N3D,true,within_cutoff,39,42,2.126,A,4,6,4,,6,,2,2
WI,SEP,5N3E,true,within_cutoff,43,42,7.391,A,302,303,302,,303,,1,1
NH,SEP,5N3E,true,within_cutoff,62,42,9.293,A,293,294,293,,294,,2,2
AAA,SEP,5N3E,true,within_cutoff,40,42,2.169,A,4,6,4,,6,,2,2
WI,SEP,5N3F,true,within_cutoff,22,20,8.549,A,302,303,302,,303,,1,1
WI,SEP,5N7P,true,within_cutoff,43,28,7.357,A,302,303,302,,303,,1,1
NH,SEP,5N7P,true,within_cutoff,62,28,9.333,A,293,294,293,,294,,2,2
AAA,SEP,5N7P,true,within_cutoff,40,28,2.195,A,4,6,4,,6,,2,2
WI,SEP,5N7U,true,within_cutoff,43,28,7.496,A,302,303,302,,303,,1,1
NH,SEP,5N7U,true,within_cutoff,62,28,9.199,A,293,294,293,,294,,2,2
AAA,SEP,5N7U,true,within_cutoff,40,28,2.174,A,4,6,4,,6,,2,2
WI,SEP,5NTJ,true,within_cutoff,43,30,7.737,A,302,303,302,,303,,1,1
NH,SEP,5NTJ,true,within_cutoff,62,30,9.391,A,293,294,293,,294,,2,2
AAA,SEP,5NTJ,true,within_cutoff,40,30,2.961,A,4,6,4,,6,,2,2
WI,SEP,5O0E,true,within_cutoff,43,56,7.606,A,302,303,302,,303,,1,1
NH,SEP,5O0E,true,within_cutoff,62,56,9.087,A,293,294,293,,294,,2,2
AAA,SEP,5O0E,true,within_cutoff,40,56,2.126,A,4,6,4,,6,,2,2
WI,SEP,5O5M,true,within_cutoff,43,41,7.150,A,302,303,302,,303,,1,1
WI,SEP,5OK3,true,within_cutoff,37,42,8.737,A,302,303,302,,303,,1,1
NH,SEP,5OK3,true,within_cutoff,62,42,9.111,A,293,294,293,,294,,2,2
AAA,SEP,5OK3,true,within_cutoff,40,42,2.127,A,4,6,4,,6,,2,2
WI,SEP,5OL3,true,within_cutoff,43,42,8.213,A,302,303,302,,303,,1,1
WI,SEP,5OTG,true,within_cutoff,21,30,8.983,A,302,303,302,,303,,1,1
NH,SEP,5OTG,true,within_cutoff,36,30,9.960,A,293,294,293,,294,,2,2
AAA,SEP,5OTG,true,within_cutoff,20,30,3.033,A,4,6,4,,6,,2,2
WI,SEP,5OUA,true,within_cutoff,43,56,6.721,A,302,303,302,,303,,1,1
NH,SEP,5OUA,true,within_cutoff,62,56,9.372,A,293,294,293,,294,,2,2
AAA,SEP,5OUA,true,within_cutoff,40,56,2.099,A,4,6,4,,6,,2,2
WI,SEP,5OUC,true,within_cutoff,37,42,8.845,A,302,303,302,,303,,1,1
NH,SEP,5OUC,true,within_cutoff,62,42,9.047,A,293,294,293,,294,,2,2
AAA,SEP,5OUC,true,within_cutoff,40,42,2.159,A,4,6,4,,6,,2,2
WI,SEP,5OUS,true,within_cutoff,21,30,8.724,A,302,303,302,,303,,1,1
AAA,SEP,5OUS,true,within_cutoff,20,30,2.836,A,4,6,4,,6,,2,2
GDD,TPO,5VKO,true,within_cutoff,31,11,8.404,A,1287,1289,1287,,1289,,1,1
VNP,SEP,5VKO,true,within_cutoff,44,10,9.802,A,1374,1376,1374,,1376,,1,1
WK,TPO,5VKO,true,within_cutoff,36,11,9.546,A,1295,1296,1295,,1296,,1,1
HED,SEP,5W0P,true,within_cutoff,108,40,8.240,D,2302,2304,2302,,2304,,4,4
GDD,TPO,5W0P,true,within_cutoff,72,22,8.282,,,,,,,,,0
LIR,SEP,5W0P,true,within_cutoff,108,40,4.972,D,2174,2176,2174,,2176,,4,4
LIR,TPO,5W0P,true,within_cutoff,108,22,6.262,B,2174,2176,2174,,2176,,2,4
DGK,SEP,5W0P,true,within_cutoff,84,40,9.133,A,2297,2299,2297,,2299,,1,4
IKP,SEP,5W7X,true,within_cutoff,96,50,7.178,B,54,56,54,,56,,3,4
LNF,SEP,6BD2,true,within_cutoff,106,13,2.443,B,172,174,172,,174,,2,2
LNF,TPO,6BD2,true,within_cutoff,106,16,2.454,A,172,174,172,,174,,1,2
CF,SEP,6BUU,true,within_cutoff,34,40,6.886,B,224,225,224,,225,,2,2
EDA,TPO,6BYR,true,within_cutoff,44,22,9.758,B,106,108,106,,108,,1,2
EDA,TPO,6BYS,true,within_cutoff,88,44,8.454,D,106,108,106,,108,,2,4
AAA,TPO,6E1K,true,within_cutoff,30,44,7.440,B,34,36,34,,36,,2,2
AAA,TPO,6E1M,true,within_cutoff,30,44,7.265,B,34,36,34,,36,,2,2
AAA,TPO,6E1N,true,within_cutoff,30,44,7.064,A,34,36,34,,36,,1,2
AAA,TPO,6E1P,true,within_cutoff,30,44,5.822,A,34,36,34,,36,,1,2
WI,SEP,6EH2,true,within_cutoff,43,28,7.637,A,302,303,302,,303,,1,1
NH,SEP,6EH2,true,within_cutoff,62,28,9.210,A,293,294,293,,294,,2,2
AAA,SEP,6EH2,true,within_cutoff,40,28,2.147,A,4,6,4,,6,,2,2
WI,SEP,6EH3,true,within_cutoff,43,42,7.471,A,302,303,302,,303,,1,1
NH,SEP,6EH3,true,within_cutoff,62,42,9.116,A,293,294,293,,294,,2,2
AAA,SEP,6EH3,true,within_cutoff,40,42,2.213,A,4,6,4,,6,,2,2
WI,SEP,6ERU,true,within_cutoff,22,30,8.449,A,302,303,302,,303,,1,1
AAA,SEP,6ERU,true,within_cutoff,20,30,2.967,A,4,6,4,,6,,2,2
WI,SEP,6ERV,true,within_cutoff,22,30,8.422,A,302,303,302,,303,,1,1
AAA,SEP,6ERV,true,within_cutoff,20,30,2.909,A,4,6,4,,6,,2,2
WI,SEP,6ERW,true,within_cutoff,22,30,8.527,A,302,303,302,,303,,1,1
NH,SEP,6ERW,true,within_cutoff,36,30,9.998,A,293,294,293,,294,,2,2
AAA,SEP,6ERW,true,within_cutoff,20,30,3.085,A,4,6,4,,6,,2,2
WI,SEP,6ESA,true,within_cutoff,62,42,7.994,A,302,303,302,,303,,1,1
AAR,SEP,6G33,true,within_cutoff,71,10,8.155,A,202,204,202,,204,,1,3
MER,TPO,6G33,true,within_cutoff,84,11,9.791,A,391,393,391,,393,,1,3
NH,SEP,6GMH,true,within_cutoff,44,10,6.841,M,1428,1429,1428,,1429,,3,3
NH,TPO,6GMH,true,within_cutoff,44,11,9.352,M,1365,1366,1365,,1366,,2,3
ARR,TPO,6GR8,true,within_cutoff,20,22,9.326,A,113,115,113,,115,,1,1
ARR,TPO,6GR9,true,within_cutoff,27,22,9.321,A,113,115,113,,115,,1,1
WI,SEP,6H06,true,within_cutoff,88,40,7.070,A,47,48,47,,48,,2,4
LNF,TPO,6HXF,true,within_cutoff,108,77,7.286,A,145,147,145,,147,,2,4
LEA,TPO,6HXF,true,within_cutoff,88,77,7.853,A,142,144,142,,144,,2,4
WI,SEP,6I2A,true,within_cutoff,37,41,8.843,A,302,303,302,,303,,1,1
NH,SEP,6I2A,true,within_cutoff,62,41,9.151,A,293,294,293,,294,,2,2
AAA,SEP,6I2A,true,within_cutoff,40,41,2.217,A,4,6,4,,6,,2,2
WI,SEP,6I2B,true,within_cutoff,37,42,7.777,A,302,303,302,,303,,1,1
AAA,SEP,6I2B,true,within_cutoff,29,42,2.193,A,4,6,4,,6,,1,1
WI,SEP,6I2D,true,within_cutoff,37,42,8.044,A,302,303,302,,303,,1,1
WI,SEP,6I2H,true,within_cutoff,37,56,8.726,A,302,303,302,,303,,1,1
NH,SEP,6I2H,true,within_cutoff,62,56,9.188,A,293,294,293,,294,,2,2
AAA,SEP,6I2H,true,within_cutoff,40,56,2.125,A,4,6,4,,6,,2,2
HED,TPO,6K3F,true,within_cutoff,162,132,6.118,C,297,299,297,,299,,3,6
LEA,TPO,6K3F,true,within_cutoff,132,132,2.627,F,201,203,201,,203,,6,6
VEP,SEP,6KOW,true,within_cutoff,45,14,6.233,A,17,19,17,,19,,1,1
VEP,TPO,6KOW,true,within_cutoff,45,17,7.183,A,17,19,17,,19,,1,1
VEP,SEP,6KOX,true,within_cutoff,45,14,8.002,A,17,19,17,,19,,1,1
VEP,TPO,6KOX,true,within_cutoff,45,17,9.835,A,17,19,17,,19,,1,1
ARR,SEP,6NFZ,true,within_cutoff,115,27,2.157,A,167,169,167,,169,,1,2
ARR,TPO,6NFZ,true,within_cutoff,115,16,2.679,A,167,169,167,,169,,1,2
HED,SEP,6NI2,true,within_cutoff,27,40,9.642,B,295,297,295,,297,,1,1
HED,TPO,6NI2,true,within_cutoff,27,22,8.386,B,295,297,295,,297,,1,1
DGK,TPO,6NI2,true,within_cutoff,21,22,8.469,B,290,292,290,,292,,1,1
EDA,TPO,6NO7,true,within_cutoff,88,44,8.431,D,106,108,106,,108,,2,4
CF,SEP,6NPZ,true,within_cutoff,34,40,6.988,B,224,225,224,,225,,2,2
DEE,TPO,6O94,true,within_cutoff,104,88,7.028,D,405,407,405,,407,,4,4
DEE,TPO,6O9D,true,within_cutoff,104,88,8.191,B,405,407,405,,407,,2,4
DGK,TPO,6QAS,true,within_cutoff,42,22,9.060,A,199,201,199,,201,,1,2
ELD,SEP,6QH6,true,within_cutoff,25,10,6.136,S,100,102,100,,102,,1,1
WK,TPO,6TED,true,within_cutoff,115,22,9.641,M,1371,1372,1371,,1372,,3,5
NH,SEP,6TED,true,within_cutoff,108,10,9.503,M,1428,1429,1428,,1429,,3,7
NH,TPO,6TED,true,within_cutoff,108,22,8.176,M,1365,1366,1365,,1366,,2,7
HED,SEP,6TKO,true,within_cutoff,27,40,9.182,B,295,297,295,,297,,1,1
HED,TPO,6TKO,true,within_cutoff,27,22,2.448,B,295,297,295,,297,,1,1
DGK,TPO,6TKO,true,within_cutoff,21,22,8.550,B,290,292,290,,292,,1,1
AAR,SEP,6TW2,true,within_cutoff,32,10,7.005,E,202,204,202,,204,,1,1
HED,SEP,6U1N,true,within_cutoff,23,40,9.653,C,295,297,295,,297,,1,1
HED,TPO,6U1N,true,within_cutoff,23,22,9.706,C,295,297,295,,297,,1,1
DGK,TPO,6U1N,true,within_cutoff,21,22,9.230,C,290,292,290,,292,,1,1
NH,SEP,6W9E,true,within_cutoff,18,10,5.359,A,311,312,311,,312,,1,1
GER,TPO,6W9E,true,within_cutoff,24,11,4.836,A,202,204,202,,204,,1,1
WI,SEP,6Y0B,true,within_cutoff,22,20,8.570,A,302,303,302,,303,,1,1
NH,SEP,6Y0B,true,within_cutoff,36,20,9.641,A,293,294,293,,294,,2,2
AAA,SEP,6Y0B,true,within_cutoff,20,20,3.117,A,4,6,4,,6,,2,2
WI,SEP,6Y2O,true,within_cutoff,21,20,8.572,A,302,303,302,,303,,1,1
NH,SEP,6Y2O,true,within_cutoff,36,20,9.944,A,293,294,293,,294,,2,2
AAA,SEP,6Y2O,true,within_cutoff,20,20,3.157,A,4,6,4,,6,,2,2
WI,SEP,6Y2U,true,within_cutoff,22,20,9.429,A,302,303,302,,303,,1,1
AAA,SEP,6Y2U,true,within_cutoff,20,20,2.926,A,4,6,4,,6,,2,2
WI,SEP,6YNA,true,within_cutoff,22,30,8.698,A,302,303,302,,303,,1,1
NH,SEP,6YNA,true,within_cutoff,36,30,9.943,A,293,294,293,,294,,2,2
AAA,SEP,6YNA,true,within_cutoff,20,30,2.996,A,4,6,4,,6,,2,2
WI,SEP,6YNB,true,within_cutoff,43,42,7.492,A,302,303,302,,303,,1,1
NH,SEP,6YNB,true,within_cutoff,62,42,9.126,A,293,294,293,,294,,2,2
AAA,SEP,6YNB,true,within_cutoff,40,42,2.109,A,4,6,4,,6,,2,2
WI,SEP,6YNC,true,within_cutoff,39,34,8.028,A,302,303,302,,303,,1,1
NH,SEP,6YNC,true,within_cutoff,62,34,9.192,A,293,294,293,,294,,2,2
AAA,SEP,6YNC,true,within_cutoff,40,34,3.008,A,4,6,4,,6,,2,2
WI,SEP,6YNR,true,within_cutoff,22,20,8.496,A,302,303,302,,303,,1,1
WI,SEP,6YNT,true,within_cutoff,37,30,8.940,A,302,303,302,,303,,1,1
AAA,SEP,6YNT,true,within_cutoff,19,30,9.965,,,,,,,,,0
LNF,SEP,6YOS,true,within_cutoff,54,10,3.206,A,172,174,172,,174,,1,2
LNF,TPO,6YOS,true,within_cutoff,54,11,3.427,B,172,174,172,,174,,2,2
VPA,TPO,6YOS,true,within_cutoff,19,11,1.348,C,521,523,521,,523,,1,1
ARR,SEP,6YOS,true,within_cutoff,54,10,2.856,A,54,56,54,,56,,1,2
ARR,TPO,6YOS,true,within_cutoff,54,11,2.765,B,54,56,54,,56,,2,2
WI,SEP,6YOT,true,within_cutoff,22,20,7.829,A,302,303,302,,303,,1,1
NH,SEP,6YOT,true,within_cutoff,36,20,9.686,A,293,294,293,,294,,2,2
AAA,SEP,6YOT,true,within_cutoff,20,20,3.042,A,4,6,4,,6,,2,2
WI,SEP,6YQI,true,within_cutoff,43,41,7.740,A,302,303,302,,303,,1,1
NH,SEP,6YQI,true,within_cutoff,62,41,9.158,A,293,294,293,,294,,2,2
AAA,SEP,6YQI,true,within_cutoff,40,41,2.184,A,4,6,4,,6,,2,2
WI,SEP,6YQJ,true,within_cutoff,43,42,7.507,A,302,303,302,,303,,1,1
NH,SEP,6YQJ,true,within_cutoff,62,42,9.260,A,293,294,293,,294,,2,2
AAA,SEP,6YQJ,true,within_cutoff,40,42,2.192,A,4,6,4,,6,,2,2
WI,SEP,6YQK,true,within_cutoff,43,34,7.555,A,302,303,302,,303,,1,1
NH,SEP,6YQK,true,within_cutoff,62,34,8.888,A,293,294,293,,294,,2,2
AAA,SEP,6YQK,true,within_cutoff,40,34,2.187,A,4,6,4,,6,,2,2
LNF,SEP,7AEW,true,within_cutoff,53,14,2.578,AAA,174,176,174,,176,,1,1
LNF,TPO,7AEW,true,within_cutoff,53,17,2.565,AAA,174,176,174,,176,,1,1
WI,SEP,7AXT,true,within_cutoff,43,14,7.624,A,302,303,302,,303,,1,1
NH,SEP,7AXT,true,within_cutoff,62,14,9.083,A,293,294,293,,294,,2,2
AAA,SEP,7AXT,true,within_cutoff,40,14,2.115,A,4,6,4,,6,,2,2
WI,SEP,7AXV,true,within_cutoff,22,20,9.811,A,302,303,302,,303,,1,1
AAA,SEP,7AXV,true,within_cutoff,20,20,3.017,A,4,6,4,,6,,2,2
WI,SEP,7AXW,true,within_cutoff,50,24,8.046,A,302,303,302,,303,,1,1
NH,SEP,7AXW,true,within_cutoff,62,24,8.858,A,293,294,293,,294,,2,2
AAA,SEP,7AXW,true,within_cutoff,40,24,2.258,A,4,6,4,,6,,2,2
WI,SEP,7BB0,true,within_cutoff,21,20,8.396,A,302,303,302,,303,,1,1
NH,SEP,7BB0,true,within_cutoff,36,20,9.903,A,293,294,293,,294,,2,2
AAA,SEP,7BB0,true,within_cutoff,20,20,2.993,A,4,6,4,,6,,2,2
HED,SEP,7DF9,true,within_cutoff,27,50,8.905,A,295,297,295,,297,,1,1
HED,TPO,7DF9,true,within_cutoff,27,22,8.884,A,295,297,295,,297,,1,1
LGP,SEP,7DF9,true,within_cutoff,16,50,1.330,V,351,353,351,,353,,1,1
LGP,TPO,7DF9,true,within_cutoff,16,22,8.222,V,351,353,351,,353,,1,1
DGK,TPO,7DF9,true,within_cutoff,21,22,9.665,A,290,292,290,,292,,1,1
HED,SEP,7DFA,true,within_cutoff,27,50,8.481,A,295,297,295,,297,,1,1
HED,TPO,7DFA,true,within_cutoff,27,22,7.819,A,295,297,295,,297,,1,1
LGP,SEP,7DFA,true,within_cutoff,19,50,1.323,V,7,9,7,,9,,1,1
LGP,TPO,7DFA,true,within_cutoff,19,22,8.309,V,7,9,7,,9,,1,1
DGK,TPO,7DFA,true,within_cutoff,21,22,9.529,A,290,292,290,,292,,1,1
HED,SEP,7DFB,true,within_cutoff,27,30,9.406,A,295,297,295,,297,,1,1
HED,TPO,7DFB,true,within_cutoff,27,33,8.128,A,295,297,295,,297,,1,1
LGP,SEP,7DFB,true,within_cutoff,16,30,1.335,V,351,353,351,,353,,1,1
LGP,TPO,7DFB,true,within_cutoff,16,33,7.445,V,351,353,351,,353,,1,1
DGK,TPO,7DFB,true,within_cutoff,21,33,8.734,A,290,292,290,,292,,1,1
HED,SEP,7DFC,true,within_cutoff,27,40,9.257,A,295,297,295,,297,,1,1
HED,TPO,7DFC,true,within_cutoff,27,33,8.792,A,295,297,295,,297,,1,1
LGP,SEP,7DFC,true,within_cutoff,19,40,1.329,V,351,353,351,,353,,1,1
LGP,TPO,7DFC,true,within_cutoff,19,33,9.325,V,351,353,351,,353,,1,1
DGK,TPO,7DFC,true,within_cutoff,21,33,9.298,A,290,292,290,,292,,1,1
GLQ,TPO,7DVQ,true,within_cutoff,105,11,8.051,3,668,670,668,,670,,5,5
GDD,SEP,7M68,true,within_cutoff,62,28,9.479,A,918,920,918,,920,,2,2
GEV,TPO,7NDY,true,within_cutoff,46,22,8.285,B,27,29,27,,29,,2,2
GEV,SEP,7NJ0,true,within_cutoff,40,10,9.910,C,313,315,313,,315,,2,2
WI,SEP,7PID,true,within_cutoff,43,56,7.698,A,302,303,302,,303,,1,1
NH,SEP,7PID,true,within_cutoff,62,56,9.154,A,293,294,293,,294,,2,2
AAA,SEP,7PID,true,within_cutoff,40,56,2.135,A,4,6,4,,6,,2,2
WI,SEP,7PIE,true,within_cutoff,43,56,7.744,A,302,303,302,,303,,1,1
NH,SEP,7PIE,true,within_cutoff,62,56,9.179,A,293,294,293,,294,,2,2
AAA,SEP,7PIE,true,within_cutoff,40,56,2.131,A,4,6,4,,6,,2,2
WI,SEP,7PIF,true,within_cutoff,43,56,7.731,A,302,303,302,,303,,1,1
NH,SEP,7PIF,true,within_cutoff,62,56,9.124,A,293,294,293,,294,,2,2
AAA,SEP,7PIF,true,within_cutoff,40,56,2.133,A,4,6,4,,6,,2,2
WI,SEP,7PIG,true,within_cutoff,43,42,7.770,A,302,303,302,,303,,1,1
NH,SEP,7PIG,true,within_cutoff,62,42,9.185,A,293,294,293,,294,,2,2
AAA,SEP,7PIG,true,within_cutoff,40,42,2.127,A,4,6,4,,6,,2,2
WI,SEP,7PIH,true,within_cutoff,43,40,7.674,A,302,303,302,,303,,1,1
NH,SEP,7PIH,true,within_cutoff,62,40,9.079,A,293,294,293,,294,,2,2
AAA,SEP,7PIH,true,within_cutoff,41,40,2.130,A,4,6,4,,6,,2,2
WI,SEP,7PNS,true,within_cutoff,37,33,9.366,A,302,303,302,,303,,1,1
HED,SEP,7R0C,true,within_cutoff,27,40,9.476,C,295,297,295,,297,,1,1
HED,TPO,7R0C,true,within_cutoff,27,22,8.674,C,295,297,295,,297,,1,1
DGK,TPO,7R0C,true,within_cutoff,21,22,9.630,C,290,292,290,,292,,1,1
HED,TPO,7R0J,true,within_cutoff,27,22,8.113,C,295,297,295,,297,,1,1
DGK,TPO,7R0J,true,within_cutoff,21,22,9.952,C,290,292,290,,292,,1,1
WK,TPO,7UNC,true,within_cutoff,136,34,9.217,M,1368,1369,1368,,1369,,3,6
NH,TPO,7UNC,true,within_cutoff,82,34,7.304,M,1362,1363,1362,,1363,,2,7
WK,TPO,7UND,true,within_cutoff,253,34,9.317,M,1368,1369,1368,,1369,,3,6
NH,SEP,7UND,true,within_cutoff,179,14,8.950,M,1425,1426,1425,,1426,,3,7
NH,TPO,7UND,true,within_cutoff,179,34,7.641,M,1362,1363,1362,,1363,,2,7
WI,TPO,7VCF,true,within_cutoff,66,154,9.686,T,62,63,62,,63,,3,3
FGG,SEP,7VCF,true,within_cutoff,19,130,9.269,C,364,366,364,,366,,1,1
WK,SEP,7VCF,true,within_cutoff,322,130,7.070,T,459,460,459,,460,,13,14
WK,TPO,7VCF,true,within_cutoff,322,154,8.358,T,459,460,459,,460,,13,14
LGP,SEP,7VCF,true,within_cutoff,19,130,6.377,T,527,529,527,,529,,1,1
LGP,TPO,7VCF,true,within_cutoff,19,154,7.697,T,527,529,527,,529,,1,1
NH,SEP,7VCF,true,within_cutoff,108,130,3.884,C,332,333,332,,333,,4,6
NH,TPO,7VCF,true,within_cutoff,108,154,3.048,C,332,333,332,,333,,4,6
INP,TPO,7VCF,true,within_cutoff,23,154,5.345,T,574,576,574,,576,,1,1
QRR,SEP,7VCF,true,within_cutoff,93,130,8.335,T,480,482,480,,482,,3,3
QRR,TPO,7VCF,true,within_cutoff,93,154,2.680,T,480,482,480,,482,,3,3
DGK,SEP,7VCF,true,within_cutoff,42,130,5.316,T,587,589,587,,589,,2,2
DGK,TPO,7VCF,true,within_cutoff,42,154,3.875,T,587,589,587,,589,,2,2
RPR,SEP,7VCF,true,within_cutoff,58,130,3.019,T,223,225,223,,225,,2,2
RPR,TPO,7VCF,true,within_cutoff,58,154,2.648,T,223,225,223,,225,,2,2
EGM,SEP,7VCF,true,within_cutoff,21,130,6.022,T,553,555,553,,555,,1,1
ARR,SEP,7VCF,true,within_cutoff,81,130,2.938,A,1714,1716,1714,,1716,,2,3
ARR,TPO,7VCF,true,within_cutoff,81,154,9.278,A,1714,1716,1714,,1716,,2,3
NH,TPO,7W5Z,true,within_cutoff,736,22,5.345,,,,,,,,,0
LEA,TPO,7W5Z,true,within_cutoff,132,22,3.476,5b,389,391,389,,391,,5,6
LDF,SEP,7W5Z,true,within_cutoff,216,60,6.514,7C,123,125,123,,125,,7,8
QRR,SEP,7W5Z,true,within_cutoff,124,60,2.339,5b,456,458,456,,458,,2,4
HED,SEP,7XBR,true,within_cutoff,195,150,8.275,F,105,107,105,,107,,6,8
HED,TPO,7XBR,true,within_cutoff,195,242,1.338,D,105,107,105,,107,,4,8
CH,SEP,7XBR,true,within_cutoff,128,150,9.339,A,131,132,131,,132,,1,8
NH,SEP,7XBR,true,within_cutoff,269,150,4.501,H,239,240,239,,240,,16,16
NH,TPO,7XBR,true,within_cutoff,269,242,6.194,A,104,105,104,,105,,1,16
WK,TPO,8A3Y,true,within_cutoff,230,34,9.154,M,1371,1372,1371,,1372,,3,5
NH,SEP,8A3Y,true,within_cutoff,180,14,8.570,M,1428,1429,1428,,1429,,3,7
NH,TPO,8A3Y,true,within_cutoff,180,34,7.337,M,1365,1366,1365,,1366,,2,7
LNF,SEP,8A62,true,within_cutoff,53,10,6.053,A,174,176,174,,176,,1,1
LNF,TPO,8A62,true,within_cutoff,53,11,3.191,A,174,176,174,,176,,1,1
LNF,SEP,8A65,true,within_cutoff,27,10,6.896,A,174,176,174,,176,,1,1
LNF,TPO,8A65,true,within_cutoff,27,11,3.233,A,174,176,174,,176,,1,1
HED,TPO,8AS3,true,within_cutoff,44,32,9.206,A,295,297,295,,297,,1,1
DGK,TPO,8AS3,true,within_cutoff,41,32,9.710,A,290,292,290,,292,,1,1
NH,TPO,8B6H,true,within_cutoff,1364,34,4.463,Dd,347,348,347,,348,,8,44
LEA,TPO,8B6H,true,within_cutoff,264,34,2.451,DD,389,391,389,,391,,1,6
LDF,SEP,8B6H,true,within_cutoff,408,56,6.653,DI,123,125,123,,125,,5,8
QRR,SEP,8B6H,true,within_cutoff,260,56,1.760,Dd,456,458,456,,458,,2,4
NH,TPO,8BQS,true,within_cutoff,2697,34,4.558,Dd,347,348,347,,348,,40,87
LEA,TPO,8BQS,true,within_cutoff,484,34,2.586,Dd,389,391,389,,391,,4,11
LDF,SEP,8BQS,true,within_cutoff,561,56,6.584,DI,123,125,123,,125,,7,11
QRR,SEP,8BQS,true,within_cutoff,715,56,1.719,Dd,456,458,456,,458,,4,11
DGK,TPO,8FE5,true,within_cutoff,8,22,3.895,,,,,,,,,0
DGK,TPO,8FEC,true,within_cutoff,17,22,3.760,,,,,,,,,0
HED,TPO,8GO8,true,within_cutoff,54,66,9.695,A,295,297,295,,297,,1,2
DGK,TPO,8GO8,true,within_cutoff,42,66,9.567,A,290,292,290,,292,,1,2
HED,SEP,8GO9,true,within_cutoff,54,100,7.224,F,296,298,296,,298,,2,2
DGK,SEP,8GO9,true,within_cutoff,42,100,9.032,F,291,293,291,,293,,2,2
HED,TPO,8GOC,true,within_cutoff,81,66,7.415,B,296,298,296,,298,,2,3
DGK,TPO,8GOC,true,within_cutoff,63,66,9.209,C,291,293,291,,293,,3,3
HED,TPO,8GOO,true,within_cutoff,81,99,7.187,C,296,298,296,,298,,3,3
DGK,TPO,8GOO,true,within_cutoff,63,99,9.309,C,291,293,291,,293,,3,3
HED,SEP,8GP3,true,within_cutoff,54,100,7.110,A,295,297,295,,297,,1,2
DGK,SEP,8GP3,true,within_cutoff,42,100,9.366,B,290,292,290,,292,,2,2
NH,TPO,8GYM,true,within_cutoff,2360,22,5.367,,,,,,,,,0
LEA,TPO,8GYM,true,within_cutoff,352,22,3.339,vb,389,391,389,,391,,5,16
LDF,SEP,8GYM,true,within_cutoff,378,40,6.691,7C,123,125,123,,125,,3,14
QRR,SEP,8GYM,true,within_cutoff,558,40,2.498,vb,456,458,456,,458,,3,18
NH,TPO,8GZU,true,within_cutoff,1750,44,5.662,,,,,,,,,0
LEA,TPO,8GZU,true,within_cutoff,330,44,2.968,29,389,391,389,,391,,16,22
LDF,SEP,8GZU,true,within_cutoff,330,80,6.806,90,123,125,123,,125,,16,22
QRR,SEP,8GZU,true,within_cutoff,330,80,4.087,29,456,458,456,,458,,12,22
LIR,SEP,8HPO,true,within_cutoff,27,50,1.318,D,310,312,310,,312,,1,1
CF,SEP,8HPO,true,within_cutoff,78,50,9.416,G,323,324,323,,324,,5,5
CF,TPO,8HPO,true,within_cutoff,78,55,7.726,F,323,324,323,,324,,3,5
NH,SEP,8HPO,true,within_cutoff,90,50,6.165,F,392,393,392,,393,,1,5
NH,TPO,8HPO,true,within_cutoff,90,55,1.339,F,392,393,392,,393,,1,5
FDP,TPO,8HPO,true,within_cutoff,52,55,3.472,F,8,10,8,,10,,1,2
HED,TPO,8I0N,true,within_cutoff,54,66,9.519,A,295,297,295,,297,,1,2
DGK,TPO,8I0N,true,within_cutoff,42,66,9.455,B,290,292,290,,292,,2,2
HED,SEP,8I0Q,true,within_cutoff,54,100,6.953,A,295,297,295,,297,,1,2
HED,TPO,8I0Z,true,within_cutoff,81,99,6.873,B,296,298,296,,298,,2,3
DGK,TPO,8I0Z,true,within_cutoff,51,99,9.993,B,291,293,291,,293,,2,3
HED,TPO,8I10,true,within_cutoff,76,66,7.335,A,296,298,296,,298,,1,3
DGK,TPO,8I10,true,within_cutoff,63,66,9.137,B,291,293,291,,293,,2,3
HED,TPO,8J8R,true,within_cutoff,81,66,8.653,A,296,298,296,,298,,1,3
DGK,TPO,8J8R,true,within_cutoff,63,66,8.833,B,291,293,291,,293,,2,3
HED,SEP,8J8V,true,within_cutoff,54,120,7.985,A,296,298,296,,298,,1,2
DGK,SEP,8J8V,true,within_cutoff,42,120,8.392,F,291,293,291,,293,,2,2
HED,SEP,8J8Z,true,within_cutoff,54,60,8.728,A,295,297,295,,297,,1,2
DGK,SEP,8J8Z,true,within_cutoff,42,60,9.196,B,290,292,290,,292,,2,2
HED,TPO,8J97,true,within_cutoff,24,22,7.354,A,295,297,295,,297,,1,1
DGK,TPO,8J97,true,within_cutoff,21,22,9.615,A,290,292,290,,292,,1,1
HED,TPO,8JA3,true,within_cutoff,54,44,8.015,B,295,297,295,,297,,1,2
DGK,TPO,8JA3,true,within_cutoff,31,44,9.417,B,290,292,290,,292,,1,2
HED,SEP,8JAF,true,within_cutoff,27,20,9.475,A,295,297,295,,297,,1,1
HED,TPO,8JAF,true,within_cutoff,27,22,8.273,A,295,297,295,,297,,1,1
DGK,TPO,8JAF,true,within_cutoff,21,22,8.783,A,290,292,290,,292,,1,1
HED,TPO,8JRU,true,within_cutoff,27,11,8.753,A,295,297,295,,297,,1,1
DGK,TPO,8JRU,true,within_cutoff,21,11,9.032,A,290,292,290,,292,,1,1
HED,SEP,8JRV,true,within_cutoff,23,40,9.484,A,295,297,295,,297,,1,1
HED,TPO,8JRV,true,within_cutoff,23,11,8.838,A,295,297,295,,297,,1,1
DGK,TPO,8JRV,true,within_cutoff,21,11,9.229,A,290,292,290,,292,,1,1
WI,SEP,8PYR,true,within_cutoff,44,20,6.277,A,132,133,132,,133,,1,2
CH,SEP,8PYR,true,within_cutoff,64,20,7.915,C,293,294,293,,294,,2,4
GLQ,TPO,8R3Y,true,within_cutoff,43,34,8.302,I,250,252,250,,252,,1,1
CF,SEP,8SE1,true,within_cutoff,68,20,3.403,A,409,410,409,,410,,2,4
CF,SEP,8SE2,true,within_cutoff,68,20,3.245,A,409,410,409,,410,,2,4
CF,SEP,8SE3,true,within_cutoff,34,10,3.256,A,409,410,409,,410,,2,2
CF,SEP,8SE4,true,within_cutoff,68,20,3.283,A,409,410,409,,410,,2,4
NH,TPO,8SG2,true,within_cutoff,32,17,8.303,A,26,27,26,,27,,1,1
DGK,TPO,8SV9,true,within_cutoff,42,22,9.042,A,199,201,199,,201,,1,2
HED,TPO,8TII,true,within_cutoff,44,17,7.562,A,295,297,295,,297,,1,1
DGK,TPO,8TII,true,within_cutoff,41,17,8.623,A,290,292,290,,292,,1,1
HED,TPO,8TIN,true,within_cutoff,44,17,7.817,A,296,298,296,,298,,1,1
DGK,TPO,8TIN,true,within_cutoff,41,17,8.362,A,291,293,291,,293,,1,1
GDD,SEP,8TVN,true,within_cutoff,63,40,7.564,,,,,,,,,0
GDD,TPO,8TVN,true,within_cutoff,63,88,8.330,,,,,,,,,0
NH,TPO,8TVN,true,within_cutoff,72,88,9.653,D,305,306,305,,306,,4,4
DEE,TPO,8TVN,true,within_cutoff,104,88,9.020,D,405,407,405,,407,,4,4
NH,SEP,8UKN,true,within_cutoff,144,80,9.774,H,293,294,293,,294,,8,8
AAR,SEP,8UWN,true,within_cutoff,21,10,7.192,A,202,204,202,,204,,1,1
CC,SEP,8UYI,true,within_cutoff,24,20,3.910,A,360,361,360,,361,,1,2
DEE,TPO,8V1O,true,within_cutoff,104,88,9.185,A,405,407,405,,407,,1,4
DEE,TPO,8V2F,true,within_cutoff,104,88,7.736,D,405,407,405,,407,,4,4
NH,TPO,8V2L,true,within_cutoff,72,88,9.899,D,305,306,305,,306,,4,4
LIR,TPO,8VPN,true,within_cutoff,54,22,7.431,B,1006,1008,1006,,1008,,2,2
LIR,TPO,8VPP,true,within_cutoff,54,22,6.628,B,1006,1008,1006,,1008,,2,2
HED,TPO,8WRZ,true,within_cutoff,27,22,9.099,A,295,297,295,,297,,1,1
DGK,TPO,8WRZ,true,within_cutoff,21,22,9.088,A,290,292,290,,292,,1,1
HED,TPO,8WU1,true,within_cutoff,23,22,9.255,C,295,297,295,,297,,1,1
DGK,TPO,8WU1,true,within_cutoff,21,22,9.060,C,290,292,290,,292,,1,1
FGG,SEP,8XQW,true,within_cutoff,38,50,4.633,T,23,25,23,,25,,2,2
LGP,SEP,8XQW,true,within_cutoff,121,50,2.800,,,,,,,,,0
QRR,SEP,8XQW,true,within_cutoff,93,50,9.707,R,443,445,443,,445,,3,3
GGD,SEP,8XQW,true,within_cutoff,32,50,4.633,T,24,26,24,,26,,2,2
MER,SEP,8XQW,true,within_cutoff,56,50,2.841,R,129,131,129,,131,,2,2
DEE,TPO,8XQW,true,within_cutoff,104,55,1.328,S,108,110,108,,110,,4,4
EDA,SEP,8XQW,true,within_cutoff,66,50,2.761,S,88,90,88,,90,,3,3
EDA,TPO,8XQW,true,within_cutoff,66,55,7.072,S,88,90,88,,90,,3,3
FGG,SEP,8XQX,true,within_cutoff,38,50,4.962,T,23,25,23,,25,,2,2
LGP,SEP,8XQX,true,within_cutoff,121,50,2.818,,,,,,,,,0
QRR,SEP,8XQX,true,within_cutoff,93,50,9.873,R,443,445,443,,445,,3,3
GGD,SEP,8XQX,true,within_cutoff,32,50,4.756,T,24,26,24,,26,,2,2
MER,SEP,8XQX,true,within_cutoff,56,50,5.778,R,129,131,129,,131,,2,2
DEE,TPO,8XQX,true,within_cutoff,104,55,1.328,S,108,110,108,,110,,4,4
EDA,SEP,8XQX,true,within_cutoff,66,50,3.791,S,88,90,88,,90,,3,3
EDA,TPO,8XQX,true,within_cutoff,66,55,7.319,S,88,90,88,,90,,3,3
GLQ,TPO,8Y7E,true,within_cutoff,21,11,8.052,3,668,670,668,,670,,1,1
GDD,SEP,8Z5R,true,within_cutoff,20,95,5.550,A,126,128,126,,128,,1,1
FGG,SEP,8Z5R,true,within_cutoff,19,95,4.482,A,594,596,594,,596,,1,1
LEA,SEP,8Z5R,true,within_cutoff,44,95,8.344,A,209,211,209,,211,,1,2
AAA,SEP,8Z5R,true,within_cutoff,15,95,7.898,A,1206,1208,1206,,1208,,1,1
QRR,SEP,8Z5R,true,within_cutoff,25,95,9.477,A,1055,1057,1055,,1057,,1,1
DEE,SEP,8Z5R,true,within_cutoff,26,95,8.113,A,381,383,381,,383,,1,1
GDD,SEP,8Z5T,true,within_cutoff,80,680,5.367,A,126,128,126,,128,,1,4
FGG,SEP,8Z5T,true,within_cutoff,76,680,4.569,I,594,596,594,,596,,3,4
LIR,SEP,8Z5T,true,within_cutoff,216,680,9.908,J,620,622,620,,622,,6,8
WK,SEP,8Z5T,true,within_cutoff,368,680,8.531,J,13,14,13,,14,,10,16
GEV,TPO,8Z5T,true,within_cutoff,80,104,8.702,F,1080,1082,1080,,1082,,2,4
LEA,SEP,8Z5T,true,within_cutoff,264,680,7.935,E,209,211,209,,211,,4,12
AAA,SEP,8Z5T,true,within_cutoff,60,680,7.719,M,1206,1208,1206,,1208,,4,4
QRR,SEP,8Z5T,true,within_cutoff,100,680,9.578,M,1055,1057,1055,,1057,,4,4
LEP,SEP,8Z5T,true,within_cutoff,192,680,9.393,F,688,690,688,,690,,3,8
DEE,SEP,8Z5T,true,within_cutoff,104,680,7.754,M,381,383,381,,383,,4,4
VEP,SEP,8Z5T,true,within_cutoff,92,680,8.351,N,523,525,523,,525,,4,4
HED,TPO,8ZYT,true,within_cutoff,27,11,8.746,B,294,296,294,,296,,1,1
NH,SEP,8ZYT,true,within_cutoff,33,20,6.812,R,405,406,405,,406,,2,2
NH,TPO,8ZYT,true,within_cutoff,33,11,1.327,R,405,406,405,,406,,2,2
DGK,TPO,8ZYT,true,within_cutoff,21,11,8.977,B,289,291,289,,291,,1,1
HED,SEP,8ZYU,true,within_cutoff,27,30,8.907,B,294,296,294,,296,,1,1
HED,TPO,8ZYU,true,within_cutoff,27,11,9.074,B,294,296,294,,296,,1,1
NH,SEP,8ZYU,true,within_cutoff,36,30,1.329,R,405,406,405,,406,,2,2
NH,TPO,8ZYU,true,within_cutoff,36,11,1.329,R,405,406,405,,406,,2,2
DGK,TPO,8ZYU,true,within_cutoff,21,11,9.544,B,289,291,289,,291,,1,1
HED,SEP,8ZYY,true,within_cutoff,27,30,8.513,B,294,296,294,,296,,1,1
HED,TPO,8ZYY,true,within_cutoff,27,11,8.765,B,294,296,294,,296,,1,1
NH,SEP,8ZYY,true,within_cutoff,36,30,1.329,R,405,406,405,,406,,2,2
NH,TPO,8ZYY,true,within_cutoff,36,11,1.327,R,405,406,405,,406,,2,2
DGK,TPO,8ZYY,true,within_cutoff,21,11,9.287,B,289,291,289,,291,,1,1
GDD,SEP,9AYC,true,within_cutoff,62,42,9.877,A,918,920,918,,920,,2,2
LNF,TPO,9BCZ,true,within_cutoff,27,11,6.959,A,461,463,461,,463,,1,1
GEV,SEP,9BCZ,true,within_cutoff,20,10,1.347,A,323,325,323,,325,,1,1
NH,TPO,9BCZ,true,within_cutoff,36,11,6.506,A,252,253,252,,253,,2,2
HED,SEP,9BT8,true,within_cutoff,27,40,9.366,B,295,297,295,,297,,1,1
HED,TPO,9BT8,true,within_cutoff,27,22,9.002,B,295,297,295,,297,,1,1
DGK,TPO,9BT8,true,within_cutoff,21,22,9.269,B,290,292,290,,292,,1,1
LIR,TPO,9BWT,true,within_cutoff,54,22,6.979,B,1006,1008,1006,,1008,,2,2
HED,TPO,9CX3,true,within_cutoff,27,22,9.247,B,295,297,295,,297,,1,1
DGK,TPO,9CX3,true,within_cutoff,21,22,9.255,B,290,292,290,,292,,1,1
HED,SEP,9CX9,true,within_cutoff,27,40,9.848,A,295,297,295,,297,,1,1
HED,TPO,9CX9,true,within_cutoff,27,22,8.877,A,295,297,295,,297,,1,1
DGK,TPO,9CX9,true,within_cutoff,21,22,9.416,A,290,292,290,,292,,1,1
WK,SEP,9D0V,true,within_cutoff,23,10,4.122,B,102,103,102,,103,,1,1
EDA,TPO,9EDC,true,within_cutoff,22,11,9.180,B,106,108,106,,108,,1,1
EDA,TPO,9EDD,true,within_cutoff,15,11,9.593,B,106,108,106,,108,,1,1
NH,TPO,9EGX,true,within_cutoff,84,22,7.409,M,1365,1366,1365,,1366,,2,7
NH,TPO,9EGY,true,within_cutoff,84,22,7.398,M,1365,1366,1365,,1366,,2,7
NH,TPO,9EGZ,true,within_cutoff,102,22,7.415,M,1365,1366,1365,,1366,,3,8
NH,SEP,9EH0,true,within_cutoff,126,10,9.399,M,1428,1429,1428,,1429,,4,8
NH,TPO,9EH0,true,within_cutoff,126,22,7.344,M,1365,1366,1365,,1366,,3,8
NH,SEP,9EH1,true,within_cutoff,126,10,9.365,M,1428,1429,1428,,1429,,4,8
NH,TPO,9EH1,true,within_cutoff,126,22,7.316,M,1365,1366,1365,,1366,,3,8
WK,TPO,9EH2,true,within_cutoff,286,34,8.551,M,1371,1372,1371,,1372,,4,7
NH,SEP,9EH2,true,within_cutoff,231,14,9.802,M,1428,1429,1428,,1429,,4,8
NH,TPO,9EH2,true,within_cutoff,231,34,6.713,M,1365,1366,1365,,1366,,3,8
HED,SEP,9II2,true,within_cutoff,54,50,7.035,A,295,297,295,,297,,1,2
DGK,SEP,9II2,true,within_cutoff,84,50,8.808,A,290,292,290,,292,,2,4
HED,SEP,9II3,true,within_cutoff,27,25,6.868,A,295,297,295,,297,,1,1
DGK,SEP,9II3,true,within_cutoff,63,25,8.578,A,290,292,290,,292,,2,3
HED,TPO,9IJR,true,within_cutoff,23,16,9.018,C,295,297,295,,297,,1,1
DGK,TPO,9IJR,true,within_cutoff,21,16,9.004,C,290,292,290,,292,,1,1
HED,TPO,9IJS,true,within_cutoff,23,22,8.200,C,295,297,295,,297,,1,1
DGK,TPO,9IJS,true,within_cutoff,21,22,8.827,C,290,292,290,,292,,1,1
VPA,SEP,9KBO,true,within_cutoff,160,110,9.302,A,142,144,142,,144,,1,4
HED,TPO,9KUV,true,within_cutoff,27,22,8.699,A,295,297,295,,297,,1,1
DGK,TPO,9KUV,true,within_cutoff,21,22,8.647,A,290,292,290,,292,,1,1
HED,TPO,9KUW,true,within_cutoff,50,44,8.502,B,295,297,295,,297,,2,2
DGK,TPO,9KUW,true,within_cutoff,42,44,8.607,B,290,292,290,,292,,2,2
HED,SEP,9KUX,true,within_cutoff,27,40,9.722,A,295,297,295,,297,,1,1
HED,TPO,9KUX,true,within_cutoff,27,22,6.815,A,295,297,295,,297,,1,1
DGK,TPO,9KUX,true,within_cutoff,21,22,7.964,A,290,292,290,,292,,1,1
HED,SEP,9KY2,true,within_cutoff,54,40,9.070,A,296,298,296,,298,,1,2
HED,TPO,9KY2,true,within_cutoff,54,110,7.904,F,296,298,296,,298,,2,2
DGK,TPO,9KY2,true,within_cutoff,42,110,8.927,F,291,293,291,,293,,2,2
HED,TPO,9KYU,true,within_cutoff,54,110,8.889,D,295,297,295,,297,,2,2
DGK,TPO,9KYU,true,within_cutoff,42,110,9.338,D,290,292,290,,292,,2,2
HED,TPO,9LXP,true,within_cutoff,27,22,9.016,B,295,297,295,,297,,1,1
DGK,TPO,9LXP,true,within_cutoff,21,22,9.263,B,290,292,290,,292,,1,1
HED,TPO,9LXR,true,within_cutoff,27,22,7.164,B,295,297,295,,297,,1,1
DGK,TPO,9LXR,true,within_cutoff,21,22,9.533,B,290,292,290,,292,,1,1
HED,TPO,9LY2,true,within_cutoff,27,22,7.981,B,295,297,295,,297,,1,1
DGK,TPO,9LY2,true,within_cutoff,21,22,8.665,B,290,292,290,,292,,1,1
HED,TPO,9LY3,true,within_cutoff,27,22,8.178,B,295,297,295,,297,,1,1
DGK,TPO,9LY3,true,within_cutoff,21,22,9.366,B,290,292,290,,292,,1,1
HED,TPO,9LZ1,true,within_cutoff,27,11,9.474,A,295,297,295,,297,,1,1
DGK,TPO,9LZ1,true,within_cutoff,21,11,9.966,A,290,292,290,,292,,1,1
HED,SEP,9LZ2,true,within_cutoff,27,40,8.906,A,295,297,295,,297,,1,1
HED,TPO,9LZ2,true,within_cutoff,27,22,8.292,A,295,297,295,,297,,1,1
DGK,TPO,9LZ2,true,within_cutoff,21,22,8.518,A,290,292,290,,292,,1,1
HED,TPO,9M0D,true,within_cutoff,27,11,7.580,B,294,296,294,,296,,1,1
NH,SEP,9M0D,true,within_cutoff,33,20,6.284,R,405,406,405,,406,,1,2
NH,TPO,9M0D,true,within_cutoff,33,11,1.327,R,405,406,405,,406,,1,2
DGK,TPO,9M0D,true,within_cutoff,21,11,8.896,B,289,291,289,,291,,1,1
HED,TPO,9MBA,true,within_cutoff,54,44,8.506,C,295,297,295,,297,,2,2
DGK,TPO,9MBA,true,within_cutoff,84,44,9.662,C,290,292,290,,292,,2,4
DEE,TPO,9NA3,true,within_cutoff,52,44,8.783,H0A0,405,407,405,,407,,2,2
DEE,TPO,9NA4,true,within_cutoff,100,88,8.854,D,405,407,405,,407,,4,4
EDA,TPO,9O7V,true,within_cutoff,22,11,9.958,B,106,108,106,,108,,1,1
GDF,SEP,9QKT,true,within_cutoff,23,10,9.522,B,579,581,579,,581,,1,1
GDF,TPO,9QKT,true,within_cutoff,23,11,9.928,B,579,581,579,,581,,1,1
GDF,SEP,9QKZ,true,within_cutoff,23,10,7.153,B,579,581,579,,581,,1,1
GDF,TPO,9QKZ,true,within_cutoff,23,11,9.621,B,579,581,579,,581,,1,1
GDF,SEP,9QL1,true,within_cutoff,23,10,9.564,B,579,581,579,,581,,1,1
GDF,TPO,9QL1,true,within_cutoff,23,11,9.927,B,579,581,579,,581,,1,1
WK,TPO,9RTT,true,within_cutoff,115,11,9.839,M,1371,1372,1371,,1372,,5,5
NH,SEP,9RTT,true,within_cutoff,152,10,8.912,,,,,,,,,0
NH,TPO,9RTT,true,within_cutoff,152,11,7.970,,,,,,,,,0
CF,SEP,9S9T,true,within_cutoff,30,14,2.463,A,409,410,409,,410,,1,1
HED,TPO,9UYH,true,within_cutoff,22,22,8.351,A,295,297,295,,297,,1,1
DGK,TPO,9UYH,true,within_cutoff,21,22,9.357,A,290,292,290,,292,,1,1
HED,SEP,9UYI,true,within_cutoff,22,40,8.945,A,295,297,295,,297,,1,1
HED,TPO,9UYI,true,within_cutoff,22,22,9.694,A,295,297,295,,297,,1,1
DGK,TPO,9UYI,true,within_cutoff,21,22,9.509,A,290,292,290,,292,,1,1
HED,TPO,9UYJ,true,within_cutoff,27,22,8.878,A,295,297,295,,297,,1,1
DGK,TPO,9UYJ,true,within_cutoff,21,22,8.870,A,290,292,290,,292,,1,1
HED,SEP,9UYL,true,within_cutoff,27,40,9.587,A,295,297,295,,297,,1,1
HED,TPO,9UYL,true,within_cutoff,27,22,7.523,A,295,297,295,,297,,1,1
DGK,TPO,9UYL,true,within_cutoff,21,22,8.782,A,290,292,290,,292,,1,1
HED,SEP,9UYM,true,within_cutoff,22,40,8.876,A,296,298,296,,298,,1,1
HED,TPO,9UYM,true,within_cutoff,22,22,8.050,A,296,298,296,,298,,1,1
DGK,TPO,9UYM,true,within_cutoff,21,22,8.953,A,291,293,291,,293,,1,1
HED,TPO,9UYN,true,within_cutoff,22,22,8.772,A,295,297,295,,297,,1,1
DGK,TPO,9UYN,true,within_cutoff,21,22,8.845,A,290,292,290,,292,,1,1
WI,SEP,9VUH,true,within_cutoff,22,10,3.778,A,557,558,557,,558,,1,1
HED,TPO,9WSV,true,within_cutoff,27,22,8.604,C,295,297,295,,297,,1,1
DGK,TPO,9WSV,true,within_cutoff,21,22,9.508,C,290,292,290,,292,,1,1
HED,TPO,9WSX,true,within_cutoff,27,22,8.782,C,295,297,295,,297,,1,1
DGK,TPO,9WSX,true,within_cutoff,21,22,9.190,C,290,292,290,,292,,1,1
HED,SEP,9ZZO,true,within_cutoff,27,30,9.850,C,295,297,295,,297,,1,1
HED,TPO,9ZZO,true,within_cutoff,27,22,3.161,C,295,297,295,,297,,1,1
DGK,TPO,9ZZO,true,within_cutoff,21,22,9.004,C,290,292,290,,292,,1,1
CH,PTR,1A07,true,within_cutoff,40,24,9.883,B,241,242,241,,242,,2,2
CH,PTR,1A1B,true,within_cutoff,40,34,9.914,B,241,242,241,,242,,2,2
ARR,PTR,1A31,true,within_cutoff,27,16,6.893,A,447,449,447,,449,,1,1
LIR,PTR,1A81,true,within_cutoff,243,192,2.521,A,127,129,127,,129,,1,9
LIR,PTR,1AOT,true,within_cutoff,62,24,2.147,F,32,34,32,,34,,1,1
LIR,PTR,1AOU,true,within_cutoff,62,23,2.158,F,32,34,32,,34,,1,1
GDF,PTR,1AYA,true,within_cutoff,46,32,5.440,A,39,41,39,,41,,1,2
GDF,PTR,1AYB,true,within_cutoff,23,16,5.647,A,39,41,39,,41,,1,1
GDF,PTR,1AYC,true,within_cutoff,23,16,5.549,A,39,41,39,,41,,1,1
LIR,PTR,1BM2,true,within_cutoff,27,16,2.728,A,84,86,84,,86,,1,1
GDF,PTR,1BM2,true,within_cutoff,23,16,5.990,A,93,95,93,,95,,1,1
LIR,PTR,1BMB,true,within_cutoff,27,16,2.860,A,84,86,84,,86,,1,1
GDF,PTR,1BMB,true,within_cutoff,23,16,5.810,A,93,95,93,,95,,1,1
AAR,PTR,1CRX,true,within_cutoff,42,15,3.940,B,295,297,295,,297,,2,2
LIR,PTR,1CSY,true,within_cutoff,62,24,3.484,A,40,42,40,,42,,1,1
LIR,PTR,1CSZ,true,within_cutoff,62,24,3.887,A,40,42,40,,42,,1,1
CH,PTR,1FHR,true,within_cutoff,29,24,7.133,A,650,651,650,,651,,1,1
LEA,PTR,1FPR,true,within_cutoff,22,16,9.967,A,330,332,330,,332,,1,1
NH,PTR,1FU5,true,within_cutoff,31,50,5.601,A,86,87,86,,87,,1,1
LIR,PTR,1FYR,true,within_cutoff,108,64,2.770,D,84,86,84,,86,,4,4
GDF,PTR,1FYR,true,within_cutoff,92,64,5.867,A,93,95,93,,95,,1,4
IKP,PTR,1GNG,true,within_cutoff,48,32,8.872,B,182,184,182,,184,,2,2
GEV,PTR,1H9O,true,within_cutoff,20,16,9.021,A,53,55,53,,55,,1,1
CH,PTR,1HCS,true,within_cutoff,28,24,9.453,B,238,239,238,,239,,1,1
CH,PTR,1HCT,true,within_cutoff,28,24,9.307,B,238,239,238,,239,,1,1
LIR,PTR,1I3Z,true,within_cutoff,27,16,2.920,A,29,31,29,,31,,1,1
LEA,PTR,1IRS,true,within_cutoff,44,25,8.326,A,254,256,254,,256,,1,1
RPR,PTR,1IRS,true,within_cutoff,63,25,9.462,A,265,267,265,,267,,1,1
CH,PTR,1J4K,true,within_cutoff,29,24,7.161,A,650,651,650,,651,,1,1
NH,PTR,1JU5,true,within_cutoff,32,24,8.385,C,94,95,94,,95,,1,1
LIR,PTR,1JYQ,true,within_cutoff,54,32,2.738,A,84,86,84,,86,,1,2
GDF,PTR,1JYQ,true,within_cutoff,46,32,5.799,A,93,95,93,,95,,1,2
LIR,PTR,1JYR,true,within_cutoff,27,16,2.730,A,84,86,84,,86,,1,1
GDF,PTR,1JYR,true,within_cutoff,23,16,5.773,A,93,95,93,,95,,1,1
CH,PTR,1K2M,true,within_cutoff,29,24,6.737,A,650,651,650,,651,,1,1
CF,PTR,1K2M,true,within_cutoff,31,24,9.106,A,623,624,623,,624,,1,1
NH,PTR,1K4S,true,within_cutoff,54,16,3.170,A,631,632,631,,632,,3,3
ARR,PTR,1K4S,true,within_cutoff,27,16,6.960,A,447,449,447,,449,,1,1
NH,PTR,1K4T,true,within_cutoff,54,16,2.917,A,631,632,631,,632,,3,3
ARR,PTR,1K4T,true,within_cutoff,54,16,7.095,A,447,449,447,,449,,1,2
CH,PTR,1KSW,true,within_cutoff,16,16,9.531,A,238,239,238,,239,,1,1
LIR,PTR,1LCJ,true,within_cutoff,27,16,2.977,A,152,154,152,,154,,1,1
LIR,PTR,1LCK,true,within_cutoff,27,16,2.807,A,152,154,152,,154,,1,1
LIR,PTR,1LKK,true,within_cutoff,62,24,1.953,A,152,154,152,,154,,1,1
GEV,PTR,1LKK,true,within_cutoff,38,24,9.670,A,175,177,175,,177,,1,1
LIR,PTR,1LKL,true,within_cutoff,27,16,2.844,A,152,154,152,,154,,1,1
ARR,PTR,1NH3,true,within_cutoff,27,16,6.832,A,447,449,447,,449,,1,1
CH,PTR,1NZL,true,within_cutoff,32,32,7.034,B,344,345,344,,345,,2,2
CH,PTR,1NZV,true,within_cutoff,32,32,7.235,B,344,345,344,,345,,2,2
VPA,PTR,1NZV,true,within_cutoff,20,32,1.324,C,503,505,503,,505,,1,1
IKP,PTR,1O9U,true,within_cutoff,24,16,9.035,A,182,184,182,,184,,1,1
VEP,PTR,1O9U,true,within_cutoff,23,16,9.778,B,383,385,383,,385,,1,1
GEV,PTR,1PIC,true,within_cutoff,38,24,8.932,A,53,55,53,,55,,1,1
LNF,PTR,1PKG,true,within_cutoff,54,64,8.843,A,679,681,679,,681,,1,2
AAR,PTR,1PKG,true,within_cutoff,42,64,2.870,A,794,796,794,,796,,1,2
LIR,PTR,1QG1,true,within_cutoff,62,24,2.075,E,29,31,29,,31,,1,1
GDF,PTR,1QG1,true,within_cutoff,39,24,4.145,E,38,40,38,,40,,1,1
EDA,PTR,1QPD,true,within_cutoff,44,16,4.657,A,390,392,390,,392,,2,2
HED,PTR,1R1P,true,within_cutoff,108,64,9.351,A,100,102,100,,102,,1,4
GDF,PTR,1R1P,true,within_cutoff,92,64,5.814,C,92,94,92,,94,,3,4
HED,PTR,1R1Q,true,within_cutoff,54,32,9.377,B,100,102,100,,102,,2,2
GDF,PTR,1R1Q,true,within_cutoff,46,32,5.779,A,92,94,92,,94,,1,2
HED,PTR,1R1S,true,within_cutoff,108,64,9.065,A,100,102,100,,102,,1,4
GDF,PTR,1R1S,true,within_cutoff,92,64,5.655,A,92,94,92,,94,,1,4
CH,PTR,1RQQ,true,within_cutoff,64,96,6.001,C,469,470,469,,470,,3,4
NH,PTR,1RR8,true,within_cutoff,54,16,3.276,C,631,632,631,,632,,3,3
ARR,PTR,1RR8,true,within_cutoff,27,16,7.759,C,447,449,447,,449,,1,1
NH,PTR,1RRJ,true,within_cutoff,54,16,3.070,A,631,632,631,,632,,3,3
ARR,PTR,1RRJ,true,within_cutoff,54,16,8.740,A,447,449,447,,449,,1,2
NH,PTR,1SC7,true,within_cutoff,54,16,3.214,A,631,632,631,,632,,3,3
ARR,PTR,1SC7,true,within_cutoff,54,16,6.870,A,447,449,447,,449,,1,2
NH,PTR,1SEU,true,within_cutoff,54,16,3.063,A,631,632,631,,632,,3,3
ARR,PTR,1SEU,true,within_cutoff,54,16,6.674,A,447,449,447,,449,,1,2
LDF,PTR,1SHC,true,within_cutoff,51,25,9.420,A,69,71,69,,71,,1,1
CH,PTR,1SPS,true,within_cutoff,60,51,9.845,A,95,96,95,,96,,1,3
NH,PTR,1T8I,true,within_cutoff,54,16,3.115,A,631,632,631,,632,,3,3
ARR,PTR,1T8I,true,within_cutoff,54,16,7.066,A,447,449,447,,449,,1,2
NH,PTR,1TL8,true,within_cutoff,54,16,2.976,A,631,632,631,,632,,3,3
ARR,PTR,1TL8,true,within_cutoff,54,16,8.497,A,447,449,447,,449,,1,2
LIR,PTR,1TZE,true,within_cutoff,27,16,2.741,E,84,86,84,,86,,1,1
GDF,PTR,1TZE,true,within_cutoff,23,16,5.787,E,93,95,93,,95,,1,1
GDF,PTR,1U54,true,within_cutoff,46,16,9.443,A,269,271,269,,271,,1,2
WI,PTR,1UEF,true,within_cutoff,44,32,8.912,C,3,4,3,,4,,1,2
LIR,PTR,1X27,true,within_cutoff,162,96,2.487,E,152,154,152,,154,,5,6
GEV,PTR,1X27,true,within_cutoff,120,96,9.292,B,175,177,175,,177,,2,6
VAD,PTR,1XXP,true,within_cutoff,40,64,6.314,B,391,393,391,,393,,2,2
GEV,PTR,1YI6,true,within_cutoff,40,64,7.296,A,279,281,279,,281,,1,2
CF,PTR,1YI6,true,within_cutoff,34,64,9.236,B,277,278,277,,278,,2,2
WI,PTR,1YVL,true,within_cutoff,44,32,6.888,A,557,558,557,,558,,1,2
VEP,PTR,1YVL,true,within_cutoff,46,32,3.057,B,1631,1633,1631,,1633,,2,2
AAR,PTR,1YWN,true,within_cutoff,21,32,9.512,A,1028,1030,1028,,1030,,1,1
LIR,PTR,1ZFP,true,within_cutoff,27,16,2.901,E,84,86,84,,86,,1,1
GDF,PTR,1ZFP,true,within_cutoff,23,16,5.754,E,93,95,93,,95,,1,1
LIR,PTR,2BBU,true,within_cutoff,62,24,8.779,A,40,42,40,,42,,1,1
LIR,PTR,2CI9,true,within_cutoff,54,32,2.805,A,306,308,306,,308,,1,2
LIR,PTR,2CIA,true,within_cutoff,27,16,2.724,A,309,311,309,,311,,1,1
LDF,PTR,2G35,true,within_cutoff,51,24,5.604,A,64,66,64,,66,,1,1
LIR,PTR,2H5K,true,within_cutoff,54,16,2.909,A,84,86,84,,86,,1,2
GDF,PTR,2H5K,true,within_cutoff,46,16,5.802,A,93,95,93,,95,,1,2
LDF,PTR,2H7D,true,within_cutoff,51,24,7.236,A,368,370,368,,370,,1,1
LDF,PTR,2H7E,true,within_cutoff,51,24,6.270,A,368,370,368,,370,,1,1
LIR,PTR,2HMH,true,within_cutoff,27,16,2.891,A,69,71,69,,71,,1,1
WI,PTR,2HWL,true,within_cutoff,44,32,7.003,D,237,238,237,,238,,2,2
CH,PTR,2L1C,true,within_cutoff,29,48,9.987,A,177,178,177,,178,,1,1
NH,PTR,2L1C,true,within_cutoff,32,48,8.429,A,144,145,144,,145,,1,1
LDF,PTR,2L1C,true,within_cutoff,51,48,7.178,A,69,71,69,,71,,1,1
CF,PTR,2LCT,true,within_cutoff,31,48,1.991,A,753,754,753,,754,,1,1
MER,PTR,2LCT,true,within_cutoff,56,48,3.154,A,676,678,676,,678,,1,1
LIR,PTR,2LNW,true,within_cutoff,62,24,2.324,A,696,698,696,,698,,1,1
MER,PTR,2LNW,true,within_cutoff,56,24,2.688,A,678,680,678,,680,,1,1
CF,PTR,2MC1,true,within_cutoff,31,24,3.917,A,753,754,753,,754,,1,1
MER,PTR,2MC1,true,within_cutoff,56,24,7.068,A,676,678,676,,678,,1,1
LIR,PTR,2MRK,true,within_cutoff,62,24,1.552,A,174,176,174,,176,,1,1
AAA,PTR,2NMB,true,within_cutoff,30,24,7.577,A,208,210,208,,210,,1,1
QRR,PTR,2NMB,true,within_cutoff,65,24,5.429,A,203,205,203,,205,,1,1
AAR,PTR,2OH4,true,within_cutoff,21,32,8.415,A,1028,1030,1028,,1030,,1,1
RPR,PTR,2OQ1,true,within_cutoff,29,32,2.830,A,192,194,192,,194,,1,1
IKP,PTR,2OW3,true,within_cutoff,48,32,9.440,A,182,184,182,,184,,1,2
AAR,PTR,2PVF,true,within_cutoff,21,48,9.665,A,628,630,628,,630,,1,1
ARR,PTR,2PVF,true,within_cutoff,27,48,3.731,A,578,580,578,,580,,1,1
GEV,PTR,2QO7,true,within_cutoff,20,16,7.965,A,633,635,633,,635,,1,1
GEV,PTR,2QOB,true,within_cutoff,20,16,8.218,A,633,635,633,,635,,1,1
GEV,PTR,2QON,true,within_cutoff,20,16,9.920,A,633,635,633,,635,,1,1
GEV,PTR,2QOQ,true,within_cutoff,20,16,8.100,A,633,635,633,,635,,1,1
GDF,PTR,2RMX,true,within_cutoff,39,24,5.181,A,41,43,41,,43,,1,1
CF,PTR,2ROR,true,within_cutoff,31,24,5.705,A,110,111,110,,111,,1,1
MER,PTR,2ROR,true,within_cutoff,56,24,3.148,A,33,35,33,,35,,1,1
DEE,PTR,2RSY,true,within_cutoff,42,24,9.966,A,141,143,141,,143,,1,1
GDF,PTR,2YU7,true,within_cutoff,39,24,4.581,A,41,43,41,,43,,1,1
ELD,PTR,2ZOQ,true,within_cutoff,50,32,6.365,A,351,353,351,,353,,1,2
NH,PTR,3ANQ,true,within_cutoff,72,64,3.389,C,232,233,232,,233,,3,4
NH,PTR,3ANR,true,within_cutoff,72,64,3.185,C,232,233,232,,233,,3,4
GDF,PTR,3BU5,true,within_cutoff,23,48,9.906,A,1149,1151,1149,,1151,,1,1
GDF,PTR,3BU6,true,within_cutoff,23,64,4.191,A,1149,1151,1149,,1151,,1,1
AAR,PTR,3BU6,true,within_cutoff,21,64,3.143,A,1134,1136,1134,,1136,,1,1
AAR,PTR,3C7Q,true,within_cutoff,21,32,9.977,A,1030,1032,1030,,1032,,1,1
CC,PTR,3CD3,true,within_cutoff,12,16,7.675,A,678,679,678,,679,,1,1
RPR,PTR,3CI5,true,within_cutoff,37,16,5.168,A,37,39,37,,39,,1,1
CF,PTR,3D42,true,within_cutoff,17,16,7.234,A,279,280,279,,280,,1,1
CF,PTR,3D44,true,within_cutoff,17,16,7.204,A,279,280,279,,280,,1,1
VAF,PTR,3DA9,true,within_cutoff,23,16,7.223,B,145,147,145,,147,,1,1
CH,PTR,3EB0,true,within_cutoff,32,32,8.810,C,163,164,163,,164,,2,2
ELD,PTR,3EB0,true,within_cutoff,50,32,9.825,C,50,52,50,,52,,2,2
GDF,PTR,3F5P,true,within_cutoff,368,708,9.750,H,1152,1154,1152,,1154,,8,16
IKP,PTR,3F7Z,true,within_cutoff,48,32,8.232,B,182,184,182,,184,,2,2
IKP,PTR,3F88,true,within_cutoff,48,32,9.128,B,182,184,182,,184,,2,2
IKP,PTR,3GB2,true,within_cutoff,24,16,9.783,A,182,184,182,,184,,1,1
QRR,PTR,3KUL,true,within_cutoff,55,16,9.572,B,677,679,677,,679,,2,2
AAA,PTR,3L4J,true,within_cutoff,20,16,3.056,A,778,780,778,,780,,2,2
AAR,PTR,3L4J,true,within_cutoff,21,16,1.248,A,779,781,779,,781,,1,1
AAA,PTR,3L4K,true,within_cutoff,20,16,2.966,A,777,779,777,,779,,1,2
AAR,PTR,3L4K,true,within_cutoff,21,16,1.554,A,779,781,779,,781,,1,1
WK,PTR,3ML4,true,within_cutoff,168,64,7.224,A,152,153,152,,153,,2,8
LIR,PTR,3MXC,true,within_cutoff,27,16,2.546,A,84,86,84,,86,,1,1
GDF,PTR,3MXC,true,within_cutoff,23,16,5.802,A,93,95,93,,95,,1,1
VNP,PTR,3MXY,true,within_cutoff,22,16,1.330,L,683,685,683,,685,,1,1
LIR,PTR,3MXY,true,within_cutoff,27,16,2.694,A,84,86,84,,86,,1,1
GDF,PTR,3MXY,true,within_cutoff,23,16,5.902,A,93,95,93,,95,,1,1
LIR,PTR,3N7Y,true,within_cutoff,81,48,2.634,A,84,86,84,,86,,1,3
GDF,PTR,3N7Y,true,within_cutoff,69,48,5.673,A,93,95,93,,95,,1,3
LIR,PTR,3N84,true,within_cutoff,162,96,2.635,A,84,86,84,,86,,1,6
GDF,PTR,3N84,true,within_cutoff,138,96,5.783,F,93,95,93,,95,,6,6
LIR,PTR,3N8M,true,within_cutoff,27,16,2.700,A,84,86,84,,86,,1,1
GDF,PTR,3N8M,true,within_cutoff,23,16,5.940,A,93,95,93,,95,,1,1
LDF,PTR,3NNX,true,within_cutoff,27,16,9.303,A,167,169,167,,169,,1,1
LIR,PTR,3OV1,true,within_cutoff,27,16,2.797,A,84,86,84,,86,,1,1
GDF,PTR,3OV1,true,within_cutoff,23,16,5.791,A,93,95,93,,95,,1,1
LIR,PTR,3OVE,true,within_cutoff,27,16,2.717,A,84,86,84,,86,,1,1
GDF,PTR,3OVE,true,within_cutoff,23,16,5.764,A,93,95,93,,95,,1,1
GEV,PTR,3Q6W,true,within_cutoff,20,32,9.178,A,1119,1121,1119,,1121,,1,1
GEV,PTR,3R7O,true,within_cutoff,20,32,9.233,A,1119,1121,1119,,1121,,1,1
LIR,PTR,3S8L,true,within_cutoff,27,16,2.697,A,84,86,84,,86,,1,1
GDF,PTR,3S8L,true,within_cutoff,23,16,5.810,A,93,95,93,,95,,1,1
LIR,PTR,3S8N,true,within_cutoff,27,16,2.844,A,84,86,84,,86,,1,1
GDF,PTR,3S8N,true,within_cutoff,23,16,5.849,A,93,95,93,,95,,1,1
LIR,PTR,3S8O,true,within_cutoff,27,16,2.699,A,84,86,84,,86,,1,1
GDF,PTR,3S8O,true,within_cutoff,23,16,5.823,A,93,95,93,,95,,1,1
IKP,PTR,3SAY,true,within_cutoff,48,32,7.039,A,182,184,182,,184,,1,2
GDF,PTR,3TKZ,true,within_cutoff,23,32,5.590,A,39,41,39,,41,,1,1
GDF,PTR,3TL0,true,within_cutoff,23,16,5.690,A,39,41,39,,41,,1,1
VAF,PTR,3TU7,true,within_cutoff,23,16,7.576,H,112,114,112,,114,,1,1
LIR,PTR,3WA4,true,within_cutoff,27,16,2.781,A,84,86,84,,86,,1,1
GDF,PTR,3WA4,true,within_cutoff,23,16,5.875,A,93,95,93,,95,,1,1
LGP,PTR,3ZC6,true,within_cutoff,76,128,9.119,A,1091,1093,1091,,1093,,1,4
IKP,PTR,3ZDI,true,within_cutoff,24,16,9.620,A,182,184,182,,184,,1,1
VEP,PTR,3ZDI,true,within_cutoff,16,16,9.380,,,,,,,,,0
LGP,PTR,3ZEP,true,within_cutoff,76,128,7.962,D,1091,1093,1091,,1093,,4,4
IKP,PTR,3ZRK,true,within_cutoff,48,32,9.055,A,182,184,182,,184,,1,2
IKP,PTR,3ZRL,true,within_cutoff,48,32,8.951,A,182,184,182,,184,,1,2
IKP,PTR,3ZRM,true,within_cutoff,48,32,9.148,A,182,184,182,,184,,1,2
IKP,PTR,4AFJ,true,within_cutoff,48,32,8.966,A,182,184,182,,184,,1,2
WI,PTR,4CH2,true,within_cutoff,44,96,4.034,D,569,570,569,,570,,2,2
WI,PTR,4CH8,true,within_cutoff,88,64,6.603,B,569,570,569,,570,,1,4
CH,PTR,4DIT,true,within_cutoff,16,16,8.514,A,178,179,178,,179,,1,1
NH,PTR,4E5W,true,within_cutoff,36,64,9.169,B,917,918,917,,918,,2,2
IKP,PTR,4E7W,true,within_cutoff,24,16,9.750,A,163,165,163,,165,,1,1
NH,PTR,4EHZ,true,within_cutoff,61,128,9.747,,,,,,,,,0
GDF,PTR,4EWH,true,within_cutoff,46,32,8.711,B,269,271,269,,271,,1,2
ANP,PTR,4EY0,true,within_cutoff,80,64,7.292,C,786,788,786,,788,,3,4
NH,PTR,4FK6,true,within_cutoff,36,64,9.355,A,917,918,917,,918,,1,2
AAA,PTR,4GFH,true,within_cutoff,40,32,2.624,F,777,779,777,,779,,3,4
AAR,PTR,4GFH,true,within_cutoff,42,32,1.329,F,779,781,779,,781,,2,2
LIR,PTR,4GL9,true,within_cutoff,108,192,2.400,G,69,71,69,,71,,3,4
NH,PTR,4IAN,true,within_cutoff,36,32,5.859,B,895,896,895,,896,,2,2
NH,PTR,4IFC,true,within_cutoff,36,32,7.982,B,895,896,895,,896,,2,2
NH,PTR,4IIR,true,within_cutoff,36,32,7.838,B,895,896,895,,896,,2,2
NH,PTR,4IJP,true,within_cutoff,36,32,7.922,B,895,896,895,,896,,2,2
IKP,PTR,4IJP,true,within_cutoff,48,32,9.922,A,816,818,816,,818,,1,2
NH,PTR,4IVB,true,within_cutoff,28,64,9.441,,,,,,,,,0
NH,PTR,4IVC,true,within_cutoff,28,64,9.425,,,,,,,,,0
NH,PTR,4IVD,true,within_cutoff,28,64,9.853,,,,,,,,,0
GEV,PTR,4IWD,true,within_cutoff,20,32,8.983,A,1119,1121,1119,,1121,,1,1
IKP,PTR,4J1R,true,within_cutoff,96,64,6.142,A,182,184,182,,184,,1,4
IKP,PTR,4J71,true,within_cutoff,48,32,6.679,B,182,184,182,,184,,2,2
LIR,PTR,4JMG,true,within_cutoff,27,16,2.690,A,64,66,64,,66,,1,1
GDF,PTR,4JMG,true,within_cutoff,23,16,5.642,A,73,75,73,,75,,1,1
DGK,PTR,4JMG,true,within_cutoff,21,16,6.714,A,188,190,188,,190,,1,1
LIR,PTR,4JMH,true,within_cutoff,27,32,2.853,A,64,66,64,,66,,1,1
GDF,PTR,4JMH,true,within_cutoff,23,32,5.941,A,73,75,73,,75,,1,1
NH,PTR,4K6Z,true,within_cutoff,10,32,8.737,,,,,,,,,0
LIR,PTR,4P9V,true,within_cutoff,27,16,2.680,A,84,86,84,,86,,1,1
GDF,PTR,4P9V,true,within_cutoff,23,16,5.816,A,93,95,93,,95,,1,1
LIR,PTR,4P9Z,true,within_cutoff,27,16,2.646,A,84,86,84,,86,,1,1
GDF,PTR,4P9Z,true,within_cutoff,23,16,5.727,A,93,95,93,,95,,1,1
GDF,PTR,4QSY,true,within_cutoff,23,16,5.485,A,39,41,39,,41,,1,1
AAR,PTR,4R3P,true,within_cutoff,21,16,8.638,A,839,841,839,,841,,1,1
AAR,PTR,4R3R,true,within_cutoff,21,32,3.166,A,839,841,839,,841,,1,1
CH,PTR,4RH5,true,within_cutoff,29,23,7.633,A,754,755,754,,755,,1,1
CH,PTR,4RH9,true,within_cutoff,29,23,7.716,A,754,755,754,,755,,1,1
CH,PTR,4RHG,true,within_cutoff,29,23,7.583,A,754,755,754,,755,,1,1
LIR,PTR,4ROJ,true,within_cutoff,81,48,2.784,C,696,698,696,,698,,3,3
CH,PTR,4ROJ,true,within_cutoff,48,48,4.419,C,749,750,749,,750,,3,3
MER,PTR,4ROJ,true,within_cutoff,84,48,2.620,B,678,680,678,,680,,2,3
CH,PTR,4S0G,true,within_cutoff,27,23,7.594,A,754,755,754,,755,,1,1
LIR,PTR,4U1P,true,within_cutoff,27,16,2.750,A,48,50,48,,50,,1,1
LGP,PTR,4V0G,true,within_cutoff,38,64,7.242,B,1091,1093,1091,,1093,,2,2
GDF,PTR,4XLV,true,within_cutoff,23,48,9.759,A,1149,1151,1149,,1151,,1,1
RPR,PTR,4XZ1,true,within_cutoff,62,46,1.856,A,190,192,190,,192,,1,1
AQK,PTR,4Y5U,true,within_cutoff,46,32,7.330,A,478,480,478,,480,,1,2
VPA,PTR,4Y5U,true,within_cutoff,38,32,1.306,A,642,644,642,,644,,1,2
AQK,PTR,4Y5W,true,within_cutoff,92,64,7.145,B,478,480,478,,480,,2,4
VPA,PTR,4Y5W,true,within_cutoff,76,64,1.327,C,642,644,642,,644,,4,4
LGP,PTR,4Z16,true,within_cutoff,76,128,9.494,C,1091,1093,1091,,1093,,3,4
AAR,PTR,4ZJV,true,within_cutoff,42,64,8.402,A,839,841,839,,841,,1,2
NH,PTR,5A3X,true,within_cutoff,72,64,3.127,D,232,233,232,,233,,4,4
NH,PTR,5A4E,true,within_cutoff,72,64,3.244,A,232,233,232,,233,,1,4
NH,PTR,5A4L,true,within_cutoff,72,64,3.076,A,232,233,232,,233,,1,4
NH,PTR,5A4Q,true,within_cutoff,72,64,3.159,C,232,233,232,,233,,3,4
NH,PTR,5A4T,true,within_cutoff,72,64,2.999,C,232,233,232,,233,,3,4
NH,PTR,5A54,true,within_cutoff,72,64,3.173,A,232,233,232,,233,,1,4
NH,PTR,5AIK,true,within_cutoff,72,64,3.380,A,232,233,232,,233,,1,4
GEV,PTR,5AUL,true,within_cutoff,26,32,8.193,A,665,667,665,,667,,1,1
LGP,PTR,5C26,true,within_cutoff,19,48,9.474,A,453,455,453,,455,,1,1
AAR,PTR,5C26,true,within_cutoff,21,48,3.056,A,496,498,496,,498,,1,1
AAA,PTR,5CDM,true,within_cutoff,60,46,2.028,C,118,120,118,,120,,2,2
AAA,PTR,5CDN,true,within_cutoff,60,64,2.775,A,118,120,118,,120,,1,4
AAA,PTR,5CDO,true,within_cutoff,120,92,2.070,A,118,120,118,,120,,1,4
AAA,PTR,5CDQ,true,within_cutoff,60,64,2.871,A,118,120,118,,120,,1,4
LIR,PTR,5CDW,true,within_cutoff,992,368,1.692,O,32,34,32,,34,,9,16
GDF,PTR,5CDW,true,within_cutoff,624,368,4.705,V,41,43,41,,43,,12,16
AAR,PTR,5CZH,true,within_cutoff,21,16,8.819,A,839,841,839,,841,,1,1
DEE,PTR,5CZH,true,within_cutoff,42,16,3.368,B,101,103,101,,103,,2,2
AAR,PTR,5CZI,true,within_cutoff,21,16,8.623,A,839,841,839,,841,,1,1
AQK,PTR,5D39,true,within_cutoff,92,64,6.617,B,478,480,478,,480,,2,4
VPA,PTR,5D39,true,within_cutoff,76,64,1.330,A,642,644,642,,644,,1,4
GDF,PTR,5DF6,true,within_cutoff,46,32,5.169,A,39,41,39,,41,,1,2
NH,PTR,5E1E,true,within_cutoff,36,64,9.984,B,917,918,917,,918,,2,2
HED,PTR,5GJH,true,within_cutoff,54,32,9.646,A,98,100,98,,100,,1,2
GDF,PTR,5GJH,true,within_cutoff,46,32,5.914,C,90,92,90,,92,,2,2
IKP,PTR,5HLN,true,within_cutoff,48,28,9.768,B,182,184,182,,184,,2,2
NH,PTR,5HX8,true,within_cutoff,36,64,9.819,B,917,918,917,,918,,2,2
WK,PTR,5HZ0,true,within_cutoff,23,16,1.325,A,3,4,3,,4,,1,1
IKP,PTR,5K5N,true,within_cutoff,48,32,7.195,A,182,184,182,,184,,1,2
GDF,PTR,5KHW,true,within_cutoff,46,64,9.956,B,1020,1022,1020,,1022,,2,2
IKP,PTR,5KPK,true,within_cutoff,48,32,7.140,B,182,184,182,,184,,2,2
IKP,PTR,5KPL,true,within_cutoff,48,32,9.167,B,182,184,182,,184,,2,2
IKP,PTR,5KPM,true,within_cutoff,48,32,6.971,B,182,184,182,,184,,2,2
GGD,PTR,5LQ0,true,within_cutoff,32,32,9.306,B,336,338,336,,338,,2,2
WI,PTR,5MQR,true,within_cutoff,22,16,7.793,A,400,401,400,,401,,1,1
WK,PTR,5MQR,true,within_cutoff,46,16,2.889,A,280,281,280,,281,,1,2
NH,PTR,5MQR,true,within_cutoff,54,16,2.908,A,76,77,76,,77,,1,3
WI,PTR,5MQS,true,within_cutoff,22,16,7.764,A,400,401,400,,401,,1,1
WK,PTR,5MQS,true,within_cutoff,46,16,2.802,A,280,281,280,,281,,1,2
NH,PTR,5MQS,true,within_cutoff,54,16,2.925,A,76,77,76,,77,,1,3
WI,PTR,5NJJ,true,within_cutoff,88,64,3.578,A,139,140,139,,140,,1,4
GER,PTR,5NJJ,true,within_cutoff,96,64,6.617,C,151,153,151,,153,,3,4
DEE,PTR,5NJJ,true,within_cutoff,104,64,8.409,C,28,30,28,,30,,3,4
WI,PTR,5NJK,true,within_cutoff,132,96,3.416,B,139,140,139,,140,,2,6
IKP,PTR,5OY4,true,within_cutoff,48,32,9.047,B,182,184,182,,184,,2,2
IKP,PTR,5T31,true,within_cutoff,48,32,9.356,A,182,184,182,,184,,1,2
LEA,PTR,5U1M,true,within_cutoff,25,18,9.183,A,254,256,254,,256,,1,1
LGP,PTR,5W86,true,within_cutoff,76,128,9.659,B,1091,1093,1091,,1093,,2,4
NH,PTR,5WO4,true,within_cutoff,36,64,8.104,B,917,918,917,,918,,2,2
GDF,PTR,5X7B,true,within_cutoff,46,32,5.670,A,145,147,145,,147,,2,2
GDF,PTR,5X94,true,within_cutoff,92,64,4.712,B,39,41,39,,41,,3,4
NH,PTR,6A1G,true,within_cutoff,36,32,3.374,B,232,233,232,,233,,2,2
NH,PTR,6AAH,true,within_cutoff,25,64,9.132,,,,,,,,,0
LGP,PTR,6AAK,true,within_cutoff,76,128,9.327,A,1091,1093,1091,,1093,,1,4
IKP,PTR,6AE3,true,within_cutoff,96,64,6.019,A,182,184,182,,184,,1,4
ARR,PTR,6AGX,true,within_cutoff,108,160,3.544,B,578,580,578,,580,,2,4
NH,PTR,6BBU,true,within_cutoff,18,32,9.874,A,917,918,917,,918,,1,1
LIR,PTR,6C5X,true,within_cutoff,54,16,2.630,A,102,104,102,,104,,2,2
CF,PTR,6C5X,true,within_cutoff,34,16,5.239,A,111,112,111,,112,,2,2
GEV,PTR,6CZ2,true,within_cutoff,20,16,7.115,A,203,205,203,,205,,1,1
WI,PTR,6DF1,true,within_cutoff,22,16,6.373,H,47,48,47,,48,,1,1
INP,PTR,6DF1,true,within_cutoff,23,16,3.214,H,51,52A,51,,52,A,1,1
ARR,PTR,6DF1,true,within_cutoff,27,16,2.736,H,93,95,93,,95,,1,1
WI,PTR,6DF2,true,within_cutoff,44,32,6.330,B,47,48,47,,48,,2,2
INP,PTR,6DF2,true,within_cutoff,46,32,2.972,B,51,52A,51,,52,A,2,2
ARR,PTR,6DF2,true,within_cutoff,54,32,2.461,B,93,95,93,,95,,2,2
LIR,PTR,6E8K,true,within_cutoff,27,16,2.869,A,44,46,44,,46,,1,1
LIR,PTR,6E8M,true,within_cutoff,27,16,2.810,A,44,46,44,,46,,1,1
NH,PTR,6EIF,true,within_cutoff,72,64,3.187,A,232,233,232,,233,,1,4
NH,PTR,6EIJ,true,within_cutoff,72,64,3.134,C,232,233,232,,233,,3,4
NH,PTR,6EIL,true,within_cutoff,126,92,2.604,A,232,233,232,,233,,1,4
NH,PTR,6EIP,true,within_cutoff,72,64,3.230,C,232,233,232,,233,,3,4
NH,PTR,6EIQ,true,within_cutoff,72,64,3.101,A,232,233,232,,233,,1,4
NH,PTR,6EIR,true,within_cutoff,72,64,3.176,A,232,233,232,,233,,1,4
NH,PTR,6EIS,true,within_cutoff,72,64,3.250,A,232,233,232,,233,,1,4
NH,PTR,6EIV,true,within_cutoff,72,64,3.186,C,232,233,232,,233,,3,4
NH,PTR,6EJ4,true,within_cutoff,72,64,3.209,A,232,233,232,,233,,1,4
CH,PTR,6F3F,true,within_cutoff,28,23,9.676,A,238,239,238,,239,,1,1
AAA,PTR,6FQM,true,within_cutoff,60,64,2.836,c,118,120,118,,120,,4,4
AAA,PTR,6FQS,true,within_cutoff,29,16,2.866,C,118,120,118,,120,,2,2
NH,PTR,6GGH,true,within_cutoff,36,64,8.046,A,917,918,917,,918,,1,2
IKP,PTR,6GN1,true,within_cutoff,48,32,8.381,A,182,184,182,,184,,2,2
IKP,PTR,6HK3,true,within_cutoff,48,32,8.071,A,182,184,182,,184,,1,2
IKP,PTR,6HK4,true,within_cutoff,48,32,6.046,B,182,184,182,,184,,2,2
IKP,PTR,6HK7,true,within_cutoff,24,16,9.710,A,182,184,182,,184,,1,1
LGP,PTR,6HZV,true,within_cutoff,76,128,8.488,D,1091,1093,1091,,1093,,4,4
LIR,PTR,6I4X,true,within_cutoff,27,16,2.878,A,71,73,71,,73,,1,1
LIR,PTR,6I5J,true,within_cutoff,54,64,2.854,A,71,73,71,,73,,1,2
LIR,PTR,6I5N,true,within_cutoff,54,64,2.809,A,71,73,71,,73,,1,2
QRR,PTR,6KC4,true,within_cutoff,186,96,6.717,E,501,503,501,,503,,3,6
AQK,PTR,6L1T,true,within_cutoff,230,160,6.941,B,78,80,78,,80,,2,10
AQK,PTR,6L1U,true,within_cutoff,345,240,7.056,F,78,80,78,,80,,6,15
CF,PTR,6LVM,true,within_cutoff,17,48,8.207,A,482,483,482,,483,,1,1
ARR,PTR,6LVM,true,within_cutoff,27,48,8.869,A,569,571,569,,571,,1,1
NH,PTR,6PJJ,true,within_cutoff,72,64,4.743,C,895,896,895,,896,,3,4
NH,PTR,6PK6,true,within_cutoff,18,16,7.594,A,895,896,895,,896,,1,1
LIR,PTR,6PXC,true,within_cutoff,27,16,2.770,A,205,207,205,,207,,1,1
NH,PTR,6PXC,true,within_cutoff,18,16,3.494,A,228,229,228,,229,,1,1
VEP,PTR,6QHD,true,within_cutoff,46,32,3.515,B,637,639,637,,639,,2,2
GDD,PTR,6QTC,true,within_cutoff,31,50,8.060,A,37,39,37,,39,,1,1
WK,PTR,6QTC,true,within_cutoff,46,50,8.922,A,45,46,45,,46,,1,1
GDF,PTR,6R5G,true,within_cutoff,39,24,6.189,A,145,147,145,,147,,1,1
GDF,PTR,6ROY,true,within_cutoff,46,32,5.104,B,39,41,39,,41,,2,2
LDF,PTR,6ROY,true,within_cutoff,54,32,6.797,C,4,6,4,,6,,2,2
ELD,PTR,6ROY,true,within_cutoff,50,32,3.759,C,3,5,3,,5,,2,2
GDF,PTR,6ROZ,true,within_cutoff,46,32,5.292,C,39,41,39,,41,,2,2
NH,PTR,6RSB,true,within_cutoff,28,64,8.510,,,,,,,,,0
NH,PTR,6RSC,true,within_cutoff,28,64,6.078,,,,,,,,,0
NH,PTR,6RSD,true,within_cutoff,28,64,8.135,,,,,,,,,0
NH,PTR,6RSE,true,within_cutoff,28,64,9.096,,,,,,,,,0
NH,PTR,6RSH,true,within_cutoff,28,64,8.860,,,,,,,,,0
NH,PTR,6SM8,true,within_cutoff,36,64,8.474,B,917,918,917,,918,,2,2
NH,PTR,6SMB,true,within_cutoff,36,64,7.958,B,917,918,917,,918,,2,2
IKP,PTR,6TCU,true,within_cutoff,24,16,9.510,A,182,184,182,,184,,1,1
NH,PTR,6TPE,true,within_cutoff,36,64,9.452,A,917,918,917,,918,,1,2
NH,PTR,6TPF,true,within_cutoff,28,64,8.370,,,,,,,,,0
DGK,PTR,6UIP,true,within_cutoff,9,48,7.186,,,,,,,,,0
IKP,PTR,6V6L,true,within_cutoff,24,16,9.505,A,182,184,182,,184,,1,1
LIR,PTR,6WM1,true,within_cutoff,54,32,2.599,A,84,86,84,,86,,1,2
GDF,PTR,6WM1,true,within_cutoff,46,32,5.506,A,93,95,93,,95,,1,2
LIR,PTR,6WO2,true,within_cutoff,54,32,2.585,A,84,86,84,,86,,1,2
GDF,PTR,6WO2,true,within_cutoff,46,32,5.677,A,93,95,93,,95,,1,2
IKP,PTR,6Y9R,true,within_cutoff,24,16,9.489,A,182,184,182,,184,,1,1
IKP,PTR,6Y9S,true,within_cutoff,48,32,6.831,B,182,184,182,,184,,2,2
NH,PTR,6YF8,true,within_cutoff,72,64,3.198,C,232,233,232,,233,,3,4
NH,PTR,7A4O,true,within_cutoff,36,32,3.518,B,232,233,232,,233,,2,2
NH,PTR,7A4W,true,within_cutoff,36,32,3.397,B,232,233,232,,233,,2,2
NH,PTR,7A55,true,within_cutoff,36,32,3.525,B,232,233,232,,233,,2,2
NH,PTR,7A5B,true,within_cutoff,36,32,3.511,B,232,233,232,,233,,2,2
IKP,PTR,7B6F,true,within_cutoff,24,16,9.075,A,182,184,182,,184,,1,1
GEV,PTR,7CIO,true,within_cutoff,20,16,8.663,A,665,667,665,,667,,1,1
ARR,PTR,7DHL,true,within_cutoff,27,48,8.573,A,569,571,569,,571,,1,1
NH,PTR,7FHS,true,within_cutoff,72,64,3.237,A,232,233,232,,233,,1,4
NH,PTR,7FHT,true,within_cutoff,72,64,3.342,A,232,233,232,,233,,1,4
GDD,PTR,7NXE,true,within_cutoff,8,32,2.775,,,,,,,,,0
NH,PTR,7O7K,true,within_cutoff,36,32,3.469,A,232,233,232,,233,,1,2
LIR,PTR,7Q5T,true,within_cutoff,324,192,2.609,EEE,193,195,193,,195,,10,12
LIR,PTR,7Q5U,true,within_cutoff,324,192,2.573,EEE,193,195,193,,195,,10,12
LIR,PTR,7Q5W,true,within_cutoff,324,192,2.611,FFF,193,195,193,,195,,12,12
LNF,PTR,7R06,true,within_cutoff,162,96,9.398,F,138,140,138,,140,,6,6
ELD,PTR,7R06,true,within_cutoff,150,96,3.053,C,39,41,39,,41,,3,6
LNF,PTR,7R07,true,within_cutoff,162,96,9.250,D,138,140,138,,140,,4,6
ELD,PTR,7R07,true,within_cutoff,126,96,3.270,B,39,41,39,,41,,2,6
LIR,PTR,7RNV,true,within_cutoff,27,16,2.777,A,696,698,696,,698,,1,1
MER,PTR,7RNV,true,within_cutoff,28,16,2.699,A,678,680,678,,680,,1,1
IKP,PTR,7S6V,true,within_cutoff,24,16,9.720,A,152,154,152,,154,,1,1
IKP,PTR,7SXF,true,within_cutoff,24,16,9.401,A,245,247,245,,247,,1,1
IKP,PTR,7SXG,true,within_cutoff,24,16,9.420,A,245,247,245,,247,,1,1
IKP,PTR,7SXH,true,within_cutoff,24,16,9.037,A,182,184,182,,184,,1,1
IKP,PTR,7SXJ,true,within_cutoff,24,16,9.034,A,182,184,182,,184,,1,1
LIR,PTR,7UY0,true,within_cutoff,54,32,2.409,B,173,175,173,,175,,2,2
WK,PTR,7UYR,true,within_cutoff,23,32,9.893,A,944,945,944,,945,,1,1
WK,PTR,7UYS,true,within_cutoff,23,32,9.588,A,944,945,944,,945,,1,1
WK,PTR,7UYT,true,within_cutoff,20,32,9.278,A,944,945,944,,945,,1,1
WK,PTR,7UYU,true,within_cutoff,20,32,9.712,A,944,945,944,,945,,1,1
LGP,PTR,7UYV,true,within_cutoff,76,128,8.683,A,1091,1093,1091,,1093,,1,4
NH,PTR,7W7X,true,within_cutoff,36,32,3.709,B,374,375,374,,375,,2,2
NH,PTR,7W7Y,true,within_cutoff,36,32,3.515,B,374,375,374,,375,,2,2
LIR,PTR,7WFY,true,within_cutoff,27,16,2.882,C,696,698,696,,698,,1,1
MER,PTR,7WFY,true,within_cutoff,28,16,2.277,C,678,680,678,,680,,1,1
IKP,PTR,7Z1F,true,within_cutoff,48,32,9.331,A,182,184,182,,184,,1,2
DGK,PTR,7Z5N,true,within_cutoff,33,128,6.659,,,,,,,,,0
AAA,PTR,7Z9C,true,within_cutoff,60,44,2.333,A,117,119,117,,119,,1,2
AAA,PTR,7Z9G,true,within_cutoff,60,48,2.225,A,117,119,117,,119,,1,2
AAA,PTR,7Z9K,true,within_cutoff,60,44,2.277,A,117,119,117,,119,,1,2
AAA,PTR,7Z9M,true,within_cutoff,60,44,2.282,A,117,119,117,,119,,1,2
IKP,PTR,8AUZ,true,within_cutoff,48,32,6.764,A,182,184,182,,184,,1,2
IKP,PTR,8AV1,true,within_cutoff,48,32,5.729,A,182,184,182,,184,,1,2
NH,PTR,8C3G,true,within_cutoff,72,64,3.392,D,232,233,232,,233,,4,4
DGK,PTR,8C3Q,true,within_cutoff,20,32,6.632,,,,,,,,,0
DGK,PTR,8C3R,true,within_cutoff,32,32,7.335,A,410,412,410,,412,,1,2
LIR,PTR,8DGO,true,within_cutoff,54,16,2.802,B,84,86,84,,86,,2,2
GDF,PTR,8DGO,true,within_cutoff,92,16,5.805,B,93,95,93,,95,,3,4
LIR,PTR,8DGQ,true,within_cutoff,54,64,2.603,A,205,207,205,,207,,1,2
NH,PTR,8DGQ,true,within_cutoff,36,64,3.314,A,228,229,228,,229,,1,2
AAR,PTR,8DWN,true,within_cutoff,21,16,4.556,A,1134,1136,1134,,1136,,1,1
AAR,PTR,8E1X,true,within_cutoff,42,64,8.790,A,628,630,628,,630,,1,2
ARR,PTR,8E1X,true,within_cutoff,54,64,4.319,B,578,580,578,,580,,2,2
CH,PTR,8FLA,true,within_cutoff,80,16,9.154,LC,22,23,22,,23,,3,5
LEP,PTR,8FLA,true,within_cutoff,24,16,9.002,LE,151,153,151,,153,,1,1
MER,PTR,8FLA,true,within_cutoff,28,16,8.916,NR,117,119,117,,119,,1,1
CH,PTR,8FLB,true,within_cutoff,80,16,9.411,LC,22,23,22,,23,,3,5
LEP,PTR,8FLB,true,within_cutoff,24,16,8.675,LE,151,153,151,,153,,1,1
MER,PTR,8FLB,true,within_cutoff,28,16,8.918,NR,117,119,117,,119,,1,1
CH,PTR,8FLC,true,within_cutoff,48,16,9.265,LC,22,23,22,,23,,2,3
LEP,PTR,8FLC,true,within_cutoff,24,16,9.036,LE,151,153,151,,153,,1,1
MER,PTR,8FLC,true,within_cutoff,28,16,9.253,NR,117,119,117,,119,,1,1
NH,PTR,8H7F,true,within_cutoff,36,32,3.491,B,374,375,374,,375,,2,2
NH,PTR,8H7H,true,within_cutoff,36,32,3.889,B,374,375,374,,375,,2,2
NH,PTR,8I7S,true,within_cutoff,36,32,3.575,B,374,375,374,,375,,2,2
VAD,PTR,8I7S,true,within_cutoff,40,32,9.981,B,379,381,379,,381,,2,2
NH,PTR,8I7T,true,within_cutoff,36,32,3.720,B,374,375,374,,375,,2,2
VAD,PTR,8I7T,true,within_cutoff,40,32,9.710,B,379,381,379,,381,,2,2
NH,PTR,8I7Z,true,within_cutoff,36,32,4.003,B,374,375,374,,375,,2,2
IKP,PTR,8QJI,true,within_cutoff,24,16,9.553,A,182,184,182,,184,,1,1
NH,PTR,8RPC,true,within_cutoff,36,16,5.122,A,572,573,572,,573,,2,2
LGP,PTR,8RPN,true,within_cutoff,76,128,9.032,A,1091,1093,1091,,1093,,1,4
NH,PTR,8S85,true,within_cutoff,36,64,8.223,B,917,918,917,,918,,2,2
NH,PTR,8T2H,true,within_cutoff,36,32,3.109,B,232,233,232,,233,,2,2
DGK,PTR,8YEV,true,within_cutoff,42,32,5.487,A,410,412,410,,412,,1,2
WI,PTR,8YYU,true,within_cutoff,44,32,7.083,D,557,558,557,,558,,2,2
VEP,PTR,8YYU,true,within_cutoff,46,32,3.468,D,631,633,631,,633,,2,2
ANP,PTR,9CAL,true,within_cutoff,20,16,9.732,A,92,94,92,,94,,1,1
NH,PTR,9CY5,true,within_cutoff,36,32,3.115,B,232,233,232,,233,,2,2
GDF,PTR,9EHD,true,within_cutoff,39,23,5.322,A,39,41,39,,41,,1,1
GDF,PTR,9EIK,true,within_cutoff,39,23,4.679,A,39,41,39,,41,,1,1
DGK,PTR,9FPX,true,within_cutoff,16,32,7.002,,,,,,,,,0
AAA,PTR,9GGQ,true,within_cutoff,30,32,3.148,C,117,119,117,,119,,2,2
IKP,PTR,9HVX,true,within_cutoff,24,16,9.778,A,158,160,158,,160,,1,1
WI,PTR,9I24,true,within_cutoff,22,16,3.983,H,237,238,237,,238,,1,1
NH,PTR,9KRJ,true,within_cutoff,36,32,3.305,A,232,233,232,,233,,1,2
NH,PTR,9KS5,true,within_cutoff,36,32,4.257,B,374,375,374,,375,,2,2
VAD,PTR,9KS5,true,within_cutoff,40,32,9.891,B,379,381,379,,381,,2,2
GDF,PTR,9MQ5,true,within_cutoff,46,48,5.226,A,39,41,39,,41,,1,2
VAD,PTR,9NS0,true,within_cutoff,38,24,9.238,A,405,407,405,,407,,1,1
IKP,PTR,9PE9,true,within_cutoff,48,32,7.338,B,182,184,182,,184,,2,2
GDF,PTR,9QA5,true,within_cutoff,23,16,5.339,A,39,41,39,,41,,1,1
GDF,PTR,9QCD,true,within_cutoff,78,46,5.103,B,145,147,145,,147,,2,2
VAF,PTR,9T00,true,within_cutoff,46,64,9.449,A,429,431,429,,431,,1,2
AAA,PTR,9T00,true,within_cutoff,30,64,4.523,D,703,705,703,,705,,2,2
DEE,PTR,9T00,true,within_cutoff,26,64,6.062,B,689,691,689,,691,,1,1
NH,PTR,9YKO,true,within_cutoff,72,64,3.158,A,232,233,232,,233,,1,4
LNF,TPO,11SD,true,within_cutoff,54,22,3.307,A,174,176,174,,176,,1,2
LNF,TPO,11SE,true,within_cutoff,54,22,3.287,C,174,176,174,,176,,2,2
LNF,TPO,11SF,true,within_cutoff,54,22,3.492,A,174,176,174,,176,,1,2
LNF,TPO,11SG,true,within_cutoff,54,22,3.318,A,174,176,174,,176,,1,2
LNF,TPO,11SH,true,within_cutoff,54,22,3.213,C,174,176,174,,176,,2,2
LNF,TPO,11SI,true,within_cutoff,54,22,3.245,C,174,176,174,,176,,2,2
LNF,TPO,11SJ,true,within_cutoff,54,22,3.293,A,174,176,174,,176,,1,2
LNF,TPO,11ZU,true,within_cutoff,54,22,3.191,A,174,176,174,,176,,1,2
LIR,TPO,1GXC,true,within_cutoff,100,44,3.007,K,5,7,5,,7,,4,4
CF,TPO,1GXC,true,within_cutoff,68,44,9.020,D,124,125,124,,125,,2,4
NH,TPO,1I8H,true,within_cutoff,31,17,9.488,B,21,22,21,,22,,1,1
LNF,TPO,1IB1,true,within_cutoff,108,44,3.387,D,172,174,172,,174,,4,4
QRR,TPO,1IB1,true,within_cutoff,124,44,3.084,H,27,29,27,,29,,4,4
ARR,TPO,1IB1,true,within_cutoff,108,44,2.770,D,54,56,54,,56,,4,4
CH,TPO,1J4L,true,within_cutoff,29,17,7.375,A,650,651,650,,651,,1,1
CF,TPO,1J4L,true,within_cutoff,31,17,9.460,A,623,624,623,,624,,1,1
CH,TPO,1K2N,true,within_cutoff,29,17,7.454,A,650,651,650,,651,,1,1
CF,TPO,1K2N,true,within_cutoff,31,17,9.509,A,623,624,623,,624,,1,1
LNF,TPO,1O9D,true,within_cutoff,27,11,3.177,A,181,183,181,,183,,1,1
ARR,TPO,1O9D,true,within_cutoff,27,11,2.459,A,61,63,61,,63,,1,1
LNF,TPO,1O9F,true,within_cutoff,27,11,3.147,A,181,183,181,,183,,1,1
ARR,TPO,1O9F,true,within_cutoff,27,11,2.413,A,61,63,61,,63,,1,1
LDF,TPO,1UA2,true,within_cutoff,108,44,8.313,D,15,17,15,,17,,4,4
VNP,TPO,1YJM,true,within_cutoff,66,33,3.807,A,69,71,69,,71,,1,3
DEE,TPO,1YJM,true,within_cutoff,34,33,1.331,,,,,,,,,0
WI,TPO,1YRP,true,within_cutoff,44,22,9.511,B,274,275,274,,275,,2,2
LEA,TPO,1YRP,true,within_cutoff,44,22,6.199,B,196,198,196,,198,,2,2
GLQ,TPO,1ZRZ,true,within_cutoff,17,22,8.057,A,241,243,241,,243,,1,1
GDF,TPO,2A19,true,within_cutoff,46,11,9.340,B,431,433,431,,433,,1,2
DGK,TPO,2A19,true,within_cutoff,59,11,3.829,B,442,444,442,,444,,2,3
GDF,TPO,2A1A,true,within_cutoff,23,11,9.391,B,431,433,431,,433,,1,1
DGK,TPO,2A1A,true,within_cutoff,38,11,4.276,B,442,444,442,,444,,2,2
WK,TPO,2B2T,true,within_cutoff,69,11,9.591,A,64,65,64,,65,,1,3
QRR,TPO,2JFM,true,within_cutoff,15,11,2.749,A,185,187,185,,187,,1,1
NH,TPO,2JOC,true,within_cutoff,32,17,3.280,A,24,25,24,,25,,1,1
DEE,TPO,2MG5,true,within_cutoff,42,15,5.382,A,118,120,118,,120,,1,1
NH,TPO,2PIE,true,within_cutoff,18,11,4.703,A,62,63,62,,63,,1,1
WI,TPO,2RLT,true,within_cutoff,43,17,1.524,A,34,35,34,,35,,1,1
QRR,TPO,2RLT,true,within_cutoff,65,17,6.903,A,26,28,26,,28,,1,1
QRR,TPO,2UV2,true,within_cutoff,19,11,2.932,A,185,187,185,,187,,1,1
LNF,TPO,2V7D,true,within_cutoff,108,44,2.772,C,172,174,172,,174,,3,4
ARR,TPO,2V7D,true,within_cutoff,108,44,3.055,D,54,56,54,,56,,4,4
NH,TPO,2W8D,true,within_cutoff,72,22,2.702,B,411,412,411,,412,,3,4
IKP,TPO,2WTV,true,within_cutoff,96,88,5.363,D,257,259,257,,259,,4,4
LNF,TPO,30TI,true,within_cutoff,27,11,3.219,A,174,176,174,,176,,1,1
LNF,TPO,30TJ,true,within_cutoff,27,11,3.176,A,174,176,174,,176,,1,1
LNF,TPO,30TL,true,within_cutoff,27,11,3.146,A,179,181,179,,181,,1,1
AAA,TPO,30TL,true,within_cutoff,15,11,1.325,B,-2,0,-2,,0,,1,1
LNF,TPO,30TM,true,within_cutoff,27,11,3.261,A,174,176,174,,176,,1,1
AAA,TPO,30TM,true,within_cutoff,15,11,1.344,B,591,593,591,,593,,1,1
GDF,TPO,31ZN,true,within_cutoff,23,11,9.983,B,579,581,579,,581,,1,1
GER,TPO,32AW,true,within_cutoff,72,33,5.139,C,202,204,202,,204,,2,3
GLQ,TPO,3A8W,true,within_cutoff,42,44,8.934,B,241,243,241,,243,,2,2
GLQ,TPO,3A8X,true,within_cutoff,42,44,9.211,B,241,243,241,,243,,2,2
CF,TPO,3AL3,true,within_cutoff,20,11,6.287,A,1299,1300,1299,,1300,,1,1
FDP,TPO,3AL3,true,within_cutoff,26,11,7.329,A,1300,1302,1300,,1302,,1,1
WI,TPO,3ALO,true,within_cutoff,22,11,6.612,A,175,176,175,,176,,1,1
LIR,TPO,3AMT,true,within_cutoff,54,11,6.640,A,42,44,42,,44,,1,2
MER,TPO,3AMT,true,within_cutoff,28,11,8.714,A,26,28,26,,28,,1,1
LIR,TPO,3AMU,true,within_cutoff,54,11,6.263,A,42,44,42,,44,,1,2
MER,TPO,3AMU,true,within_cutoff,28,11,8.838,A,26,28,26,,28,,1,1
GER,TPO,3BLH,true,within_cutoff,35,11,4.094,,,,,,,,,0
GER,TPO,3BLQ,true,within_cutoff,24,11,3.963,A,202,204,202,,204,,1,1
GER,TPO,3BLR,true,within_cutoff,24,11,4.023,A,202,204,202,,204,,1,1
WK,TPO,3C4W,true,within_cutoff,92,11,3.383,B,89,90,89,,90,,3,4
LEA,TPO,3C4W,true,within_cutoff,88,11,9.627,B,460,462,460,,462,,4,4
VAD,TPO,3COM,true,within_cutoff,40,44,8.343,A,204,206,204,,206,,1,2
GDF,TPO,3D5W,true,within_cutoff,23,11,9.800,A,179,181,179,,181,,1,1
GER,TPO,3D5W,true,within_cutoff,24,11,6.634,A,191,193,191,,193,,1,1
LNF,TPO,3E6Y,true,within_cutoff,54,22,3.144,A,181,183,181,,183,,1,2
ARR,TPO,3E6Y,true,within_cutoff,54,22,2.520,A,61,63,61,,63,,1,2
CF,TPO,3E87,true,within_cutoff,34,44,9.893,A,226,227,226,,227,,1,2
GER,TPO,3LQ5,true,within_cutoff,24,11,3.999,A,202,204,202,,204,,1,1
LNF,TPO,3LW1,true,within_cutoff,27,11,3.168,A,174,176,174,,176,,1,1
WK,TPO,3MI9,true,within_cutoff,23,11,8.402,C,11,12,11,,12,,1,1
GER,TPO,3MI9,true,within_cutoff,24,11,3.937,A,202,204,202,,204,,1,1
WK,TPO,3MIA,true,within_cutoff,23,11,8.735,C,11,12,11,,12,,1,1
GER,TPO,3MIA,true,within_cutoff,24,11,4.009,A,202,204,202,,204,,1,1
GER,TPO,3MY1,true,within_cutoff,24,11,4.426,A,202,204,202,,204,,1,1
MER,TPO,3OJY,true,within_cutoff,28,11,7.064,B,311,313,311,,313,,1,1
LGP,TPO,3OUN,true,within_cutoff,19,11,6.646,B,269,271,269,,271,,1,1
VAD,TPO,3OUN,true,within_cutoff,40,11,3.916,B,262,264,262,,264,,2,2
GDF,TPO,3TL8,true,within_cutoff,92,176,9.662,H,433,435,433,,435,,4,4
MER,TPO,3TL8,true,within_cutoff,112,176,5.189,A,551,553,551,,553,,1,4
DEE,TPO,3TL8,true,within_cutoff,208,176,9.469,D,425,427,425,,427,,3,8
GER,TPO,3TN8,true,within_cutoff,24,11,4.424,A,202,204,202,,204,,1,1
GER,TPO,3TNH,true,within_cutoff,24,11,4.124,A,202,204,202,,204,,1,1
GER,TPO,3TNI,true,within_cutoff,24,11,4.333,A,202,204,202,,204,,1,1
LIR,TPO,3U02,true,within_cutoff,108,44,6.090,D,41,43,41,,43,,4,4
CF,TPO,3UEC,true,within_cutoff,34,11,8.102,A,60,61,60,,61,,2,2
CF,TPO,3UED,true,within_cutoff,68,22,8.351,A,60,61,60,,61,,2,4
CF,TPO,3UIG,true,within_cutoff,68,22,8.231,B,60,61,60,,61,,4,4
AAR,TPO,3UIG,true,within_cutoff,16,22,1.327,,,,,,,,,0
GLQ,TPO,3ZH8,true,within_cutoff,55,66,8.846,C,241,243,241,,243,,3,3
CF,TPO,4A0J,true,within_cutoff,68,22,8.469,A,60,61,60,,61,,2,4
CF,TPO,4A0N,true,within_cutoff,34,11,8.424,A,60,61,60,,61,,2,2
GER,TPO,4BCF,true,within_cutoff,24,11,4.398,A,202,204,202,,204,,1,1
GER,TPO,4BCG,true,within_cutoff,24,11,4.212,A,202,204,202,,204,,1,1
GER,TPO,4BCH,true,within_cutoff,24,11,4.367,A,202,204,202,,204,,1,1
GER,TPO,4BCI,true,within_cutoff,24,11,4.456,A,202,204,202,,204,,1,1
GER,TPO,4BCJ,true,within_cutoff,24,11,3.778,A,202,204,202,,204,,1,1
CH,TPO,4BL0,true,within_cutoff,32,22,7.081,A,240,241,240,,241,,1,2
GEV,TPO,4BU0,true,within_cutoff,40,22,9.299,B,180,182,180,,182,,1,2
GDF,TPO,4BU0,true,within_cutoff,28,22,7.692,A,50,52,50,,52,,1,1
CC,TPO,4BU0,true,within_cutoff,12,22,3.780,A,13,14,13,,14,,1,1
IKP,TPO,4CEG,true,within_cutoff,24,11,9.528,A,257,259,257,,259,,1,1
GLQ,TPO,4DC2,true,within_cutoff,21,11,9.052,A,240,242,240,,242,,1,1
GER,TPO,4EC8,true,within_cutoff,24,11,4.352,A,202,204,202,,204,,1,1
GER,TPO,4EC9,true,within_cutoff,24,11,4.251,A,202,204,202,,204,,1,1
GER,TPO,4IMY,true,within_cutoff,138,51,2.654,E,202,204,202,,204,,3,3
LNF,TPO,4JC3,true,within_cutoff,27,11,3.149,A,174,176,174,,176,,1,1
LNF,TPO,4JDD,true,within_cutoff,27,11,3.288,A,174,176,174,,176,,1,1
WI,TPO,4KUJ,true,within_cutoff,44,44,8.592,B,180,181,180,,181,,2,2
NH,TPO,4L1U,true,within_cutoff,134,64,6.871,,,,,,,,,0
WI,TPO,4NL0,true,within_cutoff,44,44,8.548,B,180,181,180,,181,,2,2
CH,TPO,4NM5,true,within_cutoff,16,11,8.633,A,178,179,178,,179,,1,1
WK,TPO,4OGR,true,within_cutoff,138,51,7.437,M,11,12,11,,12,,3,3
GER,TPO,4OGR,true,within_cutoff,138,51,3.281,A,202,204,202,,204,,1,3
WK,TPO,4OR5,true,within_cutoff,46,22,8.312,H,11,12,11,,12,,2,2
GER,TPO,4OR5,true,within_cutoff,48,22,4.792,A,202,204,202,,204,,1,2
CF,TPO,4QBS,true,within_cutoff,34,11,7.320,A,557,558,557,,558,,2,2
WK,TPO,4QOZ,true,within_cutoff,23,11,3.656,C,190,191,190,,191,,1,1
LIR,TPO,4RVZ,true,within_cutoff,54,11,6.062,Z,42,44,42,,44,,1,2
NH,TPO,4RVZ,true,within_cutoff,18,11,9.981,Z,245,246,245,,246,,1,1
MER,TPO,4RVZ,true,within_cutoff,28,11,9.726,Z,26,28,26,,28,,1,1
NH,TPO,4UOO,true,within_cutoff,180,55,3.113,B,421,422,421,,422,,3,10
NH,TPO,4UOR,true,within_cutoff,396,121,2.664,G,421,422,421,,422,,13,22
DGK,TPO,4WNO,true,within_cutoff,21,11,9.122,A,199,201,199,,201,,1,1
DGK,TPO,4WNP,true,within_cutoff,84,44,9.096,D,199,201,199,,201,,4,4
EDA,TPO,4YM4,true,within_cutoff,22,11,3.925,B,5,7,5,,7,,1,1
CF,TPO,5AZI,true,within_cutoff,204,22,4.712,D,278,279,278,,279,,12,12
CF,TPO,5AZJ,true,within_cutoff,204,22,4.639,B,278,279,278,,279,,6,12
DGK,TPO,5CI7,true,within_cutoff,41,17,8.490,A,199,201,199,,201,,1,1
VAD,TPO,5DH3,true,within_cutoff,40,44,8.238,A,201,203,201,,203,,1,2
IKP,TPO,5DN3,true,within_cutoff,24,11,4.831,A,257,259,257,,259,,1,1
IKP,TPO,5DNR,true,within_cutoff,24,11,5.184,A,257,259,257,,259,,1,1
LNF,TPO,5EXA,true,within_cutoff,54,22,3.267,A,172,174,172,,174,,1,2
ARR,TPO,5EXA,true,within_cutoff,54,22,2.655,B,54,56,54,,56,,2,2
CC,TPO,5FB0,true,within_cutoff,24,22,4.715,A,716,717,716,,717,,1,2
NH,TPO,5GOV,true,within_cutoff,36,18,3.265,A,198,199,198,,199,,2,2
NH,TPO,5HES,true,within_cutoff,13,11,1.336,A,159,160,159,,160,,1,1
GDR,TPO,5IY5,true,within_cutoff,46,22,8.287,C,154,156,154,,156,,1,2
DEE,TPO,5J7J,true,within_cutoff,42,17,3.546,A,118,120,118,,120,,1,1
NH,TPO,5K4P,true,within_cutoff,18,11,3.463,A,394,395,394,,395,,1,1
WK,TPO,5L1Z,true,within_cutoff,23,11,7.929,D,11,12,11,,12,,1,1
GER,TPO,5L1Z,true,within_cutoff,24,11,5.067,A,202,204,202,,204,,1,1
IKP,TPO,5L8K,true,within_cutoff,24,11,8.228,A,257,259,257,,259,,1,1
IKP,TPO,5L8L,true,within_cutoff,24,11,4.952,A,257,259,257,,259,,1,1
GLQ,TPO,5LI9,true,within_cutoff,21,22,8.842,A,250,252,250,,252,,1,1
GLQ,TPO,5LIH,true,within_cutoff,42,44,8.679,B,250,252,250,,252,,2,2
NH,TPO,5LRN,true,within_cutoff,36,22,3.114,A,394,395,394,,395,,1,2
NH,TPO,5LVF,true,within_cutoff,31,17,4.483,A,65,66,65,,66,,1,1
LNF,TPO,5MHC,true,within_cutoff,53,16,2.471,A,174,176,174,,176,,1,1
LNF,TPO,5MOC,true,within_cutoff,53,16,2.550,A,174,176,174,,176,,1,1
LNF,TPO,5MXO,true,within_cutoff,53,16,2.369,A,174,176,174,,176,,1,1
LNF,TPO,5N10,true,within_cutoff,106,32,2.502,A,174,176,174,,176,,1,2
FGG,TPO,5N10,true,within_cutoff,66,32,9.176,C,581,583,581,,583,,1,2
ARR,TPO,5N10,true,within_cutoff,116,32,2.050,B,56,58,56,,58,,2,2
IKP,TPO,5ORL,true,within_cutoff,24,11,9.680,A,257,259,257,,259,,1,1
LIR,TPO,5TJ3,true,within_cutoff,27,11,8.747,A,264,266,264,,266,,1,1
FGG,TPO,5VAX,true,within_cutoff,76,44,8.544,B,153,155,153,,155,,2,4
GEV,TPO,5VCV,true,within_cutoff,76,16,6.343,A,264,266,264,,266,,2,2
GDR,TPO,5W97,true,within_cutoff,46,22,9.461,C,154,156,154,,156,,1,2
LNF,TPO,5WXN,true,within_cutoff,54,22,3.308,A,172,174,172,,174,,1,2
ARR,TPO,5WXN,true,within_cutoff,54,22,2.244,A,54,56,54,,56,,1,2
GDR,TPO,5X19,true,within_cutoff,46,22,9.987,C,154,156,154,,156,,1,2
GDR,TPO,5X1F,true,within_cutoff,46,22,9.719,C,154,156,154,,156,,1,2
LIR,TPO,5XOB,true,within_cutoff,54,11,5.284,Z,42,44,42,,44,,1,2
NH,TPO,5XOB,true,within_cutoff,18,11,9.118,Z,245,246,245,,246,,1,1
MER,TPO,5XOB,true,within_cutoff,28,11,8.627,Z,26,28,26,,28,,1,1
LNF,TPO,5XY9,true,within_cutoff,54,22,3.305,B,172,174,172,,174,,2,2
ARR,TPO,5XY9,true,within_cutoff,54,22,2.521,A,54,56,54,,56,,1,2
WI,TPO,5YF4,true,within_cutoff,22,22,3.938,A,106,107,106,,107,,1,1
NH,TPO,5YLC,true,within_cutoff,18,11,2.932,A,179,180,179,,180,,1,1
NH,TPO,5YLE,true,within_cutoff,18,11,4.446,A,179,180,179,,180,,1,1
NH,TPO,5YLF,true,within_cutoff,18,11,2.950,A,179,180,179,,180,,1,1
GDR,TPO,5Z85,true,within_cutoff,46,22,9.715,C,154,156,154,,156,,1,2
GDR,TPO,5ZCO,true,within_cutoff,46,22,9.462,C,154,156,154,,156,,1,2
GDR,TPO,5ZCP,true,within_cutoff,46,22,9.621,C,154,156,154,,156,,1,2
NH,TPO,5ZJV,true,within_cutoff,18,11,2.907,A,179,180,179,,180,,1,1
LIR,TPO,6AGG,true,within_cutoff,54,11,6.154,Z,42,44,42,,44,,1,2
NH,TPO,6AGG,true,within_cutoff,18,11,9.856,Z,245,246,245,,246,,1,1
MER,TPO,6AGG,true,within_cutoff,28,11,9.383,Z,26,28,26,,28,,1,1
NH,TPO,6AR2,true,within_cutoff,62,34,3.939,B,54,55,54,,55,,2,2
LNF,TPO,6BCR,true,within_cutoff,212,64,2.371,E,172,174,172,,174,,3,4
LNF,TPO,6BCY,true,within_cutoff,212,64,2.194,E,172,174,172,,174,,3,4
EDA,TPO,6BDL,true,within_cutoff,36,22,6.380,B,337,339,337,,339,,2,2
EDA,TPO,6BG2,true,within_cutoff,34,44,6.155,A,337,339,337,,339,,2,2
LNF,TPO,6BQT,true,within_cutoff,424,128,2.218,A,172,174,172,,174,,1,8
WK,TPO,6CYT,true,within_cutoff,23,11,8.555,D,11,12,11,,12,,1,1
GER,TPO,6CYT,true,within_cutoff,24,11,5.063,A,202,204,202,,204,,1,1
FGG,TPO,6DCN,true,within_cutoff,38,22,8.701,A,146,148,146,,148,,1,2
INP,TPO,6E2M,true,within_cutoff,7,11,9.423,,,,,,,,,0
GER,TPO,6GZH,true,within_cutoff,24,11,4.324,A,202,204,202,,204,,1,1
LNF,TPO,6HHP,true,within_cutoff,27,11,3.198,A,174,176,174,,176,,1,1
LNF,TPO,6HKB,true,within_cutoff,27,11,3.236,A,174,176,174,,176,,1,1
LNF,TPO,6HKF,true,within_cutoff,27,11,3.234,A,174,176,174,,176,,1,1
GDF,TPO,6HM3,true,within_cutoff,23,22,7.708,A,50,52,50,,52,,1,1
CC,TPO,6HM3,true,within_cutoff,12,22,3.733,A,13,14,13,,14,,1,1
LNF,TPO,6HMT,true,within_cutoff,27,11,3.208,A,174,176,174,,176,,1,1
LNF,TPO,6HMU,true,within_cutoff,27,11,3.234,A,174,176,174,,176,,1,1
LNF,TPO,6HN2,true,within_cutoff,27,11,3.208,A,174,176,174,,176,,1,1
FGG,TPO,6I2P,true,within_cutoff,38,44,9.198,A,19,21,19,,21,,1,2
AAA,TPO,6I2P,true,within_cutoff,30,44,9.023,A,63,65,63,,65,,1,2
ELD,TPO,6I2P,true,within_cutoff,25,44,7.392,D,32,34,32,,34,,1,1
CF,TPO,6J9X,true,within_cutoff,204,22,8.548,C,278,279,278,,279,,9,12
NH,TPO,6LI4,true,within_cutoff,36,22,2.905,A,394,395,394,,395,,1,2
NH,TPO,6LI5,true,within_cutoff,36,22,2.932,A,394,395,394,,395,,1,2
NH,TPO,6LI6,true,within_cutoff,63,32,2.251,A,394,395,394,,395,,1,2
VPA,TPO,6LI6,true,within_cutoff,80,32,8.889,B,492,494,492,,494,,2,2
GDR,TPO,6OWO,true,within_cutoff,23,11,2.314,N,110,112,110,,112,,1,1
GDR,TPO,6OXL,true,within_cutoff,17,11,5.783,N,110,112,110,,112,,1,1
LNF,TPO,6QDR,true,within_cutoff,53,16,2.596,A,174,176,174,,176,,1,1
LNF,TPO,6QDS,true,within_cutoff,53,16,2.720,A,174,176,174,,176,,1,1
LNF,TPO,6QDT,true,within_cutoff,53,16,2.613,A,174,176,174,,176,,1,1
LNF,TPO,6QZR,true,within_cutoff,216,88,3.073,G,174,176,174,,176,,8,8
RPR,TPO,6QZR,true,within_cutoff,71,88,5.153,,,,,,,,,0
LNF,TPO,6R5L,true,within_cutoff,27,11,3.217,A,174,176,174,,176,,1,1
NH,TPO,6RA7,true,within_cutoff,18,22,9.850,A,273,274,273,,274,,1,1
WI,TPO,6RIR,true,within_cutoff,44,22,8.880,A,102,103,102,,103,,1,2
RPR,TPO,6RIR,true,within_cutoff,58,22,2.537,C,130,132,130,,132,,2,2
LNF,TPO,6RJZ,true,within_cutoff,53,16,2.542,A,174,176,174,,176,,1,1
LNF,TPO,6RK8,true,within_cutoff,53,16,2.472,A,174,176,174,,176,,1,1
LNF,TPO,6RKI,true,within_cutoff,27,11,3.282,A,174,176,174,,176,,1,1
LNF,TPO,6RKK,true,within_cutoff,53,16,2.475,A,174,176,174,,176,,1,1
LNF,TPO,6RKM,true,within_cutoff,27,11,3.329,A,174,176,174,,176,,1,1
LNF,TPO,6RL3,true,within_cutoff,53,11,3.125,A,174,176,174,,176,,1,1
LNF,TPO,6RL4,true,within_cutoff,53,16,2.463,A,174,176,174,,176,,1,1
LNF,TPO,6RL6,true,within_cutoff,53,16,2.494,A,174,176,174,,176,,1,1
LNF,TPO,6RM5,true,within_cutoff,53,16,2.535,A,174,176,174,,176,,1,1
LNF,TPO,6RM7,true,within_cutoff,53,16,2.498,A,174,176,174,,176,,1,1
LNF,TPO,6RWH,true,within_cutoff,27,11,3.191,A,174,176,174,,176,,1,1
LNF,TPO,6RWI,true,within_cutoff,27,11,3.182,A,174,176,174,,176,,1,1
LNF,TPO,6RWS,true,within_cutoff,27,11,3.223,A,174,176,174,,176,,1,1
LNF,TPO,6RWU,true,within_cutoff,27,11,3.265,A,174,176,174,,176,,1,1
LNF,TPO,6RX2,true,within_cutoff,27,11,3.206,A,174,176,174,,176,,1,1
LNF,TPO,6S39,true,within_cutoff,27,11,3.185,A,174,176,174,,176,,1,1
LNF,TPO,6S3C,true,within_cutoff,27,11,3.200,A,174,176,174,,176,,1,1
LNF,TPO,6S40,true,within_cutoff,27,11,3.214,A,174,176,174,,176,,1,1
LNF,TPO,6S9Q,true,within_cutoff,53,16,2.496,A,174,176,174,,176,,1,1
LNF,TPO,6SIN,true,within_cutoff,27,11,3.249,A,174,176,174,,176,,1,1
LNF,TPO,6SIO,true,within_cutoff,27,11,3.240,A,174,176,174,,176,,1,1
LNF,TPO,6SIP,true,within_cutoff,27,11,3.283,A,174,176,174,,176,,1,1
LNF,TPO,6SIQ,true,within_cutoff,32,11,3.293,A,174,176,174,,176,,1,1
LNF,TPO,6SLV,true,within_cutoff,53,16,2.455,A,174,176,174,,176,,1,1
NH,TPO,6SUT,true,within_cutoff,31,17,3.175,A,394,395,394,,395,,1,1
VPA,TPO,6SUT,true,within_cutoff,40,17,8.754,A,492,494,492,,494,,1,1
LNF,TPO,6TJM,true,within_cutoff,53,16,2.505,A,174,176,174,,176,,1,1
LNF,TPO,6TL3,true,within_cutoff,53,16,2.426,A,174,176,174,,176,,1,1
GGD,TPO,6TWX,true,within_cutoff,64,22,7.435,A,488,490,488,,490,,1,4
LNF,TPO,6TWZ,true,within_cutoff,108,44,3.434,B,174,176,174,,176,,2,4
IKP,TPO,6VPL,true,within_cutoff,48,22,2.796,B,257,259,257,,259,,2,2
IKP,TPO,6VPM,true,within_cutoff,48,22,2.834,A,257,259,257,,259,,1,2
NH,TPO,6WET,true,within_cutoff,72,22,3.060,BaB,259,260,259,,260,,3,4
AAR,TPO,6WET,true,within_cutoff,42,22,9.907,BaB,454,456,454,,456,,2,2
LNF,TPO,6Y3M,true,within_cutoff,27,11,3.225,A,174,176,174,,176,,1,1
LNF,TPO,6Y3R,true,within_cutoff,27,11,3.258,A,174,176,174,,176,,1,1
VAD,TPO,6YAT,true,within_cutoff,40,44,8.533,B,204,206,204,,206,,2,2
CF,TPO,6YIF,true,within_cutoff,60,17,6.944,A,60,61,60,,61,,2,2
CF,TPO,6YIH,true,within_cutoff,60,17,7.061,A,60,61,60,,61,,2,2
LNF,TPO,6YLU,true,within_cutoff,27,11,3.206,A,174,176,174,,176,,1,1
LNF,TPO,6YO8,true,within_cutoff,108,44,3.333,C,172,174,172,,174,,3,4
VPA,TPO,6YO8,true,within_cutoff,76,44,1.331,H,521,523,521,,523,,4,4
ARR,TPO,6YO8,true,within_cutoff,108,44,2.965,C,54,56,54,,56,,3,4
GER,TPO,6Z45,true,within_cutoff,24,11,4.806,A,202,204,202,,204,,1,1
LNF,TPO,6ZVB,true,within_cutoff,27,11,3.378,A,174,176,174,,176,,1,1
LNF,TPO,6ZVC,true,within_cutoff,27,11,3.234,A,174,176,174,,176,,1,1
LNF,TPO,6ZVD,true,within_cutoff,27,11,3.201,A,174,176,174,,176,,1,1
LNF,TPO,6ZVE,true,within_cutoff,19,11,3.110,,,,,,,,,0
ARR,TPO,7A6R,true,within_cutoff,108,44,2.607,A,55,57,55,,57,,1,4
ARR,TPO,7A6Y,true,within_cutoff,108,44,2.684,A,55,57,55,,57,,1,4
LIR,TPO,7AA9,true,within_cutoff,170,128,7.672,K,63,65,63,,65,,6,6
NH,TPO,7AA9,true,within_cutoff,108,128,8.529,I,98,99,98,,99,,5,6
ELD,TPO,7B0U,true,within_cutoff,1500,352,7.125,S,248,250,248,,250,,45,60
LNF,TPO,7B15,true,within_cutoff,53,16,2.565,A,174,176,174,,176,,1,1
LNF,TPO,7B9M,true,within_cutoff,27,11,3.208,A,174,176,174,,176,,1,1
LNF,TPO,7B9R,true,within_cutoff,27,11,3.229,A,174,176,174,,176,,1,1
LNF,TPO,7B9T,true,within_cutoff,27,11,3.197,A,174,176,174,,176,,1,1
LNF,TPO,7BA3,true,within_cutoff,27,11,3.194,A,174,176,174,,176,,1,1
LNF,TPO,7BA5,true,within_cutoff,27,11,3.236,A,174,176,174,,176,,1,1
LNF,TPO,7BA6,true,within_cutoff,27,11,3.215,A,174,176,174,,176,,1,1
LNF,TPO,7BA7,true,within_cutoff,27,11,3.236,A,174,176,174,,176,,1,1
LNF,TPO,7BA8,true,within_cutoff,27,11,3.213,A,174,176,174,,176,,1,1
LNF,TPO,7BA9,true,within_cutoff,27,11,3.211,A,174,176,174,,176,,1,1
LNF,TPO,7BAA,true,within_cutoff,27,11,3.221,A,174,176,174,,176,,1,1
LNF,TPO,7BAB,true,within_cutoff,27,11,3.224,A,174,176,174,,176,,1,1
AAR,TPO,7BY0,true,within_cutoff,42,22,4.183,C,69,71,69,,71,,1,2
GEV,TPO,7CYV,true,within_cutoff,16,11,5.866,B,339,341,339,,341,,1,1
AAA,TPO,7D0J,true,within_cutoff,75,11,7.991,S,27,29,27,,29,,4,5
AQK,TPO,7DZ7,true,within_cutoff,55,22,4.568,,,,,,,,,0
FDP,TPO,7DZ7,true,within_cutoff,598,22,6.640,Z,186,188,186,,188,,23,23
ARR,TPO,7DZ7,true,within_cutoff,22,22,1.330,,,,,,,,,0
AQK,TPO,7DZ8,true,within_cutoff,55,11,4.251,,,,,,,,,0
FDP,TPO,7DZ8,true,within_cutoff,598,11,6.004,Z,186,188,186,,188,,23,23
AQK,TPO,7E0I,true,within_cutoff,32,11,4.251,,,,,,,,,0
ARR,TPO,7E0J,true,within_cutoff,22,11,1.330,,,,,,,,,0
AQK,TPO,7E0K,true,within_cutoff,32,11,4.568,,,,,,,,,0
CH,TPO,7L74,true,within_cutoff,32,66,8.618,B,144,145,144,,145,,2,2
NH,TPO,7L74,true,within_cutoff,72,66,5.940,A,162,163,162,,163,,1,4
LDF,TPO,7L74,true,within_cutoff,54,66,8.853,A,169,171,169,,171,,1,2
ELD,TPO,7L74,true,within_cutoff,50,66,3.069,B,58,60,58,,60,,2,2
CF,TPO,7LBK,true,within_cutoff,68,22,8.234,B,60,61,60,,61,,2,4
CF,TPO,7LBO,true,within_cutoff,68,22,8.561,A,60,61,60,,61,,2,4
CF,TPO,7LBP,true,within_cutoff,68,22,8.358,A,60,61,60,,61,,2,4
CF,TPO,7LBQ,true,within_cutoff,34,11,8.125,A,60,61,60,,61,,2,2
AAA,TPO,7LF8,true,within_cutoff,30,11,5.404,A,40,42,40,,42,,1,1
WI,TPO,7LWB,true,within_cutoff,22,11,9.340,A,102,103,102,,103,,1,1
LNF,TPO,7NFW,true,within_cutoff,27,11,3.216,A,174,176,174,,176,,1,1
LNF,TPO,7NIX,true,within_cutoff,53,11,3.248,A,174,176,174,,176,,1,1
LNF,TPO,7NIZ,true,within_cutoff,27,11,3.260,A,174,176,174,,176,,1,1
GER,TPO,7NWK,true,within_cutoff,24,11,4.756,A,202,204,202,,204,,1,1
LNF,TPO,7OBK,true,within_cutoff,53,16,2.467,A,174,176,174,,176,,1,1
LNF,TPO,7OBL,true,within_cutoff,53,16,2.662,A,174,176,174,,176,,1,1
LNF,TPO,7OPW,true,within_cutoff,53,11,3.152,A,174,176,174,,176,,1,1
LNF,TPO,7OQ7,true,within_cutoff,53,11,3.160,A,174,176,174,,176,,1,1
LNF,TPO,7OQ8,true,within_cutoff,53,11,3.191,C,174,176,174,,176,,1,1
LNF,TPO,7OR8,true,within_cutoff,53,12,3.345,A,174,176,174,,176,,1,1
LNF,TPO,7ORG,true,within_cutoff,53,12,3.238,A,174,176,174,,176,,1,1
LNF,TPO,7ORH,true,within_cutoff,53,12,3.334,A,174,176,174,,176,,1,1
LNF,TPO,7ORS,true,within_cutoff,53,12,3.323,A,174,176,174,,176,,1,1
LNF,TPO,7ORT,true,within_cutoff,53,12,3.278,A,174,176,174,,176,,1,1
LNF,TPO,7PWT,true,within_cutoff,53,16,2.446,A,174,176,174,,176,,1,1
LNF,TPO,7PWZ,true,within_cutoff,53,16,2.589,A,174,176,174,,176,,1,1
LNF,TPO,7QIP,true,within_cutoff,106,32,2.491,B,174,176,174,,176,,2,2
DEE,TPO,7SHQ,true,within_cutoff,26,11,5.899,B,118,120,118,,120,,1,1
GDR,TPO,7THU,true,within_cutoff,46,22,7.311,C,154,156,154,,156,,1,2
GDR,TPO,7TIE,true,within_cutoff,46,22,7.317,P,154,156,154,,156,,2,2
GDR,TPO,7TIH,true,within_cutoff,46,22,7.869,P,154,156,154,,156,,2,2
ELD,TPO,7TUJ,true,within_cutoff,46,51,5.875,A,1577,1579,1577,,1579,,1,1
GDF,TPO,7UKZ,true,within_cutoff,138,66,8.794,C,223,225,223,,225,,3,6
NH,TPO,7WAA,true,within_cutoff,36,22,2.445,A,178,179,178,,179,,1,2
VPA,TPO,7YCA,true,within_cutoff,19,11,9.935,Q,35,37,35,,37,,1,1
NH,TPO,7YJP,true,within_cutoff,36,22,3.062,A,394,395,394,,395,,1,2
NH,TPO,7YJQ,true,within_cutoff,36,22,2.839,B,394,395,394,,395,,2,2
NH,TPO,7YJR,true,within_cutoff,36,22,3.178,A,394,395,394,,395,,1,2
NH,TPO,7YJS,true,within_cutoff,36,22,3.027,A,394,395,394,,395,,1,2
NH,TPO,7YJT,true,within_cutoff,36,22,3.006,A,394,395,394,,395,,1,2
VAD,TPO,8A5J,true,within_cutoff,40,44,8.393,B,303,305,303,,305,,2,2
VAD,TPO,8A66,true,within_cutoff,40,44,4.053,B,304,306,304,,306,,2,2
LNF,TPO,8A9G,true,within_cutoff,54,22,3.286,B,172,174,172,,174,,2,2
VPA,TPO,8A9G,true,within_cutoff,38,22,1.343,D,521,523,521,,523,,2,2
ARR,TPO,8A9G,true,within_cutoff,54,22,2.988,B,54,56,54,,56,,2,2
LNF,TPO,8AFN,true,within_cutoff,53,11,3.211,A,174,176,174,,176,,1,1
LNF,TPO,8AI0,true,within_cutoff,53,16,2.417,A,174,176,174,,176,,1,1
LNF,TPO,8ALR,true,within_cutoff,27,11,3.226,A,174,176,174,,176,,1,1
LNF,TPO,8ALT,true,within_cutoff,27,11,3.228,A,174,176,174,,176,,1,1
LNF,TPO,8ALV,true,within_cutoff,53,11,3.238,A,174,176,174,,176,,1,1
LNF,TPO,8ALW,true,within_cutoff,27,11,3.213,A,174,176,174,,176,,1,1
LNF,TPO,8AM7,true,within_cutoff,27,11,3.223,A,174,176,174,,176,,1,1
LNF,TPO,8ANF,true,within_cutoff,27,11,3.240,A,174,176,174,,176,,1,1
LNF,TPO,8AOY,true,within_cutoff,27,11,3.252,A,174,176,174,,176,,1,1
LNF,TPO,8APS,true,within_cutoff,27,11,3.243,A,174,176,174,,176,,1,1
LNF,TPO,8AQ1,true,within_cutoff,27,11,3.213,A,174,176,174,,176,,1,1
LNF,TPO,8AQC,true,within_cutoff,27,11,3.234,A,174,176,174,,176,,1,1
LNF,TPO,8AQE,true,within_cutoff,27,11,3.230,A,174,176,174,,176,,1,1
LNF,TPO,8AQZ,true,within_cutoff,27,11,3.250,A,174,176,174,,176,,1,1
LNF,TPO,8AR4,true,within_cutoff,27,11,3.157,A,174,176,174,,176,,1,1
LNF,TPO,8AR5,true,within_cutoff,27,11,3.232,A,174,176,174,,176,,1,1
LNF,TPO,8ARG,true,within_cutoff,27,11,3.213,A,174,176,174,,176,,1,1
LNF,TPO,8ARO,true,within_cutoff,27,11,3.252,A,174,176,174,,176,,1,1
LNF,TPO,8ARQ,true,within_cutoff,27,11,3.215,A,174,176,174,,176,,1,1
LNF,TPO,8ARR,true,within_cutoff,27,11,3.212,A,174,176,174,,176,,1,1
LNF,TPO,8ARW,true,within_cutoff,27,11,3.199,A,174,176,174,,176,,1,1
LNF,TPO,8ARX,true,within_cutoff,27,11,3.205,A,174,176,174,,176,,1,1
LNF,TPO,8ARY,true,within_cutoff,27,11,3.202,A,174,176,174,,176,,1,1
LNF,TPO,8ARZ,true,within_cutoff,27,11,3.214,A,174,176,174,,176,,1,1
LNF,TPO,8AS1,true,within_cutoff,27,11,3.180,A,174,176,174,,176,,1,1
LNF,TPO,8AT9,true,within_cutoff,27,11,3.222,A,174,176,174,,176,,1,1
LNF,TPO,8ATP,true,within_cutoff,27,11,3.249,A,174,176,174,,176,,1,1
LNF,TPO,8AU2,true,within_cutoff,27,11,3.257,A,174,176,174,,176,,1,1
LNF,TPO,8AUS,true,within_cutoff,27,11,3.234,A,174,176,174,,176,,1,1
LNF,TPO,8AUY,true,within_cutoff,27,11,3.225,A,174,176,174,,176,,1,1
LNF,TPO,8AV3,true,within_cutoff,27,11,3.150,A,174,176,174,,176,,1,1
LNF,TPO,8AV4,true,within_cutoff,27,11,3.185,A,174,176,174,,176,,1,1
LNF,TPO,8AV7,true,within_cutoff,27,11,3.184,A,174,176,174,,176,,1,1
LNF,TPO,8AV8,true,within_cutoff,27,11,3.184,A,174,176,174,,176,,1,1
LNF,TPO,8AWG,true,within_cutoff,27,11,3.175,A,174,176,174,,176,,1,1
LNF,TPO,8AXE,true,within_cutoff,27,11,3.194,A,174,176,174,,176,,1,1
LNF,TPO,8AXU,true,within_cutoff,27,11,3.160,A,174,176,174,,176,,1,1
LNF,TPO,8AZE,true,within_cutoff,27,11,3.231,A,174,176,174,,176,,1,1
LNF,TPO,8B39,true,within_cutoff,27,11,3.257,A,174,176,174,,176,,1,1
LNF,TPO,8BI7,true,within_cutoff,27,11,3.265,A,174,176,174,,176,,1,1
LNF,TPO,8BWJ,true,within_cutoff,53,16,2.453,A,174,176,174,,176,,1,1
LNF,TPO,8BWX,true,within_cutoff,53,11,3.211,A,174,176,174,,176,,1,1
LNF,TPO,8BWZ,true,within_cutoff,53,16,2.403,A,174,176,174,,176,,1,1
LNF,TPO,8BX0,true,within_cutoff,53,16,2.421,A,174,176,174,,176,,1,1
LNF,TPO,8BX3,true,within_cutoff,53,16,2.463,A,174,176,174,,176,,1,1
LNF,TPO,8BX4,true,within_cutoff,53,16,2.418,A,174,176,174,,176,,1,1
LNF,TPO,8BXI,true,within_cutoff,53,16,2.453,A,174,176,174,,176,,1,1
LNF,TPO,8BXM,true,within_cutoff,53,11,3.216,A,174,176,174,,176,,1,1
LNF,TPO,8BXN,true,within_cutoff,53,11,3.261,A,174,176,174,,176,,1,1
LNF,TPO,8BXO,true,within_cutoff,53,11,3.231,A,174,176,174,,176,,1,1
LNF,TPO,8BXQ,true,within_cutoff,53,11,3.234,A,174,176,174,,176,,1,1
LNF,TPO,8BXS,true,within_cutoff,53,11,3.232,A,174,176,174,,176,,1,1
LNF,TPO,8BY9,true,within_cutoff,53,11,3.225,A,174,176,174,,176,,1,1
LNF,TPO,8BYB,true,within_cutoff,53,11,3.219,A,174,176,174,,176,,1,1
LNF,TPO,8BYC,true,within_cutoff,53,11,3.228,A,174,176,174,,176,,1,1
LNF,TPO,8BYD,true,within_cutoff,53,11,3.230,A,174,176,174,,176,,1,1
LNF,TPO,8BYE,true,within_cutoff,53,11,3.201,A,174,176,174,,176,,1,1
LNF,TPO,8BYF,true,within_cutoff,53,11,3.172,A,174,176,174,,176,,1,1
LNF,TPO,8BYG,true,within_cutoff,53,11,3.196,A,174,176,174,,176,,1,1
LNF,TPO,8BYO,true,within_cutoff,53,16,2.440,A,174,176,174,,176,,1,1
LNF,TPO,8BYY,true,within_cutoff,53,11,3.000,A,174,176,174,,176,,1,1
LNF,TPO,8BYZ,true,within_cutoff,53,11,3.189,A,174,176,174,,176,,1,1
LNF,TPO,8BZ0,true,within_cutoff,53,11,3.215,A,174,176,174,,176,,1,1
LNF,TPO,8BZ9,true,within_cutoff,53,11,3.249,A,174,176,174,,176,,1,1
LNF,TPO,8BZA,true,within_cutoff,53,11,3.200,A,174,176,174,,176,,1,1
LNF,TPO,8BZB,true,within_cutoff,53,11,3.178,A,174,176,174,,176,,1,1
LNF,TPO,8BZC,true,within_cutoff,53,11,3.195,A,174,176,174,,176,,1,1
LNF,TPO,8BZD,true,within_cutoff,53,16,2.438,A,174,176,174,,176,,1,1
LNF,TPO,8BZE,true,within_cutoff,53,16,2.439,A,174,176,174,,176,,1,1
LNF,TPO,8BZF,true,within_cutoff,53,16,2.510,A,174,176,174,,176,,1,1
LNF,TPO,8BZG,true,within_cutoff,53,16,2.459,A,174,176,174,,176,,1,1
LNF,TPO,8BZH,true,within_cutoff,53,16,2.479,A,174,176,174,,176,,1,1
LNF,TPO,8BZT,true,within_cutoff,53,16,2.563,A,174,176,174,,176,,1,1
LNF,TPO,8BZW,true,within_cutoff,53,11,3.181,A,174,176,174,,176,,1,1
LNF,TPO,8C04,true,within_cutoff,53,11,3.188,A,174,176,174,,176,,1,1
LNF,TPO,8C0K,true,within_cutoff,53,11,3.241,A,174,176,174,,176,,1,1
LNF,TPO,8C0L,true,within_cutoff,53,11,3.260,A,174,176,174,,176,,1,1
IKP,TPO,8C14,true,within_cutoff,24,11,4.874,A,257,259,257,,259,,1,1
IKP,TPO,8C1E,true,within_cutoff,24,11,5.213,A,257,259,257,,259,,1,1
IKP,TPO,8C1M,true,within_cutoff,24,11,2.914,A,257,259,257,,259,,1,1
LNF,TPO,8C3Z,true,within_cutoff,27,11,3.230,A,174,176,174,,176,,1,1
LNF,TPO,8C40,true,within_cutoff,27,11,3.256,A,174,176,174,,176,,1,1
LNF,TPO,8C42,true,within_cutoff,27,11,3.285,A,174,176,174,,176,,1,1
LNF,TPO,8C43,true,within_cutoff,27,11,3.227,A,174,176,174,,176,,1,1
LNF,TPO,8C4F,true,within_cutoff,53,11,3.198,A,174,176,174,,176,,1,1
LNF,TPO,8C4G,true,within_cutoff,53,11,3.194,A,174,176,174,,176,,1,1
LNF,TPO,8DGM,true,within_cutoff,27,11,3.777,A,175,177,175,,177,,1,1
ARR,TPO,8DGM,true,within_cutoff,27,11,2.397,A,55,57,55,,57,,1,1
DEE,TPO,8FNY,true,within_cutoff,48,22,7.579,B,118,120,118,,120,,1,2
DEE,TPO,8FO6,true,within_cutoff,26,11,6.502,B,118,120,118,,120,,1,1
GDR,TPO,8GCQ,true,within_cutoff,46,22,8.402,P,154,156,154,,156,,2,2
DEE,TPO,8GM4,true,within_cutoff,22,11,7.305,B,118,120,118,,120,,1,1
DEE,TPO,8GM5,true,within_cutoff,22,11,7.525,B,118,120,118,,120,,1,1
VPA,TPO,8HAW,true,within_cutoff,38,22,4.391,A,154x,156x,154,x,156,x,1,2
LNF,TPO,8HEW,true,within_cutoff,27,11,3.317,A,176,178,176,,178,,1,1
ARR,TPO,8HEW,true,within_cutoff,27,11,2.775,A,56,58,56,,58,,1,1
VPA,TPO,8HG5,true,within_cutoff,19,11,9.935,Q,35,37,35,,37,,1,1
CF,TPO,8HTU,true,within_cutoff,11,11,8.803,,,,,,,,,0
GER,TPO,8I0L,true,within_cutoff,24,11,4.547,A,202,204,202,,204,,1,1
GER,TPO,8K5R,true,within_cutoff,24,11,4.079,A,202,204,202,,204,,1,1
DGK,TPO,8P5G,true,within_cutoff,82,34,8.449,A,199,201,199,,201,,1,2
DGK,TPO,8P5H,true,within_cutoff,82,34,8.430,A,199,201,199,,201,,1,2
DGK,TPO,8P5I,true,within_cutoff,164,68,8.464,D,199,201,199,,201,,4,4
DGK,TPO,8P5J,true,within_cutoff,82,34,8.494,A,199,201,199,,201,,1,2
DGK,TPO,8P5K,true,within_cutoff,164,68,8.543,D,199,201,199,,201,,4,4
DGK,TPO,8P5L,true,within_cutoff,82,34,8.414,A,199,201,199,,201,,1,2
VAD,TPO,8PAV,true,within_cutoff,40,44,8.278,A,204,206,204,,206,,1,2
VAD,TPO,8PAW,true,within_cutoff,40,44,8.306,A,204,206,204,,206,,1,2
GDF,TPO,8QEL,true,within_cutoff,23,11,9.757,B,431,433,431,,433,,1,1
DGK,TPO,8QEL,true,within_cutoff,38,11,3.727,B,442,444,442,,444,,2,2
GLQ,TPO,8R3X,true,within_cutoff,42,44,8.819,A,250,252,250,,252,,1,2
DEE,TPO,8R4O,true,within_cutoff,136,66,7.822,K,103,105,103,,105,,6,6
AAA,TPO,8R4Q,true,within_cutoff,90,66,8.619,B,257,259,257,,259,,1,6
DEE,TPO,8R4Q,true,within_cutoff,140,66,7.020,I,103,105,103,,105,,5,6
DEE,TPO,8R4U,true,within_cutoff,104,44,8.026,A,103,105,103,,105,,1,4
LIR,TPO,8R4V,true,within_cutoff,75,33,8.395,C,293,295,293,,295,,3,3
DEE,TPO,8R4V,true,within_cutoff,62,33,9.935,B,103,105,103,,105,,2,3
CF,TPO,8RUP,true,within_cutoff,60,17,6.800,K,60,61,60,,61,,2,2
HED,TPO,8TIL,true,within_cutoff,44,33,8.336,A,296,298,296,,298,,1,1
DGK,TPO,8TIL,true,within_cutoff,41,33,8.756,A,291,293,291,,293,,1,1
HED,TPO,8TIO,true,within_cutoff,44,34,8.133,A,295,297,295,,297,,1,1
DGK,TPO,8TIO,true,within_cutoff,41,34,9.333,A,290,292,290,,292,,1,1
HED,TPO,8VJ9,true,within_cutoff,44,33,8.937,A,296,298,296,,298,,1,1
DGK,TPO,8VJ9,true,within_cutoff,41,33,9.829,A,291,293,291,,293,,1,1
IKP,TPO,9BZG,true,within_cutoff,24,11,3.284,A,257,259,257,,259,,1,1
IKP,TPO,9BZL,true,within_cutoff,24,11,3.068,B,257,259,257,,259,,1,1
NH,TPO,9C0E,true,within_cutoff,36,66,9.337,B,1203,1204,1203,,1204,,2,2
NH,TPO,9C0G,true,within_cutoff,36,22,9.564,B,1203,1204,1203,,1204,,2,2
NH,TPO,9C0H,true,within_cutoff,36,44,8.975,A,1203,1204,1203,,1204,,1,2
LNF,TPO,9DYB,true,within_cutoff,27,11,3.323,A,129,131,129,,131,,1,1
GDD,TPO,9DYB,true,within_cutoff,20,11,3.056,A,132,134,132,,134,,1,1
HED,TPO,9E82,true,within_cutoff,27,22,8.252,A,295,297,295,,297,,1,1
DGK,TPO,9E82,true,within_cutoff,21,22,9.428,A,290,292,290,,292,,1,1
GLQ,TPO,9EJL,true,within_cutoff,17,22,8.508,B,250,252,250,,252,,1,1
CH,TPO,9EJL,true,within_cutoff,47,22,9.589,B,182,183,182,,183,,2,3
ARR,TPO,9EJL,true,within_cutoff,21,22,8.500,B,129,131,129,,131,,1,1
GLQ,TPO,9EJM,true,within_cutoff,17,22,9.526,B,250,252,250,,252,,1,1
DEE,TPO,9FJH,true,within_cutoff,52,28,5.324,C,83,85,83,,85,,1,1
DEE,TPO,9FJJ,true,within_cutoff,83,34,4.897,U,83,85,83,,85,,2,2
IKP,TPO,9FMP,true,within_cutoff,48,11,5.464,B,601,603,601,,603,,2,2
NH,TPO,9GYE,true,within_cutoff,18,11,3.264,A,119,120,119,,120,,1,1
LNF,TPO,9I6S,true,within_cutoff,27,11,3.214,A,174,176,174,,176,,1,1
LNF,TPO,9I6T,true,within_cutoff,27,11,3.239,A,174,176,174,,176,,1,1
LNF,TPO,9I6U,true,within_cutoff,27,11,3.229,A,174,176,174,,176,,1,1
LNF,TPO,9I6V,true,within_cutoff,27,11,3.240,A,174,176,174,,176,,1,1
LNF,TPO,9I6W,true,within_cutoff,27,11,3.232,A,174,176,174,,176,,1,1
LNF,TPO,9I6X,true,within_cutoff,27,11,3.219,A,174,176,174,,176,,1,1
LNF,TPO,9I6Y,true,within_cutoff,27,11,3.198,A,174,176,174,,176,,1,1
LNF,TPO,9I6Z,true,within_cutoff,27,11,3.205,A,174,176,174,,176,,1,1
LNF,TPO,9I70,true,within_cutoff,27,11,3.219,A,174,176,174,,176,,1,1
LNF,TPO,9I71,true,within_cutoff,27,11,3.251,A,174,176,174,,176,,1,1
LNF,TPO,9I72,true,within_cutoff,27,11,3.205,A,174,176,174,,176,,1,1
LNF,TPO,9I73,true,within_cutoff,27,11,3.241,A,174,176,174,,176,,1,1
LNF,TPO,9I74,true,within_cutoff,27,11,3.225,A,174,176,174,,176,,1,1
LNF,TPO,9I75,true,within_cutoff,27,11,3.229,A,174,176,174,,176,,1,1
GDF,TPO,9I9I,true,within_cutoff,23,11,9.182,K,579,581,579,,581,,1,1
NH,TPO,9IVD,true,within_cutoff,36,11,3.471,B,74,75,74,,75,,1,2
NH,TPO,9J5K,true,within_cutoff,72,22,2.330,F,117,118,117,,118,,3,4
FDP,TPO,9JZR,true,within_cutoff,442,22,5.910,f,218,220,218,,220,,2,17
GGD,TPO,9JZR,true,within_cutoff,64,22,7.441,f,214,216,214,,216,,1,4
DGK,TPO,9NFS,true,within_cutoff,9,22,4.145,,,,,,,,,0
DEE,TPO,9OCW,true,within_cutoff,22,11,7.729,A,44,46,44,,46,,1,1
DEE,TPO,9PCQ,true,within_cutoff,26,11,7.753,B00A,118,120,118,,120,,1,1
LNF,TPO,9QNK,true,within_cutoff,27,11,3.221,A,174,176,174,,176,,1,1
DGK,TPO,9SE8,true,within_cutoff,42,22,9.029,B,199,201,199,,201,,2,2
CF,TPO,9SI9,true,within_cutoff,34,11,7.122,M,60,61,60,,61,,2,2
CF,TPO,9SJ5,true,within_cutoff,34,11,6.725,M,60,61,60,,61,,2,2
LNF,TPO,9SV3,true,within_cutoff,133,22,2.857,D,172,174,172,,174,,2,3
ARR,TPO,9SV3,true,within_cutoff,85,22,1.881,D,54,56,54,,56,,2,2
NH,TPO,9TP7,true,within_cutoff,186,92,4.186,E,576,577,576,,577,,5,6
CF,TPO,9TPH,true,within_cutoff,68,22,8.014,B,60,61,60,,61,,4,4
CF,TPO,9TPI,true,within_cutoff,68,22,7.911,A,60,61,60,,61,,2,4
LNF,TPO,9UJ2,true,within_cutoff,54,22,3.302,B,172,174,172,,174,,1,2
ARR,TPO,9UJ2,true,within_cutoff,54,22,2.827,B,54,56,54,,56,,1,2
LNF,TPO,9Y7E,true,within_cutoff,54,22,3.286,A,174,176,174,,176,,1,2
LNF,TPO,9YC4,true,within_cutoff,54,22,3.259,A,174,176,174,,176,,1,2
LNF,SEP,1A37,true,within_cutoff,54,20,2.691,B,172,174,172,,174,,2,2
ARR,SEP,1A37,true,within_cutoff,54,20,2.702,A,54,56,54,,56,,1,2
WI,SEP,1C8L,true,within_cutoff,22,10,6.653,A,67,68,67,,68,,1,1
NH,SEP,1F8A,true,within_cutoff,18,20,9.707,B,30,31,30,,31,,1,1
WI,SEP,1FA9,true,within_cutoff,44,10,6.088,A,67,68,67,,68,,1,2
FGG,SEP,1GKK,true,within_cutoff,38,14,4.149,B,950,952,950,,952,,2,2
WI,SEP,1GPA,true,within_cutoff,88,40,6.142,C,67,68,67,,68,,3,4
GGD,SEP,1GZ2,true,within_cutoff,13,10,4.298,A,63,65,63,,65,,1,1
DEE,SEP,1GZ2,true,within_cutoff,26,10,8.504,A,118,120,118,,120,,1,1
ELD,SEP,1H4X,true,within_cutoff,50,25,6.087,A,20,22,20,,22,,1,2
FGG,SEP,1JDY,true,within_cutoff,38,20,5.081,B,256,258,256,,258,,2,2
WK,SEP,1JDY,true,within_cutoff,46,20,9.567,A,358,359,358,,359,,1,2
GDF,SEP,1JDY,true,within_cutoff,46,20,6.805,B,124,126,124,,126,,2,2
GDR,SEP,1JDY,true,within_cutoff,46,20,2.622,A,290,292,290,,292,,1,2
GGD,SEP,1JDY,true,within_cutoff,32,20,4.185,A,59,61,59,,61,,1,2
NH,SEP,1K35,true,within_cutoff,18,10,9.737,A,212,213,212,,213,,1,1
GDR,SEP,1K35,true,within_cutoff,23,10,3.101,A,245,247,245,,247,,1,1
WI,SEP,1LWN,true,within_cutoff,22,10,6.474,A,67,68,67,,68,,1,1
WI,SEP,1LWO,true,within_cutoff,22,10,6.459,A,67,68,67,,68,,1,1
VPA,SEP,1MKI,true,within_cutoff,38,20,8.662,B,265,267,265,,267,,2,2
WK,SEP,1P16,true,within_cutoff,92,50,3.215,B,381,382,381,,382,,4,4
GDR,SEP,1P22,true,within_cutoff,23,20,3.730,A,408,410,408,,410,,1,1
NH,SEP,1P5D,true,within_cutoff,26,10,9.978,X,212,213,212,,213,,1,1
GDR,SEP,1P5D,true,within_cutoff,34,10,2.914,X,245,247,245,,247,,1,1
NH,SEP,1P5G,true,within_cutoff,18,10,9.945,X,212,213,212,,213,,1,1
GDR,SEP,1P5G,true,within_cutoff,34,10,2.871,X,245,247,245,,247,,1,1
NH,SEP,1PCJ,true,within_cutoff,18,10,9.804,X,212,213,212,,213,,1,1
GDR,SEP,1PCJ,true,within_cutoff,23,10,3.064,X,245,247,245,,247,,1,1
NH,SEP,1PCM,true,within_cutoff,18,10,9.778,X,212,213,212,,213,,1,1
GDR,SEP,1PCM,true,within_cutoff,17,10,3.036,X,245,247,245,,247,,1,1
VAF,SEP,1PUA,true,within_cutoff,23,20,6.666,A,123,125,123,,125,,1,1
WK,SEP,1PUA,true,within_cutoff,23,20,6.519,A,185,186,185,,186,,1,1
CF,SEP,1PUA,true,within_cutoff,17,20,7.585,A,111,112,111,,112,,1,1
MPK,SEP,1PUA,true,within_cutoff,24,20,7.227,A,80,82,80,,82,,1,1
LNF,SEP,1QJA,true,within_cutoff,54,20,3.067,B,172,174,172,,174,,2,2
ARR,SEP,1QJA,true,within_cutoff,54,20,2.572,A,54,56,54,,56,,1,2
LNF,SEP,1QJB,true,within_cutoff,54,20,3.048,B,172,174,172,,174,,2,2
AAR,SEP,1QJB,true,within_cutoff,16,20,3.910,,,,,,,,,0
ARR,SEP,1QJB,true,within_cutoff,54,20,2.631,A,54,56,54,,56,,1,2
WI,SEP,1R0Z,true,within_cutoff,88,130,9.241,A,496,497,496,,497,,1,4
GDF,SEP,1U5Q,true,within_cutoff,46,20,9.513,B,168,170,168,,170,,2,2
DGK,SEP,1U5Q,true,within_cutoff,42,20,8.734,A,203,205,203,,205,,1,2
GDF,SEP,1U5R,true,within_cutoff,46,20,9.627,B,168,170,168,,170,,2,2
DGK,SEP,1U5R,true,within_cutoff,42,20,9.060,A,203,205,203,,205,,1,2
FGG,SEP,1VKL,true,within_cutoff,38,20,4.976,A,256,258,256,,258,,1,2
WK,SEP,1VKL,true,within_cutoff,46,20,9.285,A,358,359,358,,359,,1,2
GDF,SEP,1VKL,true,within_cutoff,46,20,7.361,A,124,126,124,,126,,1,2
GDR,SEP,1VKL,true,within_cutoff,46,20,2.518,B,290,292,290,,292,,2,2
GGD,SEP,1VKL,true,within_cutoff,32,20,4.092,A,59,61,59,,61,,1,2
LIR,SEP,1YHS,true,within_cutoff,27,10,5.141,A,266,268,266,,268,,1,1
NH,SEP,1YHS,true,within_cutoff,18,10,6.159,A,286,287,286,,287,,1,1
LIR,SEP,1YI3,true,within_cutoff,27,10,5.156,A,266,268,266,,268,,1,1
NH,SEP,1YI3,true,within_cutoff,18,10,6.283,A,286,287,286,,287,,1,1
LIR,SEP,1YI4,true,within_cutoff,27,10,5.076,A,266,268,266,,268,,1,1
NH,SEP,1YI4,true,within_cutoff,18,10,6.061,A,286,287,286,,287,,1,1
LNF,SEP,1YWT,true,within_cutoff,54,20,3.382,B,174,176,174,,176,,2,2
WI,SEP,1Z8D,true,within_cutoff,22,10,6.633,A,67,68,67,,68,,1,1
DEE,SEP,1ZEB,true,within_cutoff,26,10,8.209,A,428,430,428,,430,,1,1
DEE,SEP,1ZEF,true,within_cutoff,26,10,8.185,A,428,430,428,,430,,1,1
GLQ,SEP,1ZVV,true,within_cutoff,63,30,9.450,P,13,15,13,,15,,2,3
GEV,SEP,25QB,true,within_cutoff,120,40,7.680,D,149,151,149,,151,,4,6
LNF,SEP,28UW,true,within_cutoff,27,10,3.273,A,174,176,174,,176,,1,1
GLQ,SEP,2AK7,true,within_cutoff,42,20,7.902,A,13,15,13,,15,,1,2
DGK,SEP,2AK7,true,within_cutoff,42,20,8.849,A,38,40,38,,40,,1,2
GER,SEP,2AZM,true,within_cutoff,48,20,8.679,B,1905,1907,1905,,1907,,2,2
ARR,SEP,2B05,true,within_cutoff,162,60,2.563,E,55,57,55,,57,,5,6
LIR,SEP,2BIK,true,within_cutoff,27,10,5.155,B,266,268,266,,268,,1,1
NH,SEP,2BIK,true,within_cutoff,18,10,6.022,B,286,287,286,,287,,1,1
LNF,SEP,2BR9,true,within_cutoff,27,10,3.363,A,175,177,175,,177,,1,1
ARR,SEP,2BR9,true,within_cutoff,27,10,2.784,A,55,57,55,,57,,1,1
LNF,SEP,2BTP,true,within_cutoff,54,20,3.244,A,172,174,172,,174,,1,2
LIR,SEP,2BZI,true,within_cutoff,27,10,5.136,B,266,268,266,,268,,1,1
NH,SEP,2BZI,true,within_cutoff,18,10,6.002,B,286,287,286,,287,,1,1
LNF,SEP,2C1J,true,within_cutoff,54,20,3.435,A,172,174,172,,174,,1,2
ARR,SEP,2C1J,true,within_cutoff,54,20,2.764,B,54,56,54,,56,,2,2
LNF,SEP,2C1N,true,within_cutoff,54,20,3.643,A,172,174,172,,174,,1,2
ARR,SEP,2C1N,true,within_cutoff,54,20,2.289,B,54,56,54,,56,,2,2
LNF,SEP,2C63,true,within_cutoff,108,40,3.375,B,177,179,177,,179,,2,4
ARR,SEP,2C63,true,within_cutoff,108,40,2.788,B,55,57,55,,57,,2,4
LNF,SEP,2C74,true,within_cutoff,54,20,3.444,B,177,179,177,,179,,2,2
ARR,SEP,2C74,true,within_cutoff,54,20,2.743,A,55,57,55,,57,,1,2
QRR,SEP,2CDZ,true,within_cutoff,31,10,3.855,A,358,360,358,,360,,1,1
WK,SEP,2CEF,true,within_cutoff,41,28,1.335,A,10,11,10,,11,,1,1
WK,SEP,2CEZ,true,within_cutoff,41,13,1.335,A,10,11,10,,11,,1,1
WK,SEP,2CFJ,true,within_cutoff,41,13,2.629,A,10,11,10,,11,,1,1
QRR,SEP,2F57,true,within_cutoff,57,20,9.673,A,486,488,486,,488,,1,2
NH,SEP,2FKF,true,within_cutoff,18,10,9.849,A,212,213,212,,213,,1,1
GDR,SEP,2FKF,true,within_cutoff,23,10,3.018,A,245,247,245,,247,,1,1
AAR,SEP,2FO0,true,within_cutoff,37,10,5.840,,,,,,,,,0
GDF,SEP,2GCD,true,within_cutoff,46,20,9.349,B,168,170,168,,170,,2,2
DGK,SEP,2GCD,true,within_cutoff,42,20,8.771,B,203,205,203,,205,,2,2
VAD,SEP,2GHQ,true,within_cutoff,40,40,9.174,A,162,164,162,,164,,1,2
VAD,SEP,2GHT,true,within_cutoff,40,20,9.120,A,162,164,162,,164,,1,2
DEE,SEP,2GLQ,true,within_cutoff,26,10,8.252,A,428,430,428,,430,,1,1
WI,SEP,2GPA,true,within_cutoff,22,10,6.506,A,67,68,67,,68,,1,1
NH,SEP,2H4L,true,within_cutoff,18,10,9.704,X,212,213,212,,213,,1,1
GDR,SEP,2H4L,true,within_cutoff,23,10,2.651,X,245,247,245,,247,,1,1
NH,SEP,2H5A,true,within_cutoff,18,10,9.625,X,212,213,212,,213,,1,1
GDR,SEP,2H5A,true,within_cutoff,23,10,2.840,X,245,247,245,,247,,1,1
QRR,SEP,2J0I,true,within_cutoff,28,10,2.744,A,358,360,358,,360,,1,1
MER,SEP,2JED,true,within_cutoff,28,40,7.067,B,701,703,701,,703,,1,1
ELD,SEP,2JKR,true,within_cutoff,50,12,5.803,I,100,102,100,,102,,1,2
ELD,SEP,2JKT,true,within_cutoff,50,12,5.868,S,100,102,100,,102,,2,2
NH,SEP,2L0I,true,within_cutoff,31,14,5.326,A,65,66,65,,66,,1,1
LIR,SEP,2LUE,true,within_cutoff,62,70,5.440,A,22,24,22,,24,,1,1
QRR,SEP,2LUE,true,within_cutoff,65,70,2.149,A,9,11,9,,11,,1,1
LNF,SEP,2NPM,true,within_cutoff,54,20,3.377,B,201,203,201,,203,,2,2
LIR,SEP,2OBJ,true,within_cutoff,27,10,5.270,A,266,268,266,,268,,1,1
NH,SEP,2OBJ,true,within_cutoff,18,10,6.293,A,286,287,286,,287,,1,1
GDF,SEP,2PT3,true,within_cutoff,23,10,7.852,A,252,254,252,,254,,1,1
GDF,SEP,2PUM,true,within_cutoff,23,10,8.096,A,252,254,252,,254,,1,1
QRR,SEP,2Q0N,true,within_cutoff,27,10,2.910,A,358,360,358,,360,,1,1
WI,SEP,2QLL,true,within_cutoff,44,10,6.155,A,67,68,67,,68,,1,2
GDF,SEP,2QPK,true,within_cutoff,23,10,8.360,A,252,254,252,,254,,1,1
GDF,SEP,2QQT,true,within_cutoff,23,10,8.267,A,252,254,252,,254,,1,1
GDF,SEP,2QRB,true,within_cutoff,23,10,8.486,A,252,254,252,,254,,1,1
DEE,SEP,2RVM,true,within_cutoff,42,56,4.039,A,16,18,16,,18,,1,1
DEE,SEP,2RVN,true,within_cutoff,37,56,3.672,A,16,18,16,,18,,1,1
LEA,SEP,2VXC,true,within_cutoff,44,10,6.691,A,621,623,621,,623,,1,2
LNF,SEP,2WH0,true,within_cutoff,108,40,3.305,B,172,174,172,,174,,2,4
ARR,SEP,2WH0,true,within_cutoff,108,40,2.483,D,54,56,54,,56,,4,4
QRR,SEP,2X4Z,true,within_cutoff,31,10,4.916,A,358,360,358,,360,,1,1
LIR,SEP,2XIX,true,within_cutoff,27,20,5.180,A,266,268,266,,268,,1,1
NH,SEP,2XIX,true,within_cutoff,18,20,6.190,A,286,287,286,,287,,1,1
LIR,SEP,2XIY,true,within_cutoff,27,10,5.127,A,266,268,266,,268,,1,1
NH,SEP,2XIY,true,within_cutoff,18,10,6.018,A,286,287,286,,287,,1,1
LIR,SEP,2XIZ,true,within_cutoff,27,10,5.229,A,266,268,266,,268,,1,1
NH,SEP,2XIZ,true,within_cutoff,18,10,6.209,A,286,287,286,,287,,1,1
LIR,SEP,2XJ1,true,within_cutoff,27,10,5.086,A,266,268,266,,268,,1,1
NH,SEP,2XJ1,true,within_cutoff,18,10,5.943,A,286,287,286,,287,,1,1
LIR,SEP,2XJ2,true,within_cutoff,27,10,5.106,A,266,268,266,,268,,1,1
NH,SEP,2XJ2,true,within_cutoff,18,10,6.009,A,286,287,286,,287,,1,1
WI,SEP,2Y1K,true,within_cutoff,44,10,6.247,A,112,113,112,,113,,2,2
GDF,SEP,2Z5Z,true,within_cutoff,23,10,8.419,A,252,254,252,,254,,1,1
LNF,SEP,30TN,true,within_cutoff,27,10,3.258,A,174,176,174,,176,,1,1
VPA,SEP,30TN,true,within_cutoff,19,10,1.337,P,1255,1257,1255,,1257,,1,1
LNF,SEP,30TO,true,within_cutoff,27,10,3.284,A,174,176,174,,176,,1,1
VPA,SEP,30TO,true,within_cutoff,19,10,1.340,B,1255,1257,1255,,1257,,1,1
LNF,SEP,30TP,true,within_cutoff,27,10,3.286,A,174,176,174,,176,,1,1
VPA,SEP,30TP,true,within_cutoff,19,10,1.335,P,1255,1257,1255,,1257,,1,1
LNF,SEP,30TQ,true,within_cutoff,27,10,3.262,A,174,176,174,,176,,1,1
VPA,SEP,30TQ,true,within_cutoff,19,10,1.338,B,1255,1257,1255,,1257,,1,1
LNF,SEP,30TR,true,within_cutoff,27,10,3.228,A,174,176,174,,176,,1,1
AAA,SEP,30TR,true,within_cutoff,15,10,1.326,P,1251,1253,1251,,1253,,1,1
VPA,SEP,30TR,true,within_cutoff,19,10,1.324,P,1255,1257,1255,,1257,,1,1
LNF,SEP,30TS,true,within_cutoff,27,10,3.272,A,174,176,174,,176,,1,1
AAA,SEP,30TS,true,within_cutoff,15,10,1.339,B,1251,1253,1251,,1253,,1,1
VPA,SEP,30TS,true,within_cutoff,19,10,1.336,B,1255,1257,1255,,1257,,1,1
LNF,SEP,30TT,true,within_cutoff,27,10,3.248,A,174,176,174,,176,,1,1
VPA,SEP,30TT,true,within_cutoff,19,10,1.324,P,1255,1257,1255,,1257,,1,1
LNF,SEP,30YJ,true,within_cutoff,27,10,3.288,A,174,176,174,,176,,1,1
LNF,SEP,30ZW,true,within_cutoff,27,10,3.332,A,174,176,174,,176,,1,1
LNF,SEP,30ZX,true,within_cutoff,27,10,3.330,A,174,176,174,,176,,1,1
WI,SEP,3AMV,true,within_cutoff,22,10,6.554,A,67,68,67,,68,,1,1
LNF,SEP,3AXY,true,within_cutoff,108,40,3.207,I,176,178,176,,178,,3,4
ARR,SEP,3AXY,true,within_cutoff,108,40,2.078,J,56,58,56,,58,,4,4
LIR,SEP,3BGP,true,within_cutoff,27,10,6.250,A,266,268,266,,268,,1,1
NH,SEP,3BGP,true,within_cutoff,18,10,6.993,A,286,287,286,,287,,1,1
LIR,SEP,3BGQ,true,within_cutoff,27,10,5.144,A,266,268,266,,268,,1,1
NH,SEP,3BGQ,true,within_cutoff,18,10,6.197,A,286,287,286,,287,,1,1
LIR,SEP,3BGZ,true,within_cutoff,27,10,5.271,A,266,268,266,,268,,1,1
NH,SEP,3BGZ,true,within_cutoff,18,10,6.279,A,286,287,286,,287,,1,1
NH,SEP,3BKQ,true,within_cutoff,18,10,9.714,X,212,213,212,,213,,1,1
GDR,SEP,3BKQ,true,within_cutoff,23,10,2.905,X,245,247,245,,247,,1,1
GDF,SEP,3BXI,true,within_cutoff,23,10,7.995,A,252,254,252,,254,,1,1
NH,SEP,3C04,true,within_cutoff,18,10,9.860,A,212,213,212,,213,,1,1
GDR,SEP,3C04,true,within_cutoff,23,10,3.030,A,245,247,245,,247,,1,1
LNF,SEP,3CU8,true,within_cutoff,54,20,3.336,B,172,174,172,,174,,2,2
ARR,SEP,3CU8,true,within_cutoff,54,20,2.626,B,54,56,54,,56,,2,2
LIR,SEP,3CY3,true,within_cutoff,27,10,5.106,A,266,268,266,,268,,1,1
NH,SEP,3CY3,true,within_cutoff,18,10,6.004,A,286,287,286,,287,,1,1
GDD,SEP,3D9N,true,within_cutoff,45,40,9.272,B,104,106,104,,106,,2,2
LIR,SEP,3DCV,true,within_cutoff,27,10,5.159,A,266,268,266,,268,,1,1
NH,SEP,3DCV,true,within_cutoff,18,10,6.061,A,286,287,286,,287,,1,1
GLQ,SEP,3DD1,true,within_cutoff,42,10,5.654,A,103,105,103,,105,,1,2
GLQ,SEP,3DDS,true,within_cutoff,42,10,5.855,A,103,105,103,,105,,1,2
GLQ,SEP,3DDW,true,within_cutoff,42,20,5.771,A,103,105,103,,105,,1,2
GDF,SEP,3ERH,true,within_cutoff,23,10,8.396,A,252,254,252,,254,,1,1
GDF,SEP,3ERI,true,within_cutoff,23,10,8.281,A,252,254,252,,254,,1,1
CH,SEP,3EXH,true,within_cutoff,64,20,3.593,C,62,63,62,,63,,2,4
LIR,SEP,3F2A,true,within_cutoff,27,10,5.133,A,266,268,266,,268,,1,1
NH,SEP,3F2A,true,within_cutoff,18,10,6.100,A,286,287,286,,287,,1,1
GDF,SEP,3FAQ,true,within_cutoff,23,10,8.257,A,252,254,252,,254,,1,1
GDF,SEP,3FNL,true,within_cutoff,23,10,8.426,A,252,254,252,,254,,1,1
GLQ,SEP,3GA7,true,within_cutoff,30,10,9.177,A,199,201,199,,201,,1,1
FDP,SEP,3GA7,true,within_cutoff,26,10,6.672,A,261,263,261,,263,,1,1
GDF,SEP,3GC1,true,within_cutoff,23,10,7.964,A,252,254,252,,254,,1,1
GDF,SEP,3GCJ,true,within_cutoff,23,10,8.225,A,252,254,252,,254,,1,1
GDF,SEP,3GCK,true,within_cutoff,23,10,8.492,A,252,254,252,,254,,1,1
GDF,SEP,3GCL,true,within_cutoff,23,10,8.225,A,252,254,252,,254,,1,1
GEV,SEP,3I3W,true,within_cutoff,40,20,8.669,A,12,14,12,,14,,1,2
GDR,SEP,3I3W,true,within_cutoff,46,20,6.872,B,304,306,304,,306,,2,2
GDF,SEP,3I6N,true,within_cutoff,23,10,8.215,A,252,254,252,,254,,1,1
CH,SEP,3IAF,true,within_cutoff,64,40,9.572,A,414,415,414,,415,,1,4
LNF,SEP,3IQJ,true,within_cutoff,27,10,3.308,A,174,176,174,,176,,1,1
LNF,SEP,3IQU,true,within_cutoff,27,10,3.241,A,174,176,174,,176,,1,1
LNF,SEP,3IQV,true,within_cutoff,27,10,3.270,A,174,176,174,,176,,1,1
LDF,SEP,3JBL,true,within_cutoff,594,110,8.069,E,609,611,609,,611,,11,22
LNF,SEP,3JRW,true,within_cutoff,27,10,9.479,A,672,674,672,,674,,1,1
CF,SEP,3JRW,true,within_cutoff,17,10,9.561,A,703,704,703,,704,,1,1
GER,SEP,3K05,true,within_cutoff,48,20,8.399,B,1905,1907,1905,,1907,,2,2
GDF,SEP,3KRQ,true,within_cutoff,23,10,7.841,A,252,254,252,,254,,1,1
QRR,SEP,3L6F,true,within_cutoff,62,10,3.026,B,70,72,70,,72,,1,2
LIR,SEP,3MA3,true,within_cutoff,27,10,5.198,A,266,268,266,,268,,1,1
NH,SEP,3MA3,true,within_cutoff,18,10,5.981,A,286,287,286,,287,,1,1
LNF,SEP,3MHR,true,within_cutoff,27,10,3.304,A,174,176,174,,176,,1,1
DEE,SEP,3MK0,true,within_cutoff,31,10,7.938,A,428,430,428,,430,,1,1
DEE,SEP,3MK1,true,within_cutoff,31,10,7.169,A,428,430,428,,430,,1,1
DEE,SEP,3MK2,true,within_cutoff,26,10,7.907,A,428,430,428,,430,,1,1
LNF,SEP,3NKX,true,within_cutoff,54,20,3.267,B,172,174,172,,174,,2,2
ARR,SEP,3NKX,true,within_cutoff,54,20,2.579,B,54,56,54,,56,,2,2
NH,SEP,3O2Q,true,within_cutoff,36,10,6.805,E,144,145,144,,145,,2,2
IKP,SEP,3O2Q,true,within_cutoff,48,10,9.475,E,91,93,91,,93,,2,2
LNF,SEP,3O8I,true,within_cutoff,27,10,3.476,A,174,176,174,,176,,1,1
LNF,SEP,3P1N,true,within_cutoff,27,10,3.324,A,174,176,174,,176,,1,1
LNF,SEP,3P1O,true,within_cutoff,27,10,3.345,A,174,176,174,,176,,1,1
LNF,SEP,3P1P,true,within_cutoff,27,10,3.127,A,174,176,174,,176,,1,1
LNF,SEP,3P1Q,true,within_cutoff,27,10,3.360,A,174,176,174,,176,,1,1
LNF,SEP,3P1R,true,within_cutoff,27,10,3.328,A,174,176,174,,176,,1,1
LNF,SEP,3P1S,true,within_cutoff,27,10,3.302,A,174,176,174,,176,,1,1
GER,SEP,3P9Y,true,within_cutoff,184,53,6.603,B,40,42,40,,42,,2,4
EDA,SEP,3P9Y,true,within_cutoff,148,53,5.854,C,147,149,147,,149,,3,4
FGG,SEP,3PMG,true,within_cutoff,44,22,4.811,A,256,258,256,,258,,1,2
WK,SEP,3PMG,true,within_cutoff,58,22,9.023,A,358,359,358,,359,,1,2
GDF,SEP,3PMG,true,within_cutoff,52,22,7.019,A,124,126,124,,126,,1,2
GDR,SEP,3PMG,true,within_cutoff,62,22,1.629,B,290,292,290,,292,,2,2
GGD,SEP,3PMG,true,within_cutoff,38,22,3.982,B,59,61,59,,61,,2,2
GDF,SEP,3PY4,true,within_cutoff,23,10,8.998,A,252,254,252,,254,,1,1
LNF,SEP,3Q4A,true,within_cutoff,27,21,5.546,B,130,132,130,,132,,1,1
GDD,SEP,3Q4A,true,within_cutoff,20,21,7.156,B,133,135,133,,135,,1,1
ELD,SEP,3Q4A,true,within_cutoff,25,21,8.340,B,89,91,89,,91,,1,1
GDF,SEP,3R4X,true,within_cutoff,23,10,9.410,A,252,254,252,,254,,1,1
GDF,SEP,3R5O,true,within_cutoff,23,10,9.313,A,252,254,252,,254,,1,1
MER,SEP,3S1A,true,within_cutoff,168,20,9.136,F,338,340,338,,340,,6,6
LNF,SEP,3SMK,true,within_cutoff,27,10,3.297,A,174,176,174,,176,,1,1
LNF,SEP,3SML,true,within_cutoff,27,10,3.384,A,174,176,174,,176,,1,1
LNF,SEP,3SMM,true,within_cutoff,27,10,3.363,A,174,176,174,,176,,1,1
LNF,SEP,3SMN,true,within_cutoff,27,10,3.396,A,174,176,174,,176,,1,1
LNF,SEP,3SMO,true,within_cutoff,27,10,3.336,A,174,176,174,,176,,1,1
LNF,SEP,3SP5,true,within_cutoff,27,10,3.344,A,174,176,174,,176,,1,1
LNF,SEP,3SPR,true,within_cutoff,27,10,3.207,A,174,176,174,,176,,1,1
GEV,SEP,3SQD,true,within_cutoff,40,20,9.645,A,891,893,891,,893,,1,2
CF,SEP,3T7K,true,within_cutoff,34,20,4.620,B,844,845,844,,845,,2,2
LIR,SEP,3T9I,true,within_cutoff,27,10,5.120,A,266,268,266,,268,,1,1
NH,SEP,3T9I,true,within_cutoff,18,10,5.977,A,286,287,286,,287,,1,1
GDF,SEP,3TGY,true,within_cutoff,23,10,7.011,A,252,254,252,,254,,1,1
CH,SEP,3TMP,true,within_cutoff,64,40,4.407,A,278,279,278,,279,,1,4
NH,SEP,3TMP,true,within_cutoff,72,40,2.924,C,281,282,281,,282,,2,4
AAA,SEP,3TMP,true,within_cutoff,70,40,7.914,,,,,,,,,0
AAR,SEP,3TMP,true,within_cutoff,63,40,9.308,E,185,187,185,,187,,3,3
LNF,SEP,3UAL,true,within_cutoff,27,10,3.334,A,175,177,175,,177,,1,1
ARR,SEP,3UAL,true,within_cutoff,27,10,2.845,A,55,57,55,,57,,1,1
NH,SEP,3UAT,true,within_cutoff,18,10,6.295,A,793,794,793,,794,,1,1
GDF,SEP,3UBA,true,within_cutoff,23,10,9.102,A,252,254,252,,254,,1,1
LNF,SEP,3UBW,true,within_cutoff,27,10,3.324,A,175,177,175,,177,,1,1
ARR,SEP,3UBW,true,within_cutoff,27,10,2.865,A,55,57,55,,57,,1,1
LNF,SEP,3UX0,true,within_cutoff,27,10,3.407,A,174,176,174,,176,,1,1
ARR,SEP,3UZD,true,within_cutoff,27,10,2.784,A,55,57,55,,57,,1,1
GDF,SEP,3V6Q,true,within_cutoff,23,10,7.842,A,252,254,252,,254,,1,1
VAF,SEP,3W8K,true,within_cutoff,23,10,8.530,A,323,325,323,,325,,1,1
VNP,SEP,3W8K,true,within_cutoff,7,10,9.534,,,,,,,,,0
LEA,SEP,3W8K,true,within_cutoff,22,10,8.404,A,293,295,293,,295,,1,1
FGG,SEP,3ZI7,true,within_cutoff,38,20,4.152,A,950,952,950,,952,,1,2
LIR,SEP,4A7C,true,within_cutoff,27,10,5.193,A,266,268,266,,268,,1,1
NH,SEP,4A7C,true,within_cutoff,18,10,6.174,A,286,287,286,,287,,1,1
QRR,SEP,4APP,true,within_cutoff,31,10,6.571,A,358,360,358,,360,,1,1
FGG,SEP,4BAG,true,within_cutoff,68,26,4.134,A,950,952,950,,952,,1,2
LNF,SEP,4BG6,true,within_cutoff,54,20,3.280,A,172,174,172,,174,,1,2
ARR,SEP,4BG6,true,within_cutoff,54,20,2.335,B,54,56,54,,56,,2,2
LNF,SEP,4BJU,true,within_cutoff,54,20,2.932,A,253,255,253,,255,,1,2
INP,SEP,4BJU,true,within_cutoff,46,20,9.931,A,248,250,248,,250,,1,2
LIR,SEP,4BZN,true,within_cutoff,27,10,5.096,A,266,268,266,,268,,1,1
NH,SEP,4BZN,true,within_cutoff,18,10,5.932,A,286,287,286,,287,,1,1
LIR,SEP,4BZO,true,within_cutoff,27,10,5.151,A,266,268,266,,268,,1,1
NH,SEP,4BZO,true,within_cutoff,18,10,6.111,A,286,287,286,,287,,1,1
GLQ,SEP,4C0O,true,within_cutoff,42,60,7.841,A,741,743,741,,743,,1,2
CF,SEP,4C0O,true,within_cutoff,102,60,6.817,B,699,700,699,,700,,5,6
NH,SEP,4C0O,true,within_cutoff,36,60,9.883,A,744,745,744,,745,,1,2
CC,SEP,4C0O,true,within_cutoff,48,60,7.618,B,662,663,662,,663,,3,4
ELD,SEP,4CKT,true,within_cutoff,93,20,1.327,C,6,8,6,,8,,3,4
ELD,SEP,4CSE,true,within_cutoff,79,20,1.326,,,,,,,,,0
LNF,SEP,4DAT,true,within_cutoff,27,10,3.301,A,174,176,174,,176,,1,1
LNF,SEP,4DAU,true,within_cutoff,27,10,3.425,A,174,176,174,,176,,1,1
AAR,SEP,4EUU,true,within_cutoff,42,20,2.819,B,160,162,160,,162,,2,2
QRR,SEP,4FIE,true,within_cutoff,62,20,2.747,A,358,360,358,,360,,1,2
QRR,SEP,4FIF,true,within_cutoff,62,20,2.657,A,358,360,358,,360,,1,2
QRR,SEP,4FIG,true,within_cutoff,62,20,2.811,A,358,360,358,,360,,1,2
QRR,SEP,4FIH,true,within_cutoff,31,10,2.885,A,358,360,358,,360,,1,1
QRR,SEP,4FII,true,within_cutoff,31,10,2.800,A,358,360,358,,360,,1,1
QRR,SEP,4FIJ,true,within_cutoff,31,10,2.807,A,358,360,358,,360,,1,1
LNF,SEP,4FJ3,true,within_cutoff,54,20,3.306,A,172,174,172,,174,,1,2
ARR,SEP,4FJ3,true,within_cutoff,54,20,2.753,B,54,56,54,,56,,2,2
LNF,SEP,4FL5,true,within_cutoff,54,20,3.441,A,174,176,174,,176,,1,2
LNF,SEP,4FR3,true,within_cutoff,27,10,3.371,A,174,176,174,,176,,1,1
GDF,SEP,4GM7,true,within_cutoff,23,10,9.383,A,252,254,252,,254,,1,1
FGG,SEP,4H35,true,within_cutoff,68,26,4.113,A,950,952,950,,952,,1,2
NH,SEP,4H3H,true,within_cutoff,36,10,6.347,E,144,145,144,,145,,2,2
IKP,SEP,4H3H,true,within_cutoff,48,10,9.240,E,91,93,91,,93,,2,2
NH,SEP,4H3K,true,within_cutoff,36,30,5.323,E,144,145,144,,145,,2,2
IKP,SEP,4H3K,true,within_cutoff,48,30,9.488,E,91,93,91,,93,,2,2
LNF,SEP,4HKC,true,within_cutoff,27,10,3.392,A,172,174,172,,174,,1,1
ARR,SEP,4HKC,true,within_cutoff,27,10,2.713,A,54,56,54,,56,,1,1
LIR,SEP,4I41,true,within_cutoff,27,10,5.825,A,266,268,266,,268,,1,1
NH,SEP,4I41,true,within_cutoff,18,10,6.612,A,286,287,286,,287,,1,1
LIR,SEP,4IAA,true,within_cutoff,27,10,5.784,A,266,268,266,,268,,1,1
NH,SEP,4IAA,true,within_cutoff,18,10,6.634,A,286,287,286,,287,,1,1
ELD,SEP,4ICD,true,within_cutoff,25,10,8.752,A,121,123,121,,123,,1,1
LNF,SEP,4IEA,true,within_cutoff,27,10,3.286,A,174,176,174,,176,,1,1
LNF,SEP,4IHL,true,within_cutoff,54,20,3.338,A,172,174,172,,174,,1,2
ARR,SEP,4IHL,true,within_cutoff,54,20,2.589,B,54,56,54,,56,,2,2
NH,SEP,4IL8,true,within_cutoff,18,10,9.744,A,212,213,212,,213,,1,1
GDR,SEP,4IL8,true,within_cutoff,31,10,3.137,A,245,247,245,,247,,1,1
GER,SEP,4IMJ,true,within_cutoff,48,10,7.568,D,40,42,40,,42,,2,2
EDA,SEP,4IMJ,true,within_cutoff,44,10,6.393,D,147,149,147,,149,,2,2
CH,SEP,4ISW,true,within_cutoff,96,20,9.662,A,151,152,151,,152,,1,6
LGP,SEP,4ISW,true,within_cutoff,38,20,8.113,B,133,135,133,,135,,2,2
GDR,SEP,4ISW,true,within_cutoff,46,20,5.176,B,115,117,115,,117,,2,2
AAR,SEP,4IW0,true,within_cutoff,21,10,3.202,A,160,162,160,,162,,1,1
ELD,SEP,4J6S,true,within_cutoff,200,40,1.329,F,506,508,506,,508,,6,8
ARR,SEP,4J6S,true,within_cutoff,108,40,2.557,C,55,57,55,,57,,3,4
LIR,SEP,4JAX,true,within_cutoff,162,60,6.551,D,379,381,379,,381,,4,6
VPA,SEP,4JAX,true,within_cutoff,114,60,5.418,D,19,21,19,,21,,4,6
FGG,SEP,4JDH,true,within_cutoff,19,10,3.522,B,3,5,3,,5,,1,1
QRR,SEP,4JDH,true,within_cutoff,31,10,7.700,A,358,360,358,,360,,1,1
QRR,SEP,4JDI,true,within_cutoff,31,10,2.954,A,358,360,358,,360,,1,1
ELD,SEP,4KIK,true,within_cutoff,17,30,3.726,,,,,,,,,0
FGG,SEP,4KK4,true,within_cutoff,19,10,6.369,A,120,122,120,,122,,1,1
NH,SEP,4KK4,true,within_cutoff,18,10,6.984,A,63,64,63,,64,,1,1
QRR,SEP,4KS7,true,within_cutoff,31,10,3.259,A,444,446,444,,446,,1,1
QRR,SEP,4KS8,true,within_cutoff,31,10,3.094,A,444,446,444,,446,,1,1
GDF,SEP,4KSZ,true,within_cutoff,23,10,8.104,A,252,254,252,,254,,1,1
LDF,SEP,4KXF,true,within_cutoff,432,66,4.429,B,614,616,614,,616,,4,16
QRR,SEP,4L67,true,within_cutoff,31,10,2.622,A,358,360,358,,360,,1,1
LIR,SEP,4N6Y,true,within_cutoff,27,10,5.229,A,266,268,266,,268,,1,1
NH,SEP,4N6Y,true,within_cutoff,18,10,6.047,A,286,287,286,,287,,1,1
LIR,SEP,4N6Z,true,within_cutoff,27,10,5.120,A,266,268,266,,268,,1,1
NH,SEP,4N6Z,true,within_cutoff,18,10,6.047,A,286,287,286,,287,,1,1
LIR,SEP,4N70,true,within_cutoff,27,10,5.075,A,266,268,266,,268,,1,1
NH,SEP,4N70,true,within_cutoff,18,10,6.006,A,286,287,286,,287,,1,1
GDF,SEP,4NJB,true,within_cutoff,23,10,9.277,A,252,254,252,,254,,1,1
QRR,SEP,4NJD,true,within_cutoff,37,10,2.892,A,358,360,358,,360,,1,1
CH,SEP,4NM3,true,within_cutoff,16,10,8.802,A,178,179,178,,179,,1,1
RPR,SEP,4NM3,true,within_cutoff,28,10,7.827,,,,,,,,,0
CH,SEP,4NM7,true,within_cutoff,16,10,8.852,A,178,179,178,,179,,1,1
CH,SEP,4NU1,true,within_cutoff,16,10,8.706,A,178,179,178,,179,,1,1
RPR,SEP,4NU1,true,within_cutoff,22,10,7.896,,,,,,,,,0
QRR,SEP,4O0V,true,within_cutoff,31,10,3.335,A,358,360,358,,360,,1,1
QRR,SEP,4O0X,true,within_cutoff,31,10,2.358,A,358,360,358,,360,,1,1
QRR,SEP,4O0Y,true,within_cutoff,31,10,2.670,A,358,360,358,,360,,1,1
ARR,SEP,4O46,true,within_cutoff,162,60,2.850,D,55,57,55,,57,,4,6
GDF,SEP,4PNX,true,within_cutoff,23,10,8.154,A,252,254,252,,254,,1,1
ELD,SEP,4PSI,true,within_cutoff,50,20,4.978,A,109,111,109,,111,,1,2
DGK,SEP,4PU3,true,within_cutoff,82,27,4.642,B,141,143,141,,143,,2,2
GGD,SEP,4Q9Z,true,within_cutoff,32,30,9.916,B,463,465,463,,465,,2,2
LIR,SEP,4RBL,true,within_cutoff,27,10,5.303,A,266,268,266,,268,,1,1
NH,SEP,4RBL,true,within_cutoff,18,10,6.251,A,286,287,286,,287,,1,1
LIR,SEP,4RC2,true,within_cutoff,27,10,5.644,A,266,268,266,,268,,1,1
NH,SEP,4RC2,true,within_cutoff,18,10,6.411,A,286,287,286,,287,,1,1
LIR,SEP,4RC3,true,within_cutoff,27,10,5.101,A,266,268,266,,268,,1,1
NH,SEP,4RC3,true,within_cutoff,18,10,6.178,A,286,287,286,,287,,1,1
LIR,SEP,4RC4,true,within_cutoff,27,10,6.674,A,266,268,266,,268,,1,1
NH,SEP,4RC4,true,within_cutoff,18,10,6.698,A,286,287,286,,287,,1,1
NH,SEP,4WJN,true,within_cutoff,31,42,5.022,A,74,75,74,,75,,1,1
NH,SEP,4WJP,true,within_cutoff,62,40,5.140,C,74,75,74,,75,,2,2
LNF,SEP,4WRQ,true,within_cutoff,54,20,3.284,A,172,174,172,,174,,1,2
ARR,SEP,4WRQ,true,within_cutoff,54,20,2.814,B,54,56,54,,56,,2,2
VEP,SEP,4WZP,true,within_cutoff,180,80,7.677,H,17,19,17,,19,,8,8
AAR,SEP,4X8N,true,within_cutoff,21,10,4.164,A,341,343,341,,343,,1,1
GER,SEP,4X8N,true,within_cutoff,32,10,2.606,,,,,,,,,0
QRR,SEP,4XBR,true,within_cutoff,31,10,3.009,A,358,360,358,,360,,1,1
QRR,SEP,4XBU,true,within_cutoff,31,10,2.737,A,358,360,358,,360,,1,1
LIR,SEP,4XHK,true,within_cutoff,27,10,5.126,B,266,268,266,,268,,1,1
NH,SEP,4XHK,true,within_cutoff,18,10,6.078,B,286,287,286,,287,,1,1
LNF,SEP,4Y32,true,within_cutoff,54,20,3.395,A,174,176,174,,176,,1,2
GDF,SEP,4Y55,true,within_cutoff,23,10,8.111,A,252,254,252,,254,,1,1
LNF,SEP,4Y5I,true,within_cutoff,59,20,3.433,A,174,176,174,,176,,1,2
VAF,SEP,4YJ4,true,within_cutoff,23,15,8.523,A,141,143,141,,143,,1,1
VAF,SEP,4YK9,true,within_cutoff,46,20,8.820,A,141,143,141,,143,,1,2
GDF,SEP,4YMJ,true,within_cutoff,46,20,9.435,B,696,698,696,,698,,2,2
VEP,SEP,4ZPZ,true,within_cutoff,46,20,7.780,A,17,19,17,,19,,1,2
LNF,SEP,4ZQ0,true,within_cutoff,108,40,3.084,A,179,181,179,,181,,1,4
CF,SEP,5BMN,true,within_cutoff,17,10,7.633,A,265,266,265,,266,,1,1
GDF,SEP,5BMN,true,within_cutoff,23,10,3.189,A,260,262,260,,262,,1,1
CF,SEP,5BMP,true,within_cutoff,17,10,7.704,A,265,266,265,,266,,1,1
GDF,SEP,5BMP,true,within_cutoff,23,10,3.677,A,260,262,260,,262,,1,1
QRR,SEP,5BMS,true,within_cutoff,31,10,2.950,A,358,360,358,,360,,1,1
LNF,SEP,5BTV,true,within_cutoff,27,10,3.355,A,174,176,174,,176,,1,1
ANP,SEP,5CAW,true,within_cutoff,34,20,5.613,C,152,154,152,,154,,2,2
VEP,SEP,5CAW,true,within_cutoff,46,20,7.715,D,17,19,17,,19,,2,2
LNF,SEP,5D2D,true,within_cutoff,54,20,3.346,B,172,174,172,,174,,2,2
ARR,SEP,5D2D,true,within_cutoff,76,20,2.721,,,,,,,,,0
ARR,SEP,5D3E,true,within_cutoff,162,60,2.774,I,55,57,55,,57,,5,6
LNF,SEP,5D3F,true,within_cutoff,54,20,3.480,A,174,176,174,,176,,1,2
ELD,SEP,5D3F,true,within_cutoff,43,20,7.021,B,204,206,204,,206,,2,2
ARR,SEP,5D3F,true,within_cutoff,70,20,2.687,,,,,,,,,0
WI,SEP,5DMG,true,within_cutoff,66,30,8.165,H,212,213,212,,213,,1,3
VAF,SEP,5DMG,true,within_cutoff,69,30,7.103,D,798,801,798,,801,,2,3
ANP,SEP,5DMZ,true,within_cutoff,76,23,9.160,B,826,828,826,,828,,2,2
IKP,SEP,5DMZ,true,within_cutoff,220,23,2.283,B,918,920,918,,920,,4,4
LIR,SEP,5DWR,true,within_cutoff,27,10,5.124,A,266,268,266,,268,,1,1
NH,SEP,5DWR,true,within_cutoff,18,10,6.125,A,286,287,286,,287,,1,1
GDR,SEP,5EM9,true,within_cutoff,43,14,7.445,A,96,98,96,,98,,1,1
LIR,SEP,5EMA,true,within_cutoff,62,13,7.779,A,120,122,120,,122,,1,1
GDR,SEP,5EMA,true,within_cutoff,43,13,9.021,A,98,100,98,,100,,1,1
LIR,SEP,5EMB,true,within_cutoff,27,10,8.206,A,118,120,118,,120,,1,1
GDR,SEP,5EMB,true,within_cutoff,23,10,9.740,A,96,98,96,,98,,1,1
GER,SEP,5FC2,true,within_cutoff,48,10,3.460,B,1792,1794,1792,,1794,,1,2
HED,SEP,5FWK,true,within_cutoff,88,14,9.828,B,442,444,442,,444,,2,2
LDF,SEP,5FWK,true,within_cutoff,51,14,8.578,K,128,130,128,,130,,1,1
HED,SEP,5FWL,true,within_cutoff,88,14,9.839,B,442,444,442,,444,,2,2
LDF,SEP,5FWL,true,within_cutoff,51,14,8.592,K,128,130,128,,130,,1,1
HED,SEP,5FWM,true,within_cutoff,88,14,9.816,B,442,444,442,,444,,2,2
LDF,SEP,5FWM,true,within_cutoff,51,14,8.631,K,128,130,128,,130,,1,1
HED,SEP,5FWP,true,within_cutoff,88,14,9.812,B,442,444,442,,444,,2,2
LDF,SEP,5FWP,true,within_cutoff,51,14,8.801,K,128,130,128,,130,,1,1
FGG,SEP,5FXM,true,within_cutoff,19,10,4.251,A,950,952,950,,952,,1,1
GDF,SEP,5GH0,true,within_cutoff,23,10,7.565,A,252,254,252,,254,,1,1
LIR,SEP,5GMV,true,within_cutoff,54,20,7.133,B,22,24,22,,24,,1,2
QRR,SEP,5GMV,true,within_cutoff,62,20,5.538,B,9,11,9,,11,,1,2
LNF,SEP,5HF3,true,within_cutoff,35,16,2.565,A,174,176,174,,176,,1,1
QRR,SEP,5I0B,true,within_cutoff,31,10,3.465,A,358,360,358,,360,,1,1
WK,SEP,5I6E,true,within_cutoff,46,10,8.945,A,1131,1132,1131,,1132,,2,2
LIR,SEP,5IIS,true,within_cutoff,27,10,5.162,A,266,268,266,,268,,1,1
NH,SEP,5IIS,true,within_cutoff,18,10,6.033,A,286,287,286,,287,,1,1
GDF,SEP,5IL0,true,within_cutoff,23,10,8.046,B,302,304,302,,304,,1,1
GDF,SEP,5IL1,true,within_cutoff,23,10,8.063,B,302,304,302,,304,,1,1
GDF,SEP,5IL2,true,within_cutoff,23,10,8.120,B,302,304,302,,304,,1,1
GEV,SEP,5JEJ,true,within_cutoff,40,20,6.625,A,309,311,309,,311,,1,2
CH,SEP,5JEJ,true,within_cutoff,32,20,3.447,A,289,290,289,,290,,1,2
GEV,SEP,5JEK,true,within_cutoff,40,20,6.708,A,309,311,309,,311,,1,2
CH,SEP,5JEK,true,within_cutoff,32,20,3.065,B,289,290,289,,290,,2,2
CF,SEP,5JEK,true,within_cutoff,34,20,9.337,D,435,436,435,,436,,2,2
GEV,SEP,5JEL,true,within_cutoff,20,30,6.568,A,309,311,309,,311,,1,1
CH,SEP,5JEL,true,within_cutoff,16,30,3.043,A,289,290,289,,290,,1,1
GEV,SEP,5JEO,true,within_cutoff,20,10,7.612,A,309,311,309,,311,,1,1
CH,SEP,5JEO,true,within_cutoff,16,10,4.144,A,289,290,289,,290,,1,1
FGG,SEP,5JN5,true,within_cutoff,38,20,4.786,A,257,259,257,,259,,1,2
WK,SEP,5JN5,true,within_cutoff,52,20,8.932,B,359,360,359,,360,,2,2
GDF,SEP,5JN5,true,within_cutoff,46,20,7.108,B,125,127,125,,127,,2,2
GDR,SEP,5JN5,true,within_cutoff,46,20,2.826,A,291,293,291,,293,,1,2
GGD,SEP,5JN5,true,within_cutoff,32,20,3.963,B,60,62,60,,62,,2,2
VEP,SEP,5K9P,true,within_cutoff,23,10,1.328,A,17,19,17,,19,,1,1
CF,SEP,5KL0,true,within_cutoff,17,10,7.215,A,265,266,265,,266,,1,1
GDF,SEP,5KL0,true,within_cutoff,23,10,2.665,A,260,262,260,,262,,1,1
LNF,SEP,5LTW,true,within_cutoff,162,60,3.306,B,174,176,174,,176,,2,6
LNF,SEP,5LU1,true,within_cutoff,108,40,3.205,E,174,176,174,,176,,3,4
LNF,SEP,5LU2,true,within_cutoff,54,20,3.217,A,174,176,174,,176,,1,2
LNF,SEP,5LX2,true,within_cutoff,27,10,3.494,A,177,179,177,,179,,1,1
ARR,SEP,5LX2,true,within_cutoff,27,10,2.756,A,56,58,56,,58,,1,1
LIR,SEP,5LXI,true,within_cutoff,54,20,5.293,B,63,65,63,,65,,2,2
AQK,SEP,5LZS,true,within_cutoff,115,10,8.858,H,139,141,139,,141,,4,5
LNF,SEP,5M35,true,within_cutoff,54,20,3.117,A,172,174,172,,174,,1,2
ARR,SEP,5M35,true,within_cutoff,54,20,2.691,A,54,56,54,,56,,1,2
LNF,SEP,5M36,true,within_cutoff,54,20,3.399,A,172,174,172,,174,,1,2
ARR,SEP,5M36,true,within_cutoff,54,20,2.856,B,54,56,54,,56,,2,2
LNF,SEP,5M37,true,within_cutoff,54,20,3.436,B,172,174,172,,174,,2,2
ARR,SEP,5M37,true,within_cutoff,54,20,2.758,A,54,56,54,,56,,1,2
WI,SEP,5M3H,true,within_cutoff,66,20,3.658,A,417,418,417,,418,,2,3
VNP,SEP,5M3H,true,within_cutoff,22,20,6.985,B,3,5,3,,5,,1,1
QRR,SEP,5M3H,true,within_cutoff,31,20,6.884,A,490,492,490,,492,,1,1
CF,SEP,5M3J,true,within_cutoff,51,10,9.685,A,603,604,603,,604,,1,3
INP,SEP,5M3J,true,within_cutoff,23,10,6.073,B,3,5,3,,5,,1,1
NH,SEP,5M9D,true,within_cutoff,31,56,1.776,A,65,66,65,,66,,1,1
LNF,SEP,5MY9,true,within_cutoff,27,10,3.381,A,174,176,174,,176,,1,1
LGP,SEP,5MY9,true,within_cutoff,8,10,1.327,,,,,,,,,0
LNF,SEP,5MYC,true,within_cutoff,27,10,3.319,A,174,176,174,,176,,1,1
VEP,SEP,5N2W,true,within_cutoff,23,10,7.701,B,17,19,17,,19,,1,1
VEP,SEP,5N38,true,within_cutoff,23,10,7.808,B,17,19,17,,19,,1,1
LIR,SEP,5N51,true,within_cutoff,27,10,5.122,A,266,268,266,,268,,1,1
NH,SEP,5N51,true,within_cutoff,18,10,5.945,A,286,287,286,,287,,1,1
LIR,SEP,5N5L,true,within_cutoff,27,10,5.148,A,266,268,266,,268,,1,1
NH,SEP,5N5L,true,within_cutoff,18,10,6.005,A,286,287,286,,287,,1,1
LIR,SEP,5N5M,true,within_cutoff,27,10,5.117,A,266,268,266,,268,,1,1
NH,SEP,5N5M,true,within_cutoff,18,10,5.986,A,286,287,286,,287,,1,1
LNF,SEP,5N5R,true,within_cutoff,53,13,2.524,A,174,176,174,,176,,1,1
LNF,SEP,5N5T,true,within_cutoff,53,13,2.554,A,174,176,174,,176,,1,1
LNF,SEP,5N5W,true,within_cutoff,53,13,2.517,A,174,176,174,,176,,1,1
LNF,SEP,5N6N,true,within_cutoff,54,20,3.228,B,177,179,177,,179,,2,2
ARR,SEP,5N6N,true,within_cutoff,81,20,2.672,B,56,58,56,,58,,2,3
LNF,SEP,5N75,true,within_cutoff,53,13,2.574,A,174,176,174,,176,,1,1
GGD,SEP,5N7F,true,within_cutoff,64,10,5.993,A,488,490,488,,490,,1,4
GGD,SEP,5N7G,true,within_cutoff,48,10,6.083,A,488,490,488,,490,,1,3
LNF,SEP,5NAS,true,within_cutoff,54,20,3.394,A,172,174,172,,174,,1,2
ARR,SEP,5NAS,true,within_cutoff,54,20,2.651,A,54,56,54,,56,,1,2
LNF,SEP,5NWI,true,within_cutoff,27,10,3.512,A,181,183,181,,183,,1,1
ARR,SEP,5NWI,true,within_cutoff,27,10,2.731,A,61,63,61,,63,,1,1
LNF,SEP,5NWJ,true,within_cutoff,27,10,3.598,A,181,183,181,,183,,1,1
ARR,SEP,5NWJ,true,within_cutoff,27,10,2.601,A,61,63,61,,63,,1,1
LNF,SEP,5NWK,true,within_cutoff,204,80,3.289,F,181,183,181,,183,,6,8
ARR,SEP,5NWK,true,within_cutoff,204,80,2.501,G,61,63,61,,63,,7,8
LIR,SEP,5O11,true,within_cutoff,27,10,5.048,A,266,268,266,,268,,1,1
NH,SEP,5O11,true,within_cutoff,18,10,6.002,A,286,287,286,,287,,1,1
LIR,SEP,5O12,true,within_cutoff,27,10,5.062,A,266,268,266,,268,,1,1
NH,SEP,5O12,true,within_cutoff,18,10,6.028,A,286,287,286,,287,,1,1
LIR,SEP,5O13,true,within_cutoff,27,10,4.965,A,266,268,266,,268,,1,1
NH,SEP,5O13,true,within_cutoff,18,10,6.005,A,286,287,286,,287,,1,1
CH,SEP,5OAT,true,within_cutoff,96,60,2.522,E,424,425,424,,425,,5,6
LNF,SEP,5OAW,true,within_cutoff,54,10,3.142,A,253,255,253,,255,,1,2
INP,SEP,5OAW,true,within_cutoff,46,10,9.729,A,248,250,248,,250,,1,2
FDP,SEP,5ODS,true,within_cutoff,104,40,5.815,E,563,565,563,,565,,1,4
LNF,SEP,5OK9,true,within_cutoff,212,52,2.474,A,174,176,174,,176,,1,4
LGP,SEP,5OK9,true,within_cutoff,86,52,6.005,,,,,,,,,0
LNF,SEP,5OKF,true,within_cutoff,212,40,2.767,C,174,176,174,,176,,3,4
LNF,SEP,5OM0,true,within_cutoff,106,10,3.288,A,174,176,174,,176,,1,2
LNF,SEP,5OMA,true,within_cutoff,108,20,3.688,A,174,176,174,,176,,1,4
NH,SEP,5OXH,true,within_cutoff,18,10,4.157,A,67,68,67,,68,,1,1
VEP,SEP,5OXH,true,within_cutoff,23,10,9.574,A,17,19,17,,19,,1,1
CF,SEP,5SXA,true,within_cutoff,17,30,8.138,A,301,302,301,,302,,1,1
CF,SEP,5SXJ,true,within_cutoff,17,30,8.190,A,301,302,301,,302,,1,1
FGG,SEP,5TR2,true,within_cutoff,38,20,4.629,B,257,259,257,,259,,2,2
WK,SEP,5TR2,true,within_cutoff,48,20,9.090,B,359,360,359,,360,,2,2
GDF,SEP,5TR2,true,within_cutoff,46,20,6.903,B,125,127,125,,127,,2,2
GDR,SEP,5TR2,true,within_cutoff,46,20,2.733,A,291,293,291,,293,,1,2
GGD,SEP,5TR2,true,within_cutoff,32,20,3.906,A,60,62,60,,62,,1,2
WK,SEP,5TRC,true,within_cutoff,46,20,8.441,B,1131,1132,1131,,1132,,2,2
LNF,SEP,5ULO,true,within_cutoff,54,20,3.282,A,172,174,172,,174,,1,2
ARR,SEP,5ULO,true,within_cutoff,54,20,2.757,B,54,56,54,,56,,2,2
QRR,SEP,5UPK,true,within_cutoff,31,10,2.981,B,358,360,358,,360,,1,1
QRR,SEP,5UPL,true,within_cutoff,31,10,2.672,A,358,360,358,,360,,1,1
FGG,SEP,5VBI,true,within_cutoff,38,32,4.853,A,257,259,257,,259,,1,2
WK,SEP,5VBI,true,within_cutoff,58,32,9.091,B,359,360,359,,360,,2,2
GDF,SEP,5VBI,true,within_cutoff,46,32,7.188,B,125,127,125,,127,,2,2
GDR,SEP,5VBI,true,within_cutoff,46,32,2.857,A,291,293,291,,293,,1,2
GGD,SEP,5VBI,true,within_cutoff,32,32,3.912,B,60,62,60,,62,,2,2
QRR,SEP,5VED,true,within_cutoff,31,10,4.111,A,358,360,358,,360,,1,1
QRR,SEP,5VEE,true,within_cutoff,31,10,6.975,A,358,360,358,,360,,1,1
QRR,SEP,5VEF,true,within_cutoff,65,14,1.995,A,358,360,358,,360,,1,1
FGG,SEP,5VG7,true,within_cutoff,38,16,4.918,A,257,259,257,,259,,1,2
GDF,SEP,5VG7,true,within_cutoff,51,16,7.305,A,125,127,125,,127,,1,2
GDR,SEP,5VG7,true,within_cutoff,46,16,2.869,A,291,293,291,,293,,1,2
GGD,SEP,5VG7,true,within_cutoff,32,16,3.973,A,60,62,60,,62,,1,2
RPR,SEP,5WUM,true,within_cutoff,58,10,5.965,B,380,382,380,,382,,1,2
VEP,SEP,5X3M,true,within_cutoff,23,10,7.999,A,17,19,17,,19,,1,1
VEP,SEP,5X3O,true,within_cutoff,23,10,7.686,A,17,19,17,,19,,1,1
NH,SEP,5XJC,true,within_cutoff,188,20,5.263,T,370,371,370,,371,,10,12
MER,SEP,5XJC,true,within_cutoff,56,20,5.876,O,121,123,121,,123,,2,2
VEP,SEP,5XK5,true,within_cutoff,45,14,7.848,A,17,19,17,,19,,1,1
QRR,SEP,5XVA,true,within_cutoff,31,10,2.865,A,358,360,358,,360,,1,1
QRR,SEP,5XVF,true,within_cutoff,31,10,2.836,A,358,360,358,,360,,1,1
QRR,SEP,5XVG,true,within_cutoff,31,10,2.893,A,358,360,358,,360,,1,1
GDF,SEP,5XW5,true,within_cutoff,46,10,8.735,A,176,178,176,,178,,1,2
LDF,SEP,5XW5,true,within_cutoff,54,10,9.968,A,49,51,49,,51,,1,2
CF,SEP,5YPO,true,within_cutoff,40,20,8.846,A,687,688,687,,688,,2,2
AAR,SEP,5YPO,true,within_cutoff,32,20,6.159,,,,,,,,,0
RPR,SEP,5YPO,true,within_cutoff,66,20,2.984,A,651,653,651,,653,,2,2
ARR,SEP,5YPO,true,within_cutoff,54,20,2.446,D,-3,-1,-3,,-1,,2,2
LNF,SEP,5YQG,true,within_cutoff,108,40,3.424,B,177,179,177,,179,,2,4
ARR,SEP,5YQG,true,within_cutoff,108,40,2.577,D,55,57,55,,57,,4,4
NH,SEP,5YZG,true,within_cutoff,154,20,5.007,T,370,371,370,,371,,9,11
MER,SEP,5YZG,true,within_cutoff,40,20,5.865,O,121,123,121,,123,,2,2
VAF,SEP,5ZA2,true,within_cutoff,50,10,7.775,B,325,327,325,,327,,2,2
GDF,SEP,5ZGS,true,within_cutoff,23,10,9.326,A,252,254,252,,254,,1,1
VNP,SEP,5ZIA,true,within_cutoff,132,60,9.925,A,51,52A,51,,52,A,2,6
QRR,SEP,5ZJW,true,within_cutoff,31,10,2.779,A,358,360,358,,360,,1,1
GDF,SEP,6A4Y,true,within_cutoff,23,10,9.120,A,252,254,252,,254,,1,1
LNF,SEP,6A5Q,true,within_cutoff,81,30,3.282,B,174,176,174,,176,,1,3
ARR,SEP,6A5Q,true,within_cutoff,81,30,2.701,C,56,58,56,,58,,3,3
ARR,SEP,6A5S,true,within_cutoff,108,40,2.631,B,55,57,55,,57,,2,4
WI,SEP,6BB4,true,within_cutoff,66,30,9.852,H,47,48,47,,48,,1,3
GDD,SEP,6BB4,true,within_cutoff,60,30,9.463,H,53,55,53,,55,,1,3
ARR,SEP,6BB4,true,within_cutoff,81,30,2.697,H,93,95,93,,95,,1,3
LNF,SEP,6BD1,true,within_cutoff,212,52,2.634,A,172,174,172,,174,,1,4
WI,SEP,6DC9,true,within_cutoff,44,20,7.615,H,47,48,47,,48,,1,2
EGM,SEP,6DJW,true,within_cutoff,8,20,6.393,,,,,,,,,0
VEP,SEP,6DJW,true,within_cutoff,46,20,8.266,B,17,19,17,,19,,2,2
VEP,SEP,6DJX,true,within_cutoff,46,20,8.311,B,17,19,17,,19,,2,2
VAD,SEP,6DU2,true,within_cutoff,40,30,9.296,B,162,164,162,,164,,2,2
VAD,SEP,6DU3,true,within_cutoff,40,20,9.370,B,162,164,162,,164,,2,2
LNF,SEP,6EF5,true,within_cutoff,108,40,3.019,A,172,174,172,,174,,1,4
ARR,SEP,6EF5,true,within_cutoff,108,40,2.725,A,54,56,54,,56,,1,4
LNF,SEP,6EIH,true,within_cutoff,27,10,3.396,A,175,177,175,,177,,1,1
ARR,SEP,6EIH,true,within_cutoff,27,10,2.903,A,55,57,55,,57,,1,1
LNF,SEP,6EJL,true,within_cutoff,54,20,3.409,A,172,174,172,,174,,1,2
ARR,SEP,6EJL,true,within_cutoff,54,20,2.709,A,54,56,54,,56,,1,2
LNF,SEP,6EWW,true,within_cutoff,108,40,3.353,D,172,174,172,,174,,4,4
ELD,SEP,6EWW,true,within_cutoff,77,40,8.704,,,,,,,,,0
ARR,SEP,6EWW,true,within_cutoff,108,40,2.454,C,54,56,54,,56,,2,4
LNF,SEP,6F08,true,within_cutoff,108,40,3.231,I,172,174,172,,174,,3,4
ELD,SEP,6F08,true,within_cutoff,95,40,8.545,I,202,204,202,,204,,3,4
ARR,SEP,6F08,true,within_cutoff,108,40,2.835,B,54,56,54,,56,,2,4
LNF,SEP,6F09,true,within_cutoff,212,49,2.472,R,172,174,172,,174,,3,4
ARR,SEP,6F09,true,within_cutoff,232,49,1.943,S,54,56,54,,56,,4,4
CF,SEP,6F3T,true,within_cutoff,124,56,6.067,B,462,463,462,,463,,2,4
MPK,SEP,6F3T,true,within_cutoff,212,56,6.679,H,12,14,12,,14,,2,4
ANP,SEP,6F7B,true,within_cutoff,20,10,9.736,A,826,828,826,,828,,1,1
IKP,SEP,6F7B,true,within_cutoff,48,10,2.949,A,918,920,918,,920,,2,2
LNF,SEP,6FAU,true,within_cutoff,127,26,2.595,A,174,176,174,,176,,1,2
LNF,SEP,6FAV,true,within_cutoff,127,26,2.553,A,174,176,174,,176,,1,2
LNF,SEP,6FAW,true,within_cutoff,146,26,2.549,A,174,176,174,,176,,1,2
LNF,SEP,6FBB,true,within_cutoff,53,13,2.496,A,174,176,174,,176,,1,1
LNF,SEP,6FBW,true,within_cutoff,127,26,2.428,A,174,176,174,,176,,1,2
LNF,SEP,6FBY,true,within_cutoff,127,29,2.551,C,174,176,174,,176,,2,2
LNF,SEP,6FCP,true,within_cutoff,53,13,2.553,A,174,176,174,,176,,1,1
ARR,SEP,6FEL,true,within_cutoff,108,40,2.636,A,55,57,55,,57,,1,4
WI,SEP,6FHI,true,within_cutoff,66,20,4.233,A,417,418,417,,418,,2,3
VNP,SEP,6FHI,true,within_cutoff,22,20,7.161,B,3,5,3,,5,,1,1
QRR,SEP,6FHI,true,within_cutoff,31,20,6.844,A,490,492,490,,492,,1,1
VAF,SEP,6FHK,true,within_cutoff,46,20,3.172,B,42,44,42,,44,,2,2
LNF,SEP,6FI4,true,within_cutoff,54,13,2.696,A,174,176,174,,176,,1,1
LNF,SEP,6FI5,true,within_cutoff,54,13,2.681,A,174,176,174,,176,,1,1
FGG,SEP,6FJ4,true,within_cutoff,19,10,4.249,A,950,952,950,,952,,1,1
CF,SEP,6G2I,true,within_cutoff,496,112,9.245,R,1255,1256,1255,,1256,,16,16
LNF,SEP,6G6X,true,within_cutoff,53,13,2.504,A,174,176,174,,176,,1,1
LNF,SEP,6G8I,true,within_cutoff,53,13,2.589,A,174,176,174,,176,,1,1
LNF,SEP,6G8J,true,within_cutoff,53,13,2.528,A,174,176,174,,176,,1,1
LNF,SEP,6G8K,true,within_cutoff,53,13,2.498,A,174,176,174,,176,,1,1
LNF,SEP,6G8L,true,within_cutoff,53,13,2.477,A,174,176,174,,176,,1,1
LNF,SEP,6G8P,true,within_cutoff,53,13,2.564,A,174,176,174,,176,,1,1
LNF,SEP,6G8Q,true,within_cutoff,53,13,2.616,A,174,176,174,,176,,1,1
LNF,SEP,6GHP,true,within_cutoff,53,13,2.748,A,174,176,174,,176,,1,1
ARR,SEP,6GKF,true,within_cutoff,216,80,2.572,E,55,57,55,,57,,3,8
ARR,SEP,6GKG,true,within_cutoff,208,60,2.297,G,55,57,55,,57,,7,8
VEP,SEP,6GLC,true,within_cutoff,23,20,7.876,B,17,19,17,,19,,1,1
CC,SEP,6GX9,true,within_cutoff,48,20,9.220,B,662,663,662,,663,,3,4
WI,SEP,6H0E,true,within_cutoff,88,40,7.351,A,47,48,47,,48,,2,4
LNF,SEP,6HEP,true,within_cutoff,108,40,3.247,B,174,176,174,,176,,2,4
ELD,SEP,6HEP,true,within_cutoff,92,40,7.953,,,,,,,,,0
ARR,SEP,6HEP,true,within_cutoff,152,40,2.635,,,,,,,,,0
GEV,SEP,6HM5,true,within_cutoff,38,13,7.121,A,149,151,149,,151,,1,1
LIR,SEP,6I3M,true,within_cutoff,54,20,3.004,K,62,64,62,,64,,1,2
NH,SEP,6I7D,true,within_cutoff,72,40,2.818,D,106,107,106,,107,,4,4
NH,SEP,6I7E,true,within_cutoff,18,10,2.751,A,106,107,106,,107,,1,1
LEA,SEP,6I7E,true,within_cutoff,44,10,8.780,A,693,695,693,,695,,2,2
NH,SEP,6ICZ,true,within_cutoff,140,20,5.167,T,370,371,370,,371,,6,10
MER,SEP,6ICZ,true,within_cutoff,43,20,4.289,O,121,123,121,,123,,1,2
NH,SEP,6ID0,true,within_cutoff,120,20,5.179,T,370,371,370,,371,,6,8
MER,SEP,6ID0,true,within_cutoff,28,20,3.578,O,121,123,121,,123,,1,1
NH,SEP,6ID1,true,within_cutoff,130,20,5.124,T,370,371,370,,371,,5,9
MER,SEP,6ID1,true,within_cutoff,28,20,4.058,O,121,123,121,,123,,1,1
GEV,SEP,6IHT,true,within_cutoff,20,11,7.114,A,43,45,43,,45,,1,1
EDA,SEP,6IHT,true,within_cutoff,22,11,4.423,A,16,18,16,,18,,1,1
GDR,SEP,6IL9,true,within_cutoff,23,10,6.089,A,96,98,96,,98,,1,1
LEA,SEP,6IL9,true,within_cutoff,22,10,6.513,A,372,374,372,,374,,1,1
GDR,SEP,6ILB,true,within_cutoff,46,20,6.168,D,96,98,96,,98,,2,2
LEA,SEP,6ILB,true,within_cutoff,44,20,6.254,D,372,374,372,,374,,2,2
LGP,SEP,6J6G,true,within_cutoff,38,10,7.109,R,83,85,83,,85,,1,2
LGP,SEP,6J6H,true,within_cutoff,38,10,6.906,R,83,85,83,,85,,1,2
LGP,SEP,6J6N,true,within_cutoff,38,10,7.345,R,83,85,83,,85,,1,2
LGP,SEP,6J6Q,true,within_cutoff,38,10,6.348,R,83,85,83,,85,,1,2
AQK,SEP,6J7P,true,within_cutoff,49,13,4.928,A,187,189,187,,189,,1,1
AQK,SEP,6J7S,true,within_cutoff,49,13,4.671,A,187,189,187,,189,,1,1
AQK,SEP,6J9J,true,within_cutoff,23,10,5.369,A,1675,1677,1675,,1677,,1,1
ELD,SEP,6JHK,true,within_cutoff,125,50,8.990,B,22,24,22,,24,,2,5
LIR,SEP,6JLZ,true,within_cutoff,216,20,1.296,M,61,63,61,,63,,8,8
GDF,SEP,6KMK,true,within_cutoff,23,10,7.859,A,252,254,252,,254,,1,1
LNF,SEP,6KZG,true,within_cutoff,54,20,3.413,A,172,174,172,,174,,1,2
LNF,SEP,6KZH,true,within_cutoff,54,20,3.298,A,172,174,172,,174,,1,2
LIR,SEP,6KZI,true,within_cutoff,27,10,5.340,A,266,268,266,,268,,1,1
NH,SEP,6KZI,true,within_cutoff,18,10,6.368,A,286,287,286,,287,,1,1
LIR,SEP,6L11,true,within_cutoff,27,10,5.180,A,266,268,266,,268,,1,1
NH,SEP,6L11,true,within_cutoff,18,10,6.021,A,286,287,286,,287,,1,1
LIR,SEP,6L12,true,within_cutoff,27,10,5.147,A,266,268,266,,268,,1,1
NH,SEP,6L12,true,within_cutoff,18,10,6.152,A,286,287,286,,287,,1,1
LIR,SEP,6L13,true,within_cutoff,27,10,5.101,A,266,268,266,,268,,1,1
NH,SEP,6L13,true,within_cutoff,18,10,6.156,A,286,287,286,,287,,1,1
LIR,SEP,6L14,true,within_cutoff,27,10,5.177,A,266,268,266,,268,,1,1
NH,SEP,6L14,true,within_cutoff,18,10,6.179,A,286,287,286,,287,,1,1
LIR,SEP,6L15,true,within_cutoff,27,10,5.274,A,266,268,266,,268,,1,1
NH,SEP,6L15,true,within_cutoff,18,10,6.236,A,286,287,286,,287,,1,1
LIR,SEP,6L16,true,within_cutoff,27,10,5.113,A,266,268,266,,268,,1,1
NH,SEP,6L16,true,within_cutoff,18,10,6.303,A,286,287,286,,287,,1,1
LIR,SEP,6L17,true,within_cutoff,27,10,5.204,A,266,268,266,,268,,1,1
NH,SEP,6L17,true,within_cutoff,18,10,6.182,A,286,287,286,,287,,1,1
CF,SEP,6MLF,true,within_cutoff,17,13,7.078,A,243,244,243,,244,,1,1
GDF,SEP,6MLF,true,within_cutoff,23,13,2.685,A,238,240,238,,240,,1,1
CF,SEP,6MLH,true,within_cutoff,17,13,7.667,A,243,244,243,,244,,1,1
GDF,SEP,6MLH,true,within_cutoff,23,13,2.988,A,238,240,238,,240,,1,1
CF,SEP,6MLW,true,within_cutoff,17,10,7.048,A,243,244,243,,244,,1,1
GDF,SEP,6MLW,true,within_cutoff,23,10,3.321,A,238,240,238,,240,,1,1
AAR,SEP,6MTU,true,within_cutoff,88,28,9.494,A,769,771,769,,771,,1,2
VEP,SEP,6N13,true,within_cutoff,50,11,8.090,A,17,19,17,,19,,2,2
CF,SEP,6NN2,true,within_cutoff,17,10,7.187,A,243,244,243,,244,,1,1
GDF,SEP,6NN2,true,within_cutoff,23,10,2.960,A,238,240,238,,240,,1,1
CF,SEP,6NNO,true,within_cutoff,17,26,6.945,A,243,244,243,,244,,1,1
GDF,SEP,6NNO,true,within_cutoff,23,26,2.782,A,238,240,238,,240,,1,1
CF,SEP,6NNS,true,within_cutoff,17,16,6.756,A,243,244,243,,244,,1,1
GDF,SEP,6NNS,true,within_cutoff,23,16,2.912,A,238,240,238,,240,,1,1
CF,SEP,6NNU,true,within_cutoff,17,16,6.893,A,243,244,243,,244,,1,1
GDF,SEP,6NNU,true,within_cutoff,23,16,2.968,A,238,240,238,,240,,1,1
CF,SEP,6NOQ,true,within_cutoff,17,10,6.682,A,243,244,243,,244,,1,1
GDF,SEP,6NOQ,true,within_cutoff,23,10,2.925,A,238,240,238,,240,,1,1
CF,SEP,6NP8,true,within_cutoff,17,20,7.567,A,243,244,243,,244,,1,1
GDF,SEP,6NP8,true,within_cutoff,23,20,2.895,A,238,240,238,,240,,1,1
GER,SEP,6NPW,true,within_cutoff,48,10,7.251,D,40,42,40,,42,,2,2
EDA,SEP,6NPW,true,within_cutoff,44,10,6.266,D,147,149,147,,149,,2,2
CF,SEP,6NQF,true,within_cutoff,23,16,7.649,A,243,244,243,,244,,1,1
GDF,SEP,6NQF,true,within_cutoff,23,16,3.117,A,238,240,238,,240,,1,1
CF,SEP,6NQG,true,within_cutoff,23,10,7.825,A,243,244,243,,244,,1,1
GDF,SEP,6NQG,true,within_cutoff,23,10,3.529,A,238,240,238,,240,,1,1
LNF,SEP,6NV2,true,within_cutoff,53,13,2.564,A,174,176,174,,176,,1,1
LNF,SEP,6NYB,true,within_cutoff,54,20,3.493,C,172,174,172,,174,,1,2
ARR,SEP,6NYB,true,within_cutoff,54,20,2.247,D,54,56,54,,56,,2,2
LIR,SEP,6O9Z,true,within_cutoff,98,20,4.097,M,61,63,61,,63,,4,4
LIR,SEP,6PDN,true,within_cutoff,27,10,5.058,A,266,268,266,,268,,1,1
NH,SEP,6PDN,true,within_cutoff,18,10,5.973,A,286,287,286,,287,,1,1
GDF,SEP,6PL1,true,within_cutoff,23,10,9.754,A,667,669,667,,669,,1,1
GDF,SEP,6PL2,true,within_cutoff,23,10,9.955,A,667,669,667,,669,,1,1
GDF,SEP,6PMA,true,within_cutoff,23,10,9.422,A,667,669,667,,669,,1,1
LNF,SEP,6Q0J,true,within_cutoff,30,20,4.465,Y,172,174,172,,174,,2,2
ARR,SEP,6Q0J,true,within_cutoff,30,20,7.037,X,54,56,54,,56,,1,2
LNF,SEP,6Q0K,true,within_cutoff,30,20,3.921,Y,172,174,172,,174,,2,2
ARR,SEP,6Q0K,true,within_cutoff,30,20,6.222,X,54,56,54,,56,,1,2
LNF,SEP,6Q0T,true,within_cutoff,30,20,5.805,Y,172,174,172,,174,,2,2
ARR,SEP,6Q0T,true,within_cutoff,30,20,5.920,X,54,56,54,,56,,1,2
WK,SEP,6QDV,true,within_cutoff,353,20,8.895,,,,,,,,,0
NH,SEP,6QDV,true,within_cutoff,234,20,4.705,J,370,371,370,,371,,6,13
MER,SEP,6QDV,true,within_cutoff,84,20,3.674,M,121,123,121,,123,,3,3
LIR,SEP,6QG0,true,within_cutoff,54,20,4.802,L,62,64,62,,64,,1,2
LIR,SEP,6QG1,true,within_cutoff,54,20,4.802,L,62,64,62,,64,,1,2
LIR,SEP,6QG2,true,within_cutoff,54,20,6.805,K,62,64,62,,64,,1,2
LIR,SEP,6QG3,true,within_cutoff,54,20,7.124,K,62,64,62,,64,,1,2
LIR,SEP,6QG5,true,within_cutoff,54,20,7.124,K,62,64,62,,64,,1,2
LIR,SEP,6QG6,true,within_cutoff,54,20,6.703,K,62,64,62,,64,,1,2
ELD,SEP,6QH7,true,within_cutoff,25,10,5.942,S,100,102,100,,102,,1,1
LNF,SEP,6QHL,true,within_cutoff,53,14,2.517,A,174,176,174,,176,,1,1
LNF,SEP,6QHM,true,within_cutoff,53,13,2.416,A,174,176,174,,176,,1,1
LNF,SEP,6QIU,true,within_cutoff,27,10,3.342,A,174,176,174,,176,,1,1
LNF,SEP,6QK8,true,within_cutoff,108,40,3.242,D,177,179,177,,179,,4,4
ELD,SEP,6QK8,true,within_cutoff,35,40,9.660,,,,,,,,,0
ARR,SEP,6QK8,true,within_cutoff,108,40,2.612,B,56,58,56,,58,,2,4
LNF,SEP,6QZS,true,within_cutoff,54,20,3.312,B,174,176,174,,176,,2,2
WI,SEP,6RFL,true,within_cutoff,66,30,8.670,A,209,210,209,,210,,2,3
NH,SEP,6RFL,true,within_cutoff,216,30,9.911,B,408,409,408,,409,,2,12
DEE,SEP,6RFL,true,within_cutoff,52,30,5.883,A,419,421,419,,421,,2,2
ARR,SEP,6RFL,true,within_cutoff,27,30,7.778,A,279,281,279,,281,,1,1
LNF,SEP,6RHC,true,within_cutoff,27,10,3.391,A,174,176,174,,176,,1,1
LNF,SEP,6RJL,true,within_cutoff,53,13,2.527,A,174,176,174,,176,,1,1
LNF,SEP,6RJQ,true,within_cutoff,53,13,2.548,A,174,176,174,,176,,1,1
LNF,SEP,6RP6,true,within_cutoff,53,13,2.578,A,174,176,174,,176,,1,1
ARR,SEP,6S9K,true,within_cutoff,27,10,2.841,A,55,57,55,,57,,1,1
ARR,SEP,6SAD,true,within_cutoff,54,20,2.574,B,55,57,55,,57,,2,2
LNF,SEP,6SLW,true,within_cutoff,53,13,2.466,A,174,176,174,,176,,1,1
LNF,SEP,6SLX,true,within_cutoff,53,13,2.552,A,174,176,174,,176,,1,1
FGG,SEP,6SNO,true,within_cutoff,19,10,4.935,A,275,277,275,,277,,1,1
WK,SEP,6SNO,true,within_cutoff,23,10,8.941,A,377,378,377,,378,,1,1
GDF,SEP,6SNO,true,within_cutoff,23,10,7.159,A,143,145,143,,145,,1,1
GDR,SEP,6SNO,true,within_cutoff,23,10,2.757,A,309,311,309,,311,,1,1
GGD,SEP,6SNO,true,within_cutoff,16,10,4.269,A,78,80,78,,80,,1,1
FGG,SEP,6SNQ,true,within_cutoff,19,10,4.893,A,275,277,275,,277,,1,1
WK,SEP,6SNQ,true,within_cutoff,23,10,8.862,A,377,378,377,,378,,1,1
GDF,SEP,6SNQ,true,within_cutoff,23,10,7.196,A,143,145,143,,145,,1,1
GDR,SEP,6SNQ,true,within_cutoff,23,10,2.720,A,309,311,309,,311,,1,1
GGD,SEP,6SNQ,true,within_cutoff,16,10,4.291,A,78,80,78,,80,,1,1
CF,SEP,6SQS,true,within_cutoff,34,20,9.311,A,461,462,461,,462,,1,2
WI,SEP,6STF,true,within_cutoff,110,50,8.922,C,102,103,102,,103,,3,5
WI,SEP,6STG,true,within_cutoff,44,20,8.547,B,102,103,102,,103,,2,2
WI,SEP,6T3J,true,within_cutoff,132,20,6.025,I,46,47,46,,47,,6,6
LNF,SEP,6T5F,true,within_cutoff,108,40,3.324,C,174,176,174,,176,,3,4
LNF,SEP,6T5H,true,within_cutoff,54,20,3.483,B,174,176,174,,176,,2,2
LNF,SEP,6T80,true,within_cutoff,108,40,3.248,B,174,176,174,,176,,2,4
LEA,SEP,6TA1,true,within_cutoff,528,60,9.361,A,1472,1474,1472,,1474,,2,24
LNF,SEP,6TCH,true,within_cutoff,53,14,2.529,B,174,176,174,,176,,1,1
WK,SEP,6TQR,true,within_cutoff,82,30,5.396,D,113,114,113,,114,,4,4
CF,SEP,6TQR,true,within_cutoff,68,30,5.632,A,48,49,48,,49,,1,4
VAF,SEP,6TQU,true,within_cutoff,46,40,7.231,A,360,362,360,,362,,1,2
WK,SEP,6TQU,true,within_cutoff,46,40,6.520,A,427,428,427,,428,,1,2
NH,SEP,6TU7,true,within_cutoff,36,20,4.253,AP1,106,107,106,,107,,1,2
LNF,SEP,6U2H,true,within_cutoff,54,20,3.145,A,172,174,172,,174,,1,2
ARR,SEP,6U2H,true,within_cutoff,54,20,2.626,B,54,56,54,,56,,2,2
LNF,SEP,6UAN,true,within_cutoff,54,20,3.831,Z,173,175,173,,175,,2,2
ARR,SEP,6UAN,true,within_cutoff,54,20,2.745,A,55,57,55,,57,,1,2
NH,SEP,6UYS,true,within_cutoff,62,82,4.687,C,74,75,74,,75,,2,2
NH,SEP,6UYT,true,within_cutoff,31,41,5.789,A,74,75,74,,75,,1,1
NH,SEP,6UYU,true,within_cutoff,62,83,5.861,A,74,75,74,,75,,1,2
LNF,SEP,6W0L,true,within_cutoff,27,10,3.438,A,174,176,174,,176,,1,1
QRR,SEP,6WLX,true,within_cutoff,31,10,3.045,A,358,360,358,,360,,1,1
QRR,SEP,6WLY,true,within_cutoff,31,10,3.016,A,358,360,358,,360,,1,1
GDR,SEP,6WNX,true,within_cutoff,69,60,3.648,D,268,270,268,,270,,2,3
LNF,SEP,6XAG,true,within_cutoff,54,20,2.994,A,172,174,172,,174,,1,2
ARR,SEP,6XAG,true,within_cutoff,54,20,2.525,A,54,56,54,,56,,1,2
WI,SEP,6XBZ,true,within_cutoff,22,10,6.081,J,132,133,132,,133,,1,1
CH,SEP,6XBZ,true,within_cutoff,32,10,7.958,H,293,294,293,,294,,1,2
WI,SEP,6XD3,true,within_cutoff,22,10,6.216,J,132,133,132,,133,,1,1
CH,SEP,6XD3,true,within_cutoff,32,10,7.889,H,293,294,293,,294,,1,2
LNF,SEP,6XWD,true,within_cutoff,27,10,3.289,A,174,176,174,,176,,1,1
LNF,SEP,6XXC,true,within_cutoff,53,12,2.592,A,174,176,174,,176,,1,1
LNF,SEP,6XY5,true,within_cutoff,53,12,2.608,A,174,176,174,,176,,1,1
LNF,SEP,6Y18,true,within_cutoff,53,12,2.608,A,174,176,174,,176,,1,1
LNF,SEP,6Y1D,true,within_cutoff,53,12,2.589,A,174,176,174,,176,,1,1
LNF,SEP,6Y1J,true,within_cutoff,53,14,2.506,A,174,176,174,,176,,1,1
WK,SEP,6Y1J,true,within_cutoff,46,14,2.097,P,66,67,66,,67,,1,1
LNF,SEP,6Y3O,true,within_cutoff,27,10,3.368,A,174,176,174,,176,,1,1
LNF,SEP,6Y3S,true,within_cutoff,27,10,3.163,A,174,176,174,,176,,1,1
LNF,SEP,6Y3V,true,within_cutoff,27,10,3.238,A,174,176,174,,176,,1,1
LNF,SEP,6Y3W,true,within_cutoff,53,12,2.536,A,174,176,174,,176,,1,1
LNF,SEP,6Y40,true,within_cutoff,27,10,3.335,A,174,176,174,,176,,1,1
LNF,SEP,6Y44,true,within_cutoff,27,10,3.285,A,174,176,174,,176,,1,1
ARR,SEP,6Y4K,true,within_cutoff,54,20,2.838,B,55,57,55,,57,,2,2
LNF,SEP,6Y58,true,within_cutoff,53,13,2.520,A,174,176,174,,176,,1,1
AQK,SEP,6Y5U,true,within_cutoff,23,10,5.253,A,187,189,187,,189,,1,1
ARR,SEP,6Y6B,true,within_cutoff,54,20,2.398,A,55,57,55,,57,,1,2
LNF,SEP,6Y8A,true,within_cutoff,27,10,3.316,A,174,176,174,,176,,1,1
LNF,SEP,6Y8B,true,within_cutoff,27,10,3.332,A,174,176,174,,176,,1,1
LNF,SEP,6Y8D,true,within_cutoff,27,10,3.294,A,174,176,174,,176,,1,1
LNF,SEP,6Y8E,true,within_cutoff,27,10,3.291,A,174,176,174,,176,,1,1
FGG,SEP,6Y8G,true,within_cutoff,38,20,4.156,AAA,162,164,162,,164,,1,2
FGG,SEP,6Y8Y,true,within_cutoff,19,10,5.185,A,261,263,261,,263,,1,1
GDF,SEP,6Y8Y,true,within_cutoff,23,10,6.999,A,129,131,129,,131,,1,1
GDR,SEP,6Y8Y,true,within_cutoff,23,10,2.760,A,295,297,295,,297,,1,1
FGG,SEP,6Y8Z,true,within_cutoff,34,13,4.953,A,261,263,261,,263,,1,1
GDF,SEP,6Y8Z,true,within_cutoff,39,13,6.734,A,129,131,129,,131,,1,1
GDR,SEP,6Y8Z,true,within_cutoff,43,13,1.850,A,295,297,295,,297,,1,1
NH,SEP,6YCX,true,within_cutoff,36,20,3.280,B,106,107,106,,107,,2,2
LEA,SEP,6YCX,true,within_cutoff,88,20,9.080,B,693,695,693,,695,,4,4
NH,SEP,6YCY,true,within_cutoff,18,10,2.803,A,106,107,106,,107,,1,1
LNF,SEP,6YIA,true,within_cutoff,27,10,3.291,A,174,176,174,,176,,1,1
LNF,SEP,6YIB,true,within_cutoff,27,10,3.294,A,174,176,174,,176,,1,1
LNF,SEP,6YIC,true,within_cutoff,27,10,3.280,A,174,176,174,,176,,1,1
LIR,SEP,6YKD,true,within_cutoff,27,10,5.145,A,266,268,266,,268,,1,1
NH,SEP,6YKD,true,within_cutoff,18,10,6.063,A,286,287,286,,287,,1,1
LNF,SEP,6YMO,true,within_cutoff,54,20,3.332,A,172,174,172,,174,,1,2
ARR,SEP,6YMO,true,within_cutoff,54,20,2.798,A,54,56,54,,56,,1,2
LNF,SEP,6YOW,true,within_cutoff,27,10,3.209,A,174,176,174,,176,,1,1
LNF,SEP,6YOX,true,within_cutoff,27,10,3.285,A,174,176,174,,176,,1,1
LNF,SEP,6YOY,true,within_cutoff,53,14,2.528,A,174,176,174,,176,,1,1
LNF,SEP,6YP2,true,within_cutoff,27,10,3.270,A,174,176,174,,176,,1,1
LNF,SEP,6YP3,true,within_cutoff,27,10,3.284,A,174,176,174,,176,,1,1
LNF,SEP,6YP8,true,within_cutoff,27,10,3.291,A,174,176,174,,176,,1,1
LNF,SEP,6YPL,true,within_cutoff,27,10,3.284,A,174,176,174,,176,,1,1
LNF,SEP,6YPY,true,within_cutoff,27,10,3.237,A,174,176,174,,176,,1,1
LNF,SEP,6YQ2,true,within_cutoff,27,10,3.237,A,174,176,174,,176,,1,1
LNF,SEP,6YR5,true,within_cutoff,108,40,3.310,B,174,176,174,,176,,2,4
LNF,SEP,6YR6,true,within_cutoff,212,52,2.549,C,174,176,174,,176,,2,4
LNF,SEP,6YR7,true,within_cutoff,106,26,2.595,B,174,176,174,,176,,2,2
ARR,SEP,6ZBT,true,within_cutoff,108,40,2.728,C,55,57,55,,57,,3,4
ARR,SEP,6ZC9,true,within_cutoff,108,40,2.722,B,55,57,55,,57,,2,4
LNF,SEP,6ZCJ,true,within_cutoff,27,10,3.323,A,174,176,174,,176,,1,1
EDA,SEP,6ZKA,true,within_cutoff,22,10,8.839,k,229,231,229,,231,,1,1
EDA,SEP,6ZKB,true,within_cutoff,22,10,7.986,k,229,231,229,,231,,1,1
EDA,SEP,6ZKC,true,within_cutoff,88,10,7.505,k,229,231,229,,231,,3,4
EDA,SEP,6ZKD,true,within_cutoff,88,10,9.092,k,229,231,229,,231,,3,4
EDA,SEP,6ZKE,true,within_cutoff,88,10,8.663,k,229,231,229,,231,,3,4
EDA,SEP,6ZKF,true,within_cutoff,88,10,8.862,k,229,231,229,,231,,3,4
EDA,SEP,6ZKG,true,within_cutoff,88,10,7.328,k,229,231,229,,231,,3,4
EDA,SEP,6ZKH,true,within_cutoff,88,10,8.782,k,229,231,229,,231,,3,4
EDA,SEP,6ZKI,true,within_cutoff,88,10,9.105,k,229,231,229,,231,,3,4
EDA,SEP,6ZKJ,true,within_cutoff,88,10,8.940,k,229,231,229,,231,,3,4
EDA,SEP,6ZKK,true,within_cutoff,88,10,8.387,k,229,231,229,,231,,3,4
EDA,SEP,6ZKL,true,within_cutoff,88,10,7.913,k,229,231,229,,231,,3,4
EDA,SEP,6ZKM,true,within_cutoff,88,10,9.145,k,229,231,229,,231,,3,4
EDA,SEP,6ZKN,true,within_cutoff,88,10,9.145,k,229,231,229,,231,,3,4
EDA,SEP,6ZKO,true,within_cutoff,88,10,8.013,k,229,231,229,,231,,3,4
EDA,SEP,6ZKP,true,within_cutoff,88,10,8.451,k,229,231,229,,231,,3,4
EDA,SEP,6ZKQ,true,within_cutoff,88,10,9.739,k,229,231,229,,231,,3,4
EDA,SEP,6ZKR,true,within_cutoff,88,10,9.289,k,229,231,229,,231,,3,4
EDA,SEP,6ZKS,true,within_cutoff,88,10,9.025,k,229,231,229,,231,,3,4
EDA,SEP,6ZKT,true,within_cutoff,88,10,9.388,k,229,231,229,,231,,3,4
EDA,SEP,6ZKU,true,within_cutoff,88,10,8.702,k,229,231,229,,231,,3,4
EDA,SEP,6ZKV,true,within_cutoff,88,10,8.803,k,229,231,229,,231,,3,4
LIR,SEP,7AA7,true,within_cutoff,59,40,5.236,A,63,65,63,,65,,1,2
GEV,SEP,7ABM,true,within_cutoff,20,10,8.600,A,27,29,27,,29,,1,1
WK,SEP,7AIP,true,within_cutoff,46,40,7.628,B,808,809,808,,809,,2,2
NH,SEP,7ALN,true,within_cutoff,18,10,2.183,F,106,107,106,,107,,1,1
WI,SEP,7AOF,true,within_cutoff,44,30,9.396,A,209,210,209,,210,,1,2
DEE,SEP,7AOF,true,within_cutoff,52,30,5.965,A,419,421,419,,421,,1,2
ARR,SEP,7AOF,true,within_cutoff,27,30,7.981,A,279,281,279,,281,,1,1
LNF,SEP,7AOG,true,within_cutoff,53,13,2.633,A,174,176,174,,176,,1,1
LNF,SEP,7AXN,true,within_cutoff,27,10,3.234,A,174,176,174,,176,,1,1
LNF,SEP,7AYF,true,within_cutoff,27,10,3.328,A,174,176,174,,176,,1,1
LNF,SEP,7AZ1,true,within_cutoff,27,10,3.308,A,174,176,174,,176,,1,1
LNF,SEP,7AZ2,true,within_cutoff,27,10,3.299,A,174,176,174,,176,,1,1
LNF,SEP,7B13,true,within_cutoff,53,13,2.578,A,174,176,174,,176,,1,1
LGP,SEP,7B9V,true,within_cutoff,38,10,7.125,M,83,85,83,,85,,1,2
LNF,SEP,7BDP,true,within_cutoff,27,10,3.409,A,174,176,174,,176,,1,1
LNF,SEP,7BDT,true,within_cutoff,27,10,3.368,A,174,176,174,,176,,1,1
LNF,SEP,7BDY,true,within_cutoff,27,10,3.360,A,174,176,174,,176,,1,1
LNF,SEP,7BFW,true,within_cutoff,27,10,3.392,A,174,176,174,,176,,1,1
LNF,SEP,7BG3,true,within_cutoff,27,10,3.315,A,174,176,174,,176,,1,1
LNF,SEP,7BGQ,true,within_cutoff,27,10,3.403,A,174,176,174,,176,,1,1
LNF,SEP,7BGR,true,within_cutoff,27,10,3.377,A,174,176,174,,176,,1,1
LNF,SEP,7BGV,true,within_cutoff,27,10,3.378,A,174,176,174,,176,,1,1
LNF,SEP,7BGW,true,within_cutoff,27,10,3.396,A,174,176,174,,176,,1,1
LNF,SEP,7BI3,true,within_cutoff,27,10,3.215,A,174,176,174,,176,,1,1
LNF,SEP,7BIQ,true,within_cutoff,27,10,3.203,A,174,176,174,,176,,1,1
LNF,SEP,7BIW,true,within_cutoff,27,10,3.197,A,174,176,174,,176,,1,1
LNF,SEP,7BIY,true,within_cutoff,27,10,3.292,A,174,176,174,,176,,1,1
LNF,SEP,7BJB,true,within_cutoff,27,10,3.284,A,174,176,174,,176,,1,1
LNF,SEP,7BJF,true,within_cutoff,27,10,3.238,A,174,176,174,,176,,1,1
LNF,SEP,7BJL,true,within_cutoff,27,10,3.235,A,174,176,174,,176,,1,1
LNF,SEP,7BJW,true,within_cutoff,27,10,3.238,A,174,176,174,,176,,1,1
LNF,SEP,7BKH,true,within_cutoff,27,10,3.263,A,174,176,174,,176,,1,1
LNF,SEP,7BM9,true,within_cutoff,53,10,3.209,A,174,176,174,,176,,1,1
LNF,SEP,7BMC,true,within_cutoff,53,13,2.746,A,174,176,174,,176,,1,1
AQK,SEP,7C48,true,within_cutoff,23,10,5.245,A,187,189,187,,189,,1,1
GDF,SEP,7C73,true,within_cutoff,23,10,7.755,A,252,254,252,,254,,1,1
LNF,SEP,7C8E,true,within_cutoff,54,20,3.162,B,175,177,175,,177,,2,2
ARR,SEP,7C8E,true,within_cutoff,54,20,2.792,A,55,57,55,,57,,1,2
AAR,SEP,7CIS,true,within_cutoff,21,20,8.235,A,149,151,149,,151,,1,1
QRR,SEP,7CMB,true,within_cutoff,31,10,2.475,A,358,360,358,,360,,1,1
QRR,SEP,7CP3,true,within_cutoff,31,10,2.578,A,358,360,358,,360,,1,1
QRR,SEP,7CP4,true,within_cutoff,28,10,6.226,A,358,360,358,,360,,1,1
LIR,SEP,7D43,true,within_cutoff,96,20,4.954,K,61,63,61,,63,,3,4
LIR,SEP,7D44,true,within_cutoff,96,20,4.097,K,61,63,61,,63,,3,4
EGM,SEP,7D44,true,within_cutoff,28,20,9.288,L,42,44,42,,44,,2,2
LIR,SEP,7D45,true,within_cutoff,75,10,4.329,K,61,63,61,,63,,3,3
EGM,SEP,7D45,true,within_cutoff,14,10,9.087,K,42,44,42,,44,,1,1
LNF,SEP,7D8H,true,within_cutoff,27,10,3.556,A,172,174,172,,174,,1,1
ARR,SEP,7D8H,true,within_cutoff,27,10,2.530,A,54,56,54,,56,,1,1
LNF,SEP,7D8P,true,within_cutoff,54,20,3.416,B,172,174,172,,174,,2,2
ARR,SEP,7D8P,true,within_cutoff,54,20,2.556,B,54,56,54,,56,,2,2
LNF,SEP,7D9V,true,within_cutoff,54,20,3.334,B,172,174,172,,174,,2,2
ARR,SEP,7D9V,true,within_cutoff,54,20,2.529,A,54,56,54,,56,,1,2
AAR,SEP,7DYN,true,within_cutoff,21,20,8.231,A,149,151,149,,151,,1,1
LNF,SEP,7EXE,true,within_cutoff,54,20,3.471,B,172,174,172,,174,,2,2
RPR,SEP,7EXE,true,within_cutoff,36,20,3.099,,,,,,,,,0
ARR,SEP,7EXE,true,within_cutoff,54,20,2.500,B,54,56,54,,56,,2,2
VEP,SEP,7F7X,true,within_cutoff,45,14,7.058,A,17,19,17,,19,,1,1
VAD,SEP,7JFM,true,within_cutoff,40,20,9.835,B,319,321,319,,321,,2,2
LNF,SEP,7MFD,true,within_cutoff,54,20,3.425,D,172,174,172,,174,,2,2
ARR,SEP,7MFD,true,within_cutoff,54,20,2.497,D,54,56,54,,56,,2,2
LNF,SEP,7MFE,true,within_cutoff,54,20,3.231,C,172,174,172,,174,,1,2
ARR,SEP,7MFE,true,within_cutoff,54,20,2.731,B,54,56,54,,56,,2,2
LNF,SEP,7MFF,true,within_cutoff,54,20,3.280,C,172,174,172,,174,,1,2
ARR,SEP,7MFF,true,within_cutoff,54,20,2.484,D,54,56,54,,56,,2,2
LGP,SEP,7MS2,true,within_cutoff,76,20,8.845,A,697,699,697,,699,,2,4
LDF,SEP,7MS2,true,within_cutoff,54,20,7.426,A,24,26,24,,26,,1,2
LNF,SEP,7NIF,true,within_cutoff,27,10,3.387,A,174,176,174,,176,,1,1
LNF,SEP,7NIG,true,within_cutoff,27,10,3.372,A,174,176,174,,176,,1,1
LNF,SEP,7NJ6,true,within_cutoff,27,10,3.426,A,174,176,174,,176,,1,1
LNF,SEP,7NJ8,true,within_cutoff,27,10,3.335,A,174,176,174,,176,,1,1
LNF,SEP,7NJ9,true,within_cutoff,27,10,3.241,A,174,176,174,,176,,1,1
LNF,SEP,7NJA,true,within_cutoff,27,10,3.420,A,174,176,174,,176,,1,1
LNF,SEP,7NJB,true,within_cutoff,27,10,3.233,A,174,176,174,,176,,1,1
LNF,SEP,7NK3,true,within_cutoff,27,10,3.251,A,174,176,174,,176,,1,1
LNF,SEP,7NK5,true,within_cutoff,27,10,3.238,A,174,176,174,,176,,1,1
LNF,SEP,7NLA,true,within_cutoff,27,10,3.261,A,174,176,174,,176,,1,1
LNF,SEP,7NLE,true,within_cutoff,27,10,3.253,A,174,176,174,,176,,1,1
LNF,SEP,7NM1,true,within_cutoff,27,10,3.234,A,174,176,174,,176,,1,1
LNF,SEP,7NM3,true,within_cutoff,27,10,3.247,A,174,176,174,,176,,1,1
LNF,SEP,7NM9,true,within_cutoff,27,10,3.389,A,174,176,174,,176,,1,1
LNF,SEP,7NMA,true,within_cutoff,53,10,3.004,A,174,176,174,,176,,1,1
LNF,SEP,7NMH,true,within_cutoff,27,10,3.270,A,174,176,174,,176,,1,1
LNF,SEP,7NMW,true,within_cutoff,53,10,2.971,A,174,176,174,,176,,1,1
LNF,SEP,7NMX,true,within_cutoff,53,13,2.857,A,174,176,174,,176,,1,1
LNF,SEP,7NMZ,true,within_cutoff,54,20,3.300,BA,179,181,179,,181,,2,2
RPR,SEP,7NMZ,true,within_cutoff,12,20,6.693,,,,,,,,,0
ARR,SEP,7NMZ,true,within_cutoff,54,20,2.612,BA,57,59,57,,59,,2,2
LNF,SEP,7NN2,true,within_cutoff,53,13,2.585,A,174,176,174,,176,,1,1
LNF,SEP,7NND,true,within_cutoff,53,10,2.997,A,174,176,174,,176,,1,1
LNF,SEP,7NNE,true,within_cutoff,53,13,2.653,A,174,176,174,,176,,1,1
LNF,SEP,7NP2,true,within_cutoff,53,12,2.502,A,174,176,174,,176,,1,1
LNF,SEP,7NPB,true,within_cutoff,53,10,2.898,A,174,176,174,,176,,1,1
LNF,SEP,7NPG,true,within_cutoff,53,10,2.843,A,174,176,174,,176,,1,1
LNF,SEP,7NQP,true,within_cutoff,27,10,3.212,A,174,176,174,,176,,1,1
LNF,SEP,7NR7,true,within_cutoff,27,10,3.321,A,174,176,174,,176,,1,1
LNF,SEP,7NRK,true,within_cutoff,27,10,3.393,A,174,176,174,,176,,1,1
LNF,SEP,7NRL,true,within_cutoff,27,10,3.303,A,174,176,174,,176,,1,1
LNF,SEP,7NSV,true,within_cutoff,27,10,3.280,A,174,176,174,,176,,1,1
LNF,SEP,7NV4,true,within_cutoff,27,10,3.193,A,174,176,174,,176,,1,1
LNF,SEP,7NVI,true,within_cutoff,27,10,3.187,A,174,176,174,,176,,1,1
LNF,SEP,7NWS,true,within_cutoff,27,10,3.204,A,174,176,174,,176,,1,1
LNF,SEP,7NXS,true,within_cutoff,27,10,3.211,A,174,176,174,,176,,1,1
LNF,SEP,7NXT,true,within_cutoff,27,10,3.218,A,174,176,174,,176,,1,1
LNF,SEP,7NXW,true,within_cutoff,27,10,3.177,A,174,176,174,,176,,1,1
LNF,SEP,7NXY,true,within_cutoff,27,10,3.265,A,174,176,174,,176,,1,1
LNF,SEP,7NY4,true,within_cutoff,27,10,3.184,A,174,176,174,,176,,1,1
LNF,SEP,7NYE,true,within_cutoff,27,10,3.219,A,174,176,174,,176,,1,1
LNF,SEP,7NYF,true,within_cutoff,27,10,3.253,A,174,176,174,,176,,1,1
LNF,SEP,7NYG,true,within_cutoff,27,10,3.242,A,174,176,174,,176,,1,1
LNF,SEP,7NZ6,true,within_cutoff,27,10,3.227,A,174,176,174,,176,,1,1
LNF,SEP,7NZG,true,within_cutoff,27,10,3.222,A,174,176,174,,176,,1,1
LNF,SEP,7NZK,true,within_cutoff,27,10,3.220,A,174,176,174,,176,,1,1
CH,SEP,7NZM,true,within_cutoff,16,10,5.939,B,172,173,172,,173,,1,1
NH,SEP,7NZM,true,within_cutoff,18,10,2.379,B,124,125,124,,125,,1,1
LNF,SEP,7NZV,true,within_cutoff,27,10,3.205,A,174,176,174,,176,,1,1
LNF,SEP,7O07,true,within_cutoff,27,10,3.261,A,174,176,174,,176,,1,1
LNF,SEP,7O34,true,within_cutoff,27,10,3.228,A,174,176,174,,176,,1,1
LNF,SEP,7O3A,true,within_cutoff,27,10,3.210,A,174,176,174,,176,,1,1
LNF,SEP,7O3F,true,within_cutoff,27,10,3.286,A,174,176,174,,176,,1,1
LNF,SEP,7O3P,true,within_cutoff,27,10,3.247,A,174,176,174,,176,,1,1
LNF,SEP,7O3Q,true,within_cutoff,27,10,3.305,A,174,176,174,,176,,1,1
LNF,SEP,7O3R,true,within_cutoff,27,10,3.337,A,174,176,174,,176,,1,1
LNF,SEP,7O3S,true,within_cutoff,27,10,3.442,A,174,176,174,,176,,1,1
LNF,SEP,7O57,true,within_cutoff,27,10,3.260,A,174,176,174,,176,,1,1
LNF,SEP,7O59,true,within_cutoff,35,10,3.277,A,174,176,174,,176,,1,1
LNF,SEP,7O5A,true,within_cutoff,27,10,3.284,A,174,176,174,,176,,1,1
LNF,SEP,7O5C,true,within_cutoff,27,10,3.331,A,174,176,174,,176,,1,1
LNF,SEP,7O5D,true,within_cutoff,27,10,3.268,A,174,176,174,,176,,1,1
LNF,SEP,7O5F,true,within_cutoff,27,10,3.319,A,174,176,174,,176,,1,1
LNF,SEP,7O5G,true,within_cutoff,27,10,3.359,A,174,176,174,,176,,1,1
LNF,SEP,7O5O,true,within_cutoff,27,10,3.297,A,174,176,174,,176,,1,1
LNF,SEP,7O5P,true,within_cutoff,27,10,3.264,A,174,176,174,,176,,1,1
LNF,SEP,7O5S,true,within_cutoff,27,10,3.298,A,174,176,174,,176,,1,1
LNF,SEP,7O5U,true,within_cutoff,27,10,3.347,A,174,176,174,,176,,1,1
LNF,SEP,7O5X,true,within_cutoff,27,10,3.322,A,174,176,174,,176,,1,1
LNF,SEP,7O6F,true,within_cutoff,27,10,3.384,A,174,176,174,,176,,1,1
LNF,SEP,7O6G,true,within_cutoff,27,10,3.273,A,174,176,174,,176,,1,1
LNF,SEP,7O6I,true,within_cutoff,27,10,3.346,A,174,176,174,,176,,1,1
LNF,SEP,7O6J,true,within_cutoff,27,10,3.220,A,174,176,174,,176,,1,1
LNF,SEP,7O6K,true,within_cutoff,27,10,3.263,A,174,176,174,,176,,1,1
LNF,SEP,7O6M,true,within_cutoff,27,10,3.272,A,174,176,174,,176,,1,1
LNF,SEP,7O6O,true,within_cutoff,27,10,3.233,A,174,176,174,,176,,1,1
LNF,SEP,7OB5,true,within_cutoff,53,10,3.449,A,174,176,174,,176,,1,1
LNF,SEP,7OB8,true,within_cutoff,53,10,3.256,A,174,176,174,,176,,1,1
LNF,SEP,7OBC,true,within_cutoff,53,13,2.624,A,174,176,174,,176,,1,1
LNF,SEP,7OBD,true,within_cutoff,53,10,3.171,A,174,176,174,,176,,1,1
LNF,SEP,7OBG,true,within_cutoff,53,10,3.324,A,174,176,174,,176,,1,1
LNF,SEP,7OBH,true,within_cutoff,53,13,2.660,A,174,176,174,,176,,1,1
LNF,SEP,7OBS,true,within_cutoff,53,10,3.154,A,174,176,174,,176,,1,1
LNF,SEP,7OBT,true,within_cutoff,53,13,2.583,A,174,176,174,,176,,1,1
LNF,SEP,7OBX,true,within_cutoff,53,10,3.280,A,174,176,174,,176,,1,1
LNF,SEP,7OBY,true,within_cutoff,53,13,2.728,A,174,176,174,,176,,1,1
LNF,SEP,7OQ9,true,within_cutoff,53,10,3.104,A,174,176,174,,176,,1,1
LNF,SEP,7OQA,true,within_cutoff,53,10,3.089,A,174,176,174,,176,,1,1
LNF,SEP,7OQG,true,within_cutoff,53,10,3.025,A,174,176,174,,176,,1,1
LNF,SEP,7OQJ,true,within_cutoff,53,10,3.136,A,174,176,174,,176,,1,1
LNF,SEP,7OQS,true,within_cutoff,53,10,3.019,A,174,176,174,,176,,1,1
LNF,SEP,7OQU,true,within_cutoff,53,10,3.106,A,174,176,174,,176,,1,1
LNF,SEP,7OQW,true,within_cutoff,53,10,3.051,A,174,176,174,,176,,1,1
LNF,SEP,7OR3,true,within_cutoff,53,10,3.183,A,174,176,174,,176,,1,1
LNF,SEP,7OR5,true,within_cutoff,53,10,3.100,A,174,176,174,,176,,1,1
LNF,SEP,7OR7,true,within_cutoff,53,10,3.010,A,174,176,174,,176,,1,1
LIR,SEP,7QB2,true,within_cutoff,27,10,5.088,A,266,268,266,,268,,1,1
NH,SEP,7QB2,true,within_cutoff,18,10,5.884,A,286,287,286,,287,,1,1
LIR,SEP,7QFM,true,within_cutoff,27,10,5.109,A,266,268,266,,268,,1,1
NH,SEP,7QFM,true,within_cutoff,18,10,5.968,A,286,287,286,,287,,1,1
LNF,SEP,7QI1,true,within_cutoff,108,40,3.251,C,174,176,174,,176,,3,4
ELD,SEP,7QI1,true,within_cutoff,88,40,7.842,,,,,,,,,0
ARR,SEP,7QI1,true,within_cutoff,134,40,2.833,,,,,,,,,0
LNF,SEP,7QIK,true,within_cutoff,54,20,3.398,B,174,176,174,,176,,2,2
QRR,SEP,7QQL,true,within_cutoff,93,30,9.108,C,209,211,209,,211,,1,3
ELD,SEP,7QUX,true,within_cutoff,25,20,6.523,A,264,266,264,,266,,1,1
QRR,SEP,7RZJ,true,within_cutoff,31,17,2.994,A,155,157,155,,157,,1,1
AAR,SEP,7RZJ,true,within_cutoff,21,17,9.079,A,149,151,149,,151,,1,1
QRR,SEP,7S48,true,within_cutoff,31,10,2.919,A,358,360,358,,360,,1,1
QRR,SEP,7S7F,true,within_cutoff,31,10,3.420,A,155,157,155,,157,,1,1
QRR,SEP,7S8A,true,within_cutoff,31,10,2.951,A,155,157,155,,157,,1,1
QRR,SEP,7S8E,true,within_cutoff,39,17,3.025,A,155,157,155,,157,,1,1
AAR,SEP,7S8E,true,within_cutoff,21,17,9.236,A,149,151,149,,151,,1,1
HED,SEP,7SRS,true,within_cutoff,27,30,9.318,C,295,297,295,,297,,1,1
DGK,SEP,7SRS,true,within_cutoff,21,30,9.574,C,290,292,290,,292,,1,1
CC,SEP,7T4K,true,within_cutoff,24,20,3.454,B,360,361,360,,361,,2,2
CC,SEP,7T4L,true,within_cutoff,24,20,4.000,A,360,361,360,,361,,1,2
VEP,SEP,7US1,true,within_cutoff,46,20,7.902,B,17,19,17,,19,,1,2
LNF,SEP,7V9B,true,within_cutoff,27,10,3.225,A,175,177,175,,177,,1,1
ARR,SEP,7V9B,true,within_cutoff,27,10,2.858,A,55,57,55,,57,,1,1
ELD,SEP,7VEC,true,within_cutoff,267,210,6.957,,,,,,,,,0
NH,SEP,7W59,true,within_cutoff,148,20,4.894,T,370,371,370,,371,,4,10
MER,SEP,7W59,true,within_cutoff,28,20,4.892,O,121,123,121,,123,,1,1
NH,SEP,7W5A,true,within_cutoff,148,20,4.894,T,370,371,370,,371,,9,10
MER,SEP,7W5A,true,within_cutoff,56,20,5.118,O,121,123,121,,123,,2,2
NH,SEP,7W5B,true,within_cutoff,168,20,4.894,T,370,371,370,,371,,10,12
MER,SEP,7W5B,true,within_cutoff,71,20,4.875,O,121,123,121,,123,,3,3
WK,SEP,7X14,true,within_cutoff,23,20,6.653,A,106,107,106,,107,,1,1
CF,SEP,7X14,true,within_cutoff,17,20,7.293,A,41,42,41,,42,,1,1
LIR,SEP,7XSV,true,within_cutoff,27,10,5.206,A,266,268,266,,268,,1,1
NH,SEP,7XSV,true,within_cutoff,18,10,6.173,A,286,287,286,,287,,1,1
GEV,SEP,7YKF,true,within_cutoff,76,20,4.402,A,139,141,139,,141,,2,4
GEV,SEP,7YKG,true,within_cutoff,80,20,4.522,C,148,150,148,,150,,4,4
GEV,SEP,7YKH,true,within_cutoff,80,20,4.724,C,148,150,148,,150,,4,4
ARR,SEP,7YKH,true,within_cutoff,54,20,2.835,B,-4,-2,-4,,-2,,1,2
GEV,SEP,7YKI,true,within_cutoff,80,20,4.675,A,148,150,148,,150,,2,4
CF,SEP,7Z42,true,within_cutoff,102,70,9.302,A,603,604,603,,604,,1,6
GDR,SEP,7Z42,true,within_cutoff,46,70,2.793,A,606,608,606,,608,,1,2
INP,SEP,7Z42,true,within_cutoff,46,70,6.429,B,3,5,3,,5,,1,2
CF,SEP,7Z43,true,within_cutoff,51,30,9.884,AAA,603,604,603,,604,,1,3
GDR,SEP,7Z43,true,within_cutoff,23,30,3.050,AAA,606,608,606,,608,,1,1
INP,SEP,7Z43,true,within_cutoff,23,30,5.839,BBB,3,5,3,,5,,1,1
LIR,SEP,7Z6U,true,within_cutoff,27,10,5.081,A,266,268,266,,268,,1,1
NH,SEP,7Z6U,true,within_cutoff,18,10,5.886,A,286,287,286,,287,,1,1
EDA,SEP,7ZD6,true,within_cutoff,88,10,8.440,k,229,231,229,,231,,4,4
EDA,SEP,7ZDH,true,within_cutoff,88,10,8.155,k,229,231,229,,231,,4,4
EDA,SEP,7ZDJ,true,within_cutoff,88,10,9.977,k,229,231,229,,231,,4,4
EDA,SEP,7ZDM,true,within_cutoff,88,10,8.790,k,229,231,229,,231,,3,4
EDA,SEP,7ZDP,true,within_cutoff,88,10,8.528,k,229,231,229,,231,,4,4
EDA,SEP,7ZEB,true,within_cutoff,88,10,7.906,k,229,231,229,,231,,4,4
LNF,SEP,7ZIT,true,within_cutoff,54,20,3.307,A,172,174,172,,174,,1,2
ARR,SEP,7ZIT,true,within_cutoff,54,20,2.754,B,54,56,54,,56,,2,2
LNF,SEP,7ZMU,true,within_cutoff,53,15,2.460,A,174,176,174,,176,,1,1
LNF,SEP,7ZMW,true,within_cutoff,53,14,2.586,A,174,176,174,,176,,1,1
LIR,SEP,7ZUN,true,within_cutoff,62,14,4.556,A,266,268,266,,268,,1,1
NH,SEP,7ZUN,true,within_cutoff,32,14,5.255,A,286,287,286,,287,,1,1
CF,SEP,7ZX4,true,within_cutoff,34,30,6.216,A,217,218,217,,218,,1,2
NH,SEP,8A12,true,within_cutoff,26,10,2.726,A,106,107,106,,107,,1,1
LNF,SEP,8A68,true,within_cutoff,53,10,3.152,A,174,176,174,,176,,1,1
LNF,SEP,8A6F,true,within_cutoff,53,10,3.218,A,174,176,174,,176,,1,1
LNF,SEP,8A6H,true,within_cutoff,53,10,3.202,A,174,176,174,,176,,1,1
LNF,SEP,8ADM,true,within_cutoff,53,10,3.027,A,174,176,174,,176,,1,1
LIR,SEP,8AFR,true,within_cutoff,27,10,5.150,A,266,268,266,,268,,1,1
NH,SEP,8AFR,true,within_cutoff,18,10,6.049,A,286,287,286,,287,,1,1
LNF,SEP,8AH2,true,within_cutoff,54,20,3.363,C,172,174,172,,174,,2,2
ARR,SEP,8AH2,true,within_cutoff,54,20,2.830,C,54,56,54,,56,,2,2
QRR,SEP,8AHG,true,within_cutoff,65,14,2.461,A,358,360,358,,360,,1,1
QRR,SEP,8AHH,true,within_cutoff,65,14,2.095,A,358,360,358,,360,,1,1
QRR,SEP,8AHI,true,within_cutoff,65,14,2.459,A,358,360,358,,360,,1,1
LNF,SEP,8ANB,true,within_cutoff,27,10,3.334,A,174,176,174,,176,,1,1
LNF,SEP,8ANC,true,within_cutoff,27,10,3.295,A,174,176,174,,176,,1,1
LNF,SEP,8ATR,true,within_cutoff,27,10,3.416,A,174,176,174,,176,,1,1
LNF,SEP,8ATS,true,within_cutoff,27,10,3.387,A,174,176,174,,176,,1,1
LNF,SEP,8AV0,true,within_cutoff,53,10,3.137,A,174,176,174,,176,,1,1
LNF,SEP,8B2I,true,within_cutoff,27,10,3.307,A,174,176,174,,176,,1,1
LNF,SEP,8B2K,true,within_cutoff,27,10,3.235,A,174,176,174,,176,,1,1
LNF,SEP,8B4Q,true,within_cutoff,27,10,3.324,A,174,176,174,,176,,1,1
LNF,SEP,8B5P,true,within_cutoff,27,10,3.265,A,174,176,174,,176,,1,1
LNF,SEP,8BFC,true,within_cutoff,27,10,3.290,A,174,176,174,,176,,1,1
LNF,SEP,8BJG,true,within_cutoff,27,10,3.344,A,174,176,174,,176,,1,1
LNF,SEP,8BJN,true,within_cutoff,27,10,3.338,A,174,176,174,,176,,1,1
LNF,SEP,8BM5,true,within_cutoff,27,10,3.302,A,174,176,174,,176,,1,1
QRR,SEP,8C12,true,within_cutoff,65,14,6.413,AAA,486,488,486,,488,,1,1
LNF,SEP,8C28,true,within_cutoff,54,30,3.357,BBB,174,176,174,,176,,2,2
RPR,SEP,8C28,true,within_cutoff,56,30,1.334,DDD,239,241,239,,241,,2,2
LNF,SEP,8C2D,true,within_cutoff,27,10,3.401,AAA,174,176,174,,176,,1,1
LNF,SEP,8C2E,true,within_cutoff,27,10,3.392,A,174,176,174,,176,,1,1
LNF,SEP,8C2F,true,within_cutoff,27,10,3.414,A,174,176,174,,176,,1,1
LNF,SEP,8C2G,true,within_cutoff,27,10,3.317,A,174,176,174,,176,,1,1
LNF,SEP,8C2Y,true,within_cutoff,27,10,3.319,A,174,176,174,,176,,1,1
RPR,SEP,8C2Y,true,within_cutoff,24,10,1.342,P,239,241,239,,241,,1,1
LNF,SEP,8C30,true,within_cutoff,27,10,3.328,AAA,174,176,174,,176,,1,1
RPR,SEP,8C30,true,within_cutoff,25,10,1.335,PPP,239,241,239,,241,,1,1
LNF,SEP,8C3C,true,within_cutoff,27,10,3.207,A,174,176,174,,176,,1,1
NH,SEP,8C6J,true,within_cutoff,170,20,5.088,J,370,371,370,,371,,15,15
MER,SEP,8C6J,true,within_cutoff,68,20,3.296,M,121,123,121,,123,,1,3
WI,SEP,8C8H,true,within_cutoff,66,30,9.763,A,209,210,209,,210,,2,3
DEE,SEP,8C8H,true,within_cutoff,52,30,5.435,A,419,421,419,,421,,2,2
ARR,SEP,8C8H,true,within_cutoff,27,30,7.393,A,279,281,279,,281,,1,1
NH,SEP,8CDM,true,within_cutoff,18,10,2.539,A,106,107,106,,107,,1,1
NH,SEP,8CDQ,true,within_cutoff,18,10,2.466,A,106,107,106,,107,,1,1
LNF,SEP,8CHF,true,within_cutoff,54,20,3.408,D,178,180,178,,180,,2,2
ARR,SEP,8CHF,true,within_cutoff,54,20,3.048,C,57,59,57,,59,,1,2
LNF,SEP,8CPD,true,within_cutoff,54,20,3.579,D,178,180,178,,180,,2,2
ARR,SEP,8CPD,true,within_cutoff,54,20,3.216,C,57,59,57,,59,,1,2
GDR,SEP,8DB3,true,within_cutoff,82,14,8.311,,,,,,,,,0
LNF,SEP,8DGN,true,within_cutoff,27,10,3.245,A,175,177,175,,177,,1,1
ARR,SEP,8DGN,true,within_cutoff,27,10,2.594,A,55,57,55,,57,,1,1
LNF,SEP,8DGP,true,within_cutoff,108,40,3.208,D,175,177,175,,177,,4,4
ARR,SEP,8DGP,true,within_cutoff,108,40,2.650,C,55,57,55,,57,,3,4
LNF,SEP,8DGS,true,within_cutoff,54,20,2.797,D,172,174,172,,174,,2,2
ARR,SEP,8DGS,true,within_cutoff,54,20,2.521,D,54,56,54,,56,,2,2
LNF,SEP,8DGT,true,within_cutoff,54,20,3.629,C,172,174,172,,174,,1,2
ARR,SEP,8DGT,true,within_cutoff,54,20,2.245,C,54,56,54,,56,,1,2
LNF,SEP,8DP5,true,within_cutoff,106,28,2.756,C,174,176,174,,176,,1,2
ARR,SEP,8DP5,true,within_cutoff,116,28,1.827,C,56,58,56,,58,,1,2
NH,SEP,8EKG,true,within_cutoff,108,60,2.603,F,527,528,527,,528,,6,6
EGM,SEP,8EKG,true,within_cutoff,126,60,5.176,B,230,232,230,,232,,2,6
WK,SEP,8FKP,true,within_cutoff,115,20,7.877,SO,56,57,56,,57,,5,5
DEE,SEP,8FKP,true,within_cutoff,78,20,1.327,SS,128,130,128,,130,,3,3
WK,SEP,8FKQ,true,within_cutoff,69,20,7.767,SO,56,57,56,,57,,3,3
DEE,SEP,8FKQ,true,within_cutoff,26,20,1.327,SS,128,130,128,,130,,1,1
WK,SEP,8FKR,true,within_cutoff,184,20,8.039,SO,56,57,56,,57,,6,8
DEE,SEP,8FKR,true,within_cutoff,78,20,1.329,SS,128,130,128,,130,,3,3
WK,SEP,8FKS,true,within_cutoff,138,20,7.725,SO,56,57,56,,57,,4,6
DEE,SEP,8FKS,true,within_cutoff,26,20,1.329,SS,128,130,128,,130,,1,1
WK,SEP,8FKT,true,within_cutoff,213,20,7.523,,,,,,,,,0
DEE,SEP,8FKT,true,within_cutoff,122,20,1.328,,,,,,,,,0
WK,SEP,8FKU,true,within_cutoff,171,20,7.331,SO,56,57,56,,57,,6,8
DEE,SEP,8FKU,true,within_cutoff,70,20,1.329,,,,,,,,,0
WK,SEP,8FKV,true,within_cutoff,319,20,7.399,SO,56,57,56,,57,,10,15
DEE,SEP,8FKV,true,within_cutoff,122,20,1.330,,,,,,,,,0
WK,SEP,8FKW,true,within_cutoff,263,20,7.582,SO,56,57,56,,57,,8,12
DEE,SEP,8FKW,true,within_cutoff,70,20,1.329,,,,,,,,,0
WK,SEP,8FKX,true,within_cutoff,203,20,7.614,,,,,,,,,0
DEE,SEP,8FKX,true,within_cutoff,88,20,1.330,,,,,,,,,0
WK,SEP,8FKY,true,within_cutoff,203,20,7.574,,,,,,,,,0
DEE,SEP,8FKY,true,within_cutoff,78,20,1.330,,,,,,,,,0
HED,SEP,8GFT,true,within_cutoff,88,14,9.190,B,442,444,442,,444,,2,2
NH,SEP,8I0U,true,within_cutoff,232,20,5.149,T,370,371,370,,371,,12,16
NH,SEP,8I0V,true,within_cutoff,232,20,5.150,T,370,371,370,,371,,12,16
WK,SEP,8I0W,true,within_cutoff,338,20,9.599,,,,,,,,,0
NH,SEP,8I0W,true,within_cutoff,146,20,4.203,T,370,371,370,,371,,9,10
MER,SEP,8I0W,true,within_cutoff,40,20,6.117,O,121,123,121,,123,,2,2
VEP,SEP,8IK6,true,within_cutoff,46,20,7.576,B,17,19,17,,19,,2,2
VEP,SEP,8IKM,true,within_cutoff,23,20,7.825,B,17,19,17,,19,,1,1
VEP,SEP,8IKT,true,within_cutoff,23,20,7.755,B,17,19,17,,19,,1,1
VEP,SEP,8IKV,true,within_cutoff,46,20,7.643,D,17,19,17,,19,,2,2
LIR,SEP,8IR2,true,within_cutoff,54,40,9.104,A,142,144,142,,144,,1,2
LIR,SEP,8IR4,true,within_cutoff,54,20,9.212,B,142,144,142,,144,,2,2
WI,SEP,8JHZ,true,within_cutoff,110,10,8.606,A,101,102,101,,102,,1,5
AAA,SEP,8JHZ,true,within_cutoff,30,10,9.035,A,265,267,265,,267,,1,2
ARR,SEP,8JOW,true,within_cutoff,54,20,2.712,C,94,96,94,,96,,2,2
LNF,SEP,8P0D,true,within_cutoff,53,20,3.066,A,174,176,174,,176,,1,1
LNF,SEP,8P1H,true,within_cutoff,54,20,3.356,A,172,174,172,,174,,1,2
QRR,SEP,8P1H,true,within_cutoff,62,20,2.870,B,234,236,234,,236,,2,2
ARR,SEP,8P1H,true,within_cutoff,54,20,2.762,B,54,56,54,,56,,2,2
CH,SEP,8PJN,true,within_cutoff,16,70,4.564,i,182,183,182,,183,,1,1
AQK,SEP,8PJN,true,within_cutoff,23,70,2.431,i,36,38,36,,38,,1,1
VNP,SEP,8PM0,true,within_cutoff,22,20,7.070,B,3,5,3,,5,,1,1
VNP,SEP,8PNP,true,within_cutoff,22,20,7.168,B,3,5,3,,5,,1,1
VNP,SEP,8PNQ,true,within_cutoff,22,20,6.632,B,3,5,3,,5,,1,1
LNF,SEP,8Q1S,true,within_cutoff,54,20,3.398,A,175,177,175,,177,,1,2
ARR,SEP,8Q1S,true,within_cutoff,54,20,3.091,A,55,57,55,,57,,1,2
LNF,SEP,8Q55,true,within_cutoff,27,10,3.296,A,174,176,174,,176,,1,1
LNF,SEP,8Q5C,true,within_cutoff,27,10,3.390,A,174,176,174,,176,,1,1
LNF,SEP,8QDV,true,within_cutoff,108,40,3.376,A,172,174,172,,174,,1,4
ARR,SEP,8QDV,true,within_cutoff,106,40,2.690,E,54,56,54,,56,,3,4
LNF,SEP,8QS2,true,within_cutoff,27,10,3.355,A,174,176,174,,176,,1,1
LNF,SEP,8QS3,true,within_cutoff,54,20,3.413,A,174,176,174,,176,,1,2
LNF,SEP,8QS4,true,within_cutoff,27,10,3.360,A,174,176,174,,176,,1,1
LNF,SEP,8QS5,true,within_cutoff,27,10,3.460,A,174,176,174,,176,,1,1
LNF,SEP,8QS6,true,within_cutoff,27,10,3.406,A,174,176,174,,176,,1,1
LNF,SEP,8QS7,true,within_cutoff,27,10,3.426,A,174,176,174,,176,,1,1
LNF,SEP,8QS8,true,within_cutoff,27,10,3.419,A,174,176,174,,176,,1,1
LNF,SEP,8QS9,true,within_cutoff,27,10,3.344,A,174,176,174,,176,,1,1
LNF,SEP,8QSA,true,within_cutoff,27,10,3.389,A,174,176,174,,176,,1,1
LNF,SEP,8QSB,true,within_cutoff,54,20,3.356,A,174,176,174,,176,,1,2
LNF,SEP,8QSC,true,within_cutoff,54,20,3.486,A,174,176,174,,176,,1,2
LNF,SEP,8QSD,true,within_cutoff,54,20,3.327,J,174,176,174,,176,,2,2
LNF,SEP,8QSE,true,within_cutoff,54,20,3.295,A,174,176,174,,176,,1,2
LNF,SEP,8QSF,true,within_cutoff,54,20,3.315,J,174,176,174,,176,,2,2
LNF,SEP,8QSG,true,within_cutoff,54,20,3.331,J,174,176,174,,176,,2,2
LNF,SEP,8QSH,true,within_cutoff,54,20,3.481,A,174,176,174,,176,,1,2
LNF,SEP,8QT5,true,within_cutoff,371,98,2.389,G,181,183,181,,183,,7,7
LNF,SEP,8QTC,true,within_cutoff,54,13,2.656,A,178,180,178,,180,,1,2
ARR,SEP,8QTC,true,within_cutoff,54,13,2.765,A,58,60,58,,60,,1,2
LNF,SEP,8QTF,true,within_cutoff,530,140,2.412,H,178,180,178,,180,,8,10
ARR,SEP,8QTF,true,within_cutoff,580,140,1.790,A,58,60,58,,60,,1,10
LNF,SEP,8QTT,true,within_cutoff,530,130,2.526,J,178,180,178,,180,,10,10
ARR,SEP,8QTT,true,within_cutoff,580,130,1.724,D,58,60,58,,60,,4,10
LIR,SEP,8R0H,true,within_cutoff,27,10,5.157,A,266,268,266,,268,,1,1
NH,SEP,8R0H,true,within_cutoff,18,10,6.055,A,286,287,286,,287,,1,1
LIR,SEP,8R0Q,true,within_cutoff,27,10,5.127,A,266,268,266,,268,,1,1
NH,SEP,8R0Q,true,within_cutoff,18,10,6.040,A,286,287,286,,287,,1,1
LIR,SEP,8R0W,true,within_cutoff,27,10,5.125,A,266,268,266,,268,,1,1
NH,SEP,8R0W,true,within_cutoff,18,10,5.989,A,286,287,286,,287,,1,1
LIR,SEP,8R0Y,true,within_cutoff,27,10,5.206,A,266,268,266,,268,,1,1
NH,SEP,8R0Y,true,within_cutoff,18,10,6.121,A,286,287,286,,287,,1,1
LNF,SEP,8R0Z,true,within_cutoff,53,10,2.986,A,174,176,174,,176,,1,1
LIR,SEP,8R10,true,within_cutoff,27,10,5.081,A,266,268,266,,268,,1,1
NH,SEP,8R10,true,within_cutoff,18,10,5.910,A,286,287,286,,287,,1,1
LIR,SEP,8R18,true,within_cutoff,27,10,5.154,A,266,268,266,,268,,1,1
NH,SEP,8R18,true,within_cutoff,18,10,6.015,A,286,287,286,,287,,1,1
LIR,SEP,8R1K,true,within_cutoff,27,10,5.117,A,266,268,266,,268,,1,1
NH,SEP,8R1K,true,within_cutoff,18,10,5.942,A,286,287,286,,287,,1,1
LIR,SEP,8R1N,true,within_cutoff,27,10,5.102,A,266,268,266,,268,,1,1
NH,SEP,8R1N,true,within_cutoff,18,10,5.889,A,286,287,286,,287,,1,1
LIR,SEP,8R1P,true,within_cutoff,27,10,5.016,A,266,268,266,,268,,1,1
NH,SEP,8R1P,true,within_cutoff,18,10,5.955,A,286,287,286,,287,,1,1
LIR,SEP,8R1T,true,within_cutoff,27,10,5.129,A,266,268,266,,268,,1,1
NH,SEP,8R1T,true,within_cutoff,18,10,6.052,A,286,287,286,,287,,1,1
LIR,SEP,8R1W,true,within_cutoff,27,10,5.134,A,266,268,266,,268,,1,1
NH,SEP,8R1W,true,within_cutoff,18,10,5.943,A,286,287,286,,287,,1,1
LIR,SEP,8R25,true,within_cutoff,27,10,5.124,A,266,268,266,,268,,1,1
NH,SEP,8R25,true,within_cutoff,18,10,5.915,A,286,287,286,,287,,1,1
LIR,SEP,8R27,true,within_cutoff,27,10,5.126,A,266,268,266,,268,,1,1
NH,SEP,8R27,true,within_cutoff,18,10,5.983,A,286,287,286,,287,,1,1
VNP,SEP,8R3K,true,within_cutoff,22,20,6.845,B,3,5,3,,5,,1,1
VNP,SEP,8R3L,true,within_cutoff,44,26,6.434,B,3,5,3,,5,,1,1
WI,SEP,8R60,true,within_cutoff,129,30,3.293,A,422,423,422,,423,,2,3
VNP,SEP,8R60,true,within_cutoff,44,30,6.127,B,3,5,3,,5,,1,1
WI,SEP,8R65,true,within_cutoff,172,30,3.294,A,422,423,422,,423,,2,4
VNP,SEP,8R65,true,within_cutoff,44,30,6.126,B,3,5,3,,5,,1,1
NH,SEP,8RO2,true,within_cutoff,152,10,5.329,T,370,371,370,,371,,6,12
MER,SEP,8RO2,true,within_cutoff,28,10,5.525,O,121,123,121,,123,,1,1
WI,SEP,8RQK,true,within_cutoff,129,42,7.040,A,209,210,209,,210,,1,3
NH,SEP,8RQK,true,within_cutoff,360,42,9.931,B,408,409,408,,409,,3,12
DEE,SEP,8RQK,true,within_cutoff,84,42,4.533,A,419,421,419,,421,,1,2
ARR,SEP,8RQK,true,within_cutoff,58,42,6.300,A,279,281,279,,281,,1,1
LNF,SEP,8RRK,true,within_cutoff,106,26,2.494,B,174,176,174,,176,,2,2
LNF,SEP,8RRL,true,within_cutoff,106,26,2.653,B,174,176,174,,176,,2,2
LNF,SEP,8RRM,true,within_cutoff,106,26,2.613,A,174,176,174,,176,,1,2
LNF,SEP,8S42,true,within_cutoff,27,10,3.448,B,174,176,174,,176,,1,1
LIR,SEP,8SDQ,true,within_cutoff,27,10,5.861,A,1073,1075,1073,,1075,,1,1
GDR,SEP,8SDQ,true,within_cutoff,23,10,7.794,A,1070,1072,1070,,1072,,1,1
CH,SEP,8VME,true,within_cutoff,16,10,8.748,A,178,179,178,,179,,1,1
LNF,SEP,8VSL,true,within_cutoff,27,10,3.406,A,174,176,174,,176,,1,1
LNF,SEP,8VSM,true,within_cutoff,27,10,3.384,A,174,176,174,,176,,1,1
LNF,SEP,8VSN,true,within_cutoff,27,10,3.626,A,174,176,174,,176,,1,1
LNF,SEP,8VSO,true,within_cutoff,27,10,3.353,B,174,176,174,,176,,1,1
LNF,SEP,8VYO,true,within_cutoff,106,28,2.434,B,172,174,172,,174,,1,2
ARR,SEP,8VYO,true,within_cutoff,116,28,2.027,C,54,56,54,,56,,2,2
LNF,SEP,8VYP,true,within_cutoff,106,28,2.376,B,172,174,172,,174,,2,2
ARR,SEP,8VYP,true,within_cutoff,116,28,1.974,B,54,56,54,,56,,2,2
LNF,SEP,8VYQ,true,within_cutoff,30,10,5.971,B,172,174,172,,174,,2,2
ARR,SEP,8VYQ,true,within_cutoff,30,10,9.283,A,54,56,54,,56,,1,2
LNF,SEP,8VYR,true,within_cutoff,54,20,3.146,C,172,174,172,,174,,2,2
ARR,SEP,8VYR,true,within_cutoff,54,20,2.744,B,54,56,54,,56,,1,2
LNF,SEP,8VYS,true,within_cutoff,106,28,2.383,B,172,174,172,,174,,1,2
ARR,SEP,8VYS,true,within_cutoff,116,28,1.996,B,54,56,54,,56,,1,2
LNF,SEP,8VYU,true,within_cutoff,54,20,3.230,B,172,174,172,,174,,1,2
ARR,SEP,8VYU,true,within_cutoff,54,20,2.368,C,54,56,54,,56,,2,2
LNF,SEP,8VYV,true,within_cutoff,30,10,5.533,B,172,174,172,,174,,2,2
ARR,SEP,8VYV,true,within_cutoff,30,10,9.836,A,54,56,54,,56,,1,2
LNF,SEP,8VYW,true,within_cutoff,30,10,5.641,B,172,174,172,,174,,2,2
ARR,SEP,8VYW,true,within_cutoff,30,10,9.868,A,54,56,54,,56,,1,2
WI,SEP,8VZW,true,within_cutoff,44,10,5.901,H,36,37,36,,37,,1,2
VEP,SEP,8W31,true,within_cutoff,46,20,7.923,B,17,19,17,,19,,1,2
VAF,SEP,8W5E,true,within_cutoff,23,20,7.690,H,51,53,51,,53,,1,1
DGK,SEP,8W5E,true,within_cutoff,42,20,9.910,c,14,16,14,,16,,1,2
VAD,SEP,8W5E,true,within_cutoff,20,20,3.403,L,86,88,86,,88,,1,1
LNF,SEP,8WE2,true,within_cutoff,54,20,3.439,A,172,174,172,,174,,1,2
ARR,SEP,8WE2,true,within_cutoff,54,20,2.658,B,54,56,54,,56,,2,2
LNF,SEP,8WF6,true,within_cutoff,108,40,3.280,B,172,174,172,,174,,2,4
ARR,SEP,8WF6,true,within_cutoff,108,40,2.600,A,54,56,54,,56,,1,4
LIR,SEP,8WI0,true,within_cutoff,27,10,7.577,A,1035,1037,1035,,1037,,1,1
AAA,SEP,8WI0,true,within_cutoff,30,10,9.105,A,290,292,290,,292,,1,2
AAR,SEP,8WI0,true,within_cutoff,21,10,2.511,B,53,55,53,,55,,1,1
GDF,SEP,8XI2,true,within_cutoff,23,20,7.616,T,406,408,406,,408,,1,1
ARR,SEP,8XI3,true,within_cutoff,54,20,2.875,F,55,57,55,,57,,1,2
VEP,SEP,9AVW,true,within_cutoff,46,10,7.943,B,17,19,17,,19,,2,2
LNF,SEP,9AXA,true,within_cutoff,54,20,3.434,F,174,176,174,,176,,2,2
GLQ,SEP,9B3S,true,within_cutoff,28,20,1.323,B,313,315,313,,315,,2,2
LGP,SEP,9CI3,true,within_cutoff,19,20,1.328,A,936,938,936,,938,,1,1
ARR,SEP,9CI3,true,within_cutoff,54,20,2.108,C,55,57,55,,57,,1,2
INP,SEP,9D1J,true,within_cutoff,23,10,9.183,A,454,456,454,,456,,1,1
WK,SEP,9D45,true,within_cutoff,69,20,7.736,A,521,522,521,,522,,1,3
CF,SEP,9D45,true,within_cutoff,17,20,9.845,A,513,514,513,,514,,1,1
QRR,SEP,9D52,true,within_cutoff,31,10,2.850,A,358,360,358,,360,,1,1
QRR,SEP,9D53,true,within_cutoff,31,10,2.671,A,358,360,358,,360,,1,1
LNF,SEP,9EW1,true,within_cutoff,27,10,3.338,A,174,176,174,,176,,1,1
LNF,SEP,9EW3,true,within_cutoff,27,10,3.392,A,174,176,174,,176,,1,1
LNF,SEP,9EW4,true,within_cutoff,27,10,3.381,A,174,176,174,,176,,1,1
LNF,SEP,9EW5,true,within_cutoff,54,20,3.534,A,174,176,174,,176,,1,2
LNF,SEP,9EW6,true,within_cutoff,27,10,3.183,A,174,176,174,,176,,1,1
LNF,SEP,9EW7,true,within_cutoff,27,10,3.400,A,174,176,174,,176,,1,1
DEE,SEP,9EX9,true,within_cutoff,84,28,4.865,A,419,421,419,,421,,1,2
ARR,SEP,9EX9,true,within_cutoff,58,28,6.919,A,279,281,279,,281,,1,1
DEE,SEP,9EXN,true,within_cutoff,84,28,4.954,A,419,421,419,,421,,1,2
ARR,SEP,9EXN,true,within_cutoff,58,28,8.653,A,279,281,279,,281,,1,1
LNF,SEP,9F35,true,within_cutoff,53,13,2.955,A,174,176,174,,176,,1,1
WK,SEP,9FMD,true,within_cutoff,347,20,8.890,,,,,,,,,0
NH,SEP,9FMD,true,within_cutoff,188,20,4.621,T,370,371,370,,371,,7,14
MER,SEP,9FMD,true,within_cutoff,84,20,2.834,O,121,123,121,,123,,1,3
WI,SEP,9FPY,true,within_cutoff,129,42,7.553,A,209,210,209,,210,,1,3
DEE,SEP,9FPY,true,within_cutoff,84,42,5.041,A,419,421,419,,421,,1,2
ARR,SEP,9FPY,true,within_cutoff,58,42,6.827,A,279,281,279,,281,,1,1
WI,SEP,9FQ6,true,within_cutoff,129,42,7.344,A,209,210,209,,210,,1,3
DEE,SEP,9FQ6,true,within_cutoff,84,42,4.900,A,419,421,419,,421,,1,2
ARR,SEP,9FQ6,true,within_cutoff,58,42,6.562,A,279,281,279,,281,,1,1
LNF,SEP,9FS4,true,within_cutoff,27,10,3.410,A,174,176,174,,176,,1,1
LNF,SEP,9FUM,true,within_cutoff,54,20,3.409,B,175,177,175,,177,,2,2
ARR,SEP,9FUM,true,within_cutoff,54,20,2.946,B,57,59,57,,59,,2,2
LNF,SEP,9FVG,true,within_cutoff,35,10,3.337,A,174,176,174,,176,,1,1
LNF,SEP,9FVH,true,within_cutoff,35,10,3.357,A,174,176,174,,176,,1,1
LNF,SEP,9FVI,true,within_cutoff,35,10,3.340,A,174,176,174,,176,,1,1
LNF,SEP,9FVN,true,within_cutoff,27,10,3.331,A,174,176,174,,176,,1,1
LNF,SEP,9FVP,true,within_cutoff,27,10,3.305,A,174,176,174,,176,,1,1
VNP,SEP,9FYX,true,within_cutoff,22,20,6.681,b,3,5,3,,5,,1,1
VNP,SEP,9G0A,true,within_cutoff,22,20,8.043,b,3,5,3,,5,,1,1
GDF,SEP,9GD6,true,within_cutoff,138,60,7.617,A,106,108,106,,108,,1,6
IKP,SEP,9GD6,true,within_cutoff,144,60,7.140,F,11,13,11,,13,,6,6
LNF,SEP,9GFA,true,within_cutoff,27,10,3.284,A,174,176,174,,176,,1,1
LNF,SEP,9GG7,true,within_cutoff,54,20,3.232,A,174,176,174,,176,,1,2
LNF,SEP,9GG8,true,within_cutoff,27,10,3.334,A,174,176,174,,176,,1,1
LNF,SEP,9GGA,true,within_cutoff,27,10,3.452,A,174,176,174,,176,,1,1
WI,SEP,9GOW,true,within_cutoff,88,120,9.408,A,737,738,737,,738,,1,4
GEV,SEP,9HN5,true,within_cutoff,20,20,9.998,A,1980,1982,1980,,1982,,1,1
LEA,SEP,9HN5,true,within_cutoff,66,20,7.723,A,1012,1014,1012,,1014,,3,3
AQK,SEP,9HN5,true,within_cutoff,46,20,8.371,A,1643,1645,1643,,1645,,1,2
LIR,SEP,9HVD,true,within_cutoff,108,20,4.987,L,62,64,62,,64,,4,4
WK,SEP,9IF7,true,within_cutoff,138,10,8.190,LJ,380,381,380,,381,,2,6
GDF,SEP,9IF7,true,within_cutoff,46,10,4.705,LJ,385,387,385,,387,,1,2
DEE,SEP,9IF7,true,within_cutoff,208,10,7.300,SJ,320,322,320,,322,,3,8
WK,SEP,9IF8,true,within_cutoff,138,10,8.138,LJ,380,381,380,,381,,2,6
GDF,SEP,9IF8,true,within_cutoff,46,10,4.477,LJ,385,387,385,,387,,1,2
DEE,SEP,9IF8,true,within_cutoff,182,10,7.389,SJ,320,322,320,,322,,7,7
LNF,SEP,9JGL,true,within_cutoff,54,20,3.209,A,174,176,174,,176,,1,2
GDR,SEP,9LHU,true,within_cutoff,23,10,5.577,A,111,113,111,,113,,1,1
LEA,SEP,9LHU,true,within_cutoff,22,10,6.348,A,385,387,385,,387,,1,1
GDR,SEP,9LHW,true,within_cutoff,115,40,5.945,C,111,113,111,,113,,3,5
LEA,SEP,9LHW,true,within_cutoff,110,40,6.252,B,385,387,385,,387,,2,5
GDR,SEP,9LHY,true,within_cutoff,23,10,5.736,A,111,113,111,,113,,1,1
LEA,SEP,9LHY,true,within_cutoff,22,10,6.667,A,385,387,385,,387,,1,1
CH,SEP,9M6F,true,within_cutoff,16,10,9.957,A,36,37,36,,37,,1,1
GGD,SEP,9M6F,true,within_cutoff,16,10,5.095,A,216,218,216,,218,,1,1
LNF,SEP,9MMP,true,within_cutoff,54,20,3.226,D,172,174,172,,174,,2,2
ARR,SEP,9MMP,true,within_cutoff,54,20,2.866,C,54,56,54,,56,,1,2
LNF,SEP,9MMR,true,within_cutoff,54,10,3.874,D,172,174,172,,174,,2,2
ARR,SEP,9MMR,true,within_cutoff,54,10,2.718,D,54,56,54,,56,,2,2
WI,SEP,9N6V,true,within_cutoff,286,30,4.107,LS,125,126,125,,126,,1,13
CH,SEP,9N6V,true,within_cutoff,112,30,9.274,LW,154,155,154,,155,,1,7
QRR,SEP,9N6V,true,within_cutoff,93,30,9.676,NC,354,356,354,,356,,2,3
WI,SEP,9N6W,true,within_cutoff,286,30,3.974,LS,125,126,125,,126,,1,13
CH,SEP,9N6W,true,within_cutoff,112,30,9.631,LW,154,155,154,,155,,1,7
QRR,SEP,9N6W,true,within_cutoff,93,30,8.452,NC,354,356,354,,356,,2,3
WI,SEP,9N6X,true,within_cutoff,296,20,3.938,LS,125,126,125,,126,,1,14
CH,SEP,9N6X,true,within_cutoff,112,20,9.598,LW,154,155,154,,155,,1,7
WI,SEP,9N6Y,true,within_cutoff,296,20,4.073,LS,125,126,125,,126,,1,14
CH,SEP,9N6Y,true,within_cutoff,112,20,9.475,LW,154,155,154,,155,,1,7
WI,SEP,9N6Z,true,within_cutoff,140,5,4.000,LS,125,126,125,,126,,1,14
WI,SEP,9N70,true,within_cutoff,130,10,3.964,LS,125,126,125,,126,,1,13
WI,SEP,9N72,true,within_cutoff,130,15,4.005,LS,125,126,125,,126,,1,13
WI,SEP,9N73,true,within_cutoff,130,15,3.994,LS,125,126,125,,126,,1,13
WI,SEP,9N74,true,within_cutoff,274,20,3.756,LS,125,126,125,,126,,1,13
WK,SEP,9N74,true,within_cutoff,529,20,3.335,LO,122,123,122,,123,,20,23
WI,SEP,9N75,true,within_cutoff,264,10,3.860,LS,125,126,125,,126,,1,12
WI,SEP,9N76,true,within_cutoff,252,10,3.813,LS,125,126,125,,126,,1,12
WI,SEP,9N77,true,within_cutoff,230,5,4.126,LS,125,126,125,,126,,10,11
GER,SEP,9N79,true,within_cutoff,48,10,9.638,SS,476,478,476,,478,,2,2
GER,SEP,9N7A,true,within_cutoff,48,10,9.910,SS,476,478,476,,478,,2,2
GER,SEP,9N7B,true,within_cutoff,48,10,9.559,SS,476,478,476,,478,,2,2
CH,SEP,9NB9,true,within_cutoff,16,10,5.012,C,172,173,172,,173,,1,1
NH,SEP,9NB9,true,within_cutoff,18,10,2.766,C,124,125,124,,125,,1,1
LNF,SEP,9O2Z,true,within_cutoff,54,20,3.448,D,172,174,172,,174,,2,2
ARR,SEP,9O2Z,true,within_cutoff,54,20,2.511,D,54,56,54,,56,,2,2
VAF,SEP,9Q2P,true,within_cutoff,230,14,9.857,EF,188,190,188,,190,,3,5
LIR,SEP,9QC6,true,within_cutoff,75,10,8.053,K,61,63,61,,63,,3,3
AAA,SEP,9QJZ,true,within_cutoff,30,20,9.113,B,599,601,599,,601,,2,2
LNF,SEP,9QNG,true,within_cutoff,27,10,3.217,A,179,181,179,,181,,1,1
LNF,SEP,9QNH,true,within_cutoff,27,10,3.287,A,174,176,174,,176,,1,1
LNF,SEP,9QNI,true,within_cutoff,27,10,3.367,A,174,176,174,,176,,1,1
LNF,SEP,9QNJ,true,within_cutoff,27,10,3.285,A,174,176,174,,176,,1,1
LNF,SEP,9QNL,true,within_cutoff,27,10,3.288,A,174,176,174,,176,,1,1
NH,SEP,9QPX,true,within_cutoff,69,40,9.740,B,1745,1746,1745,,1746,,3,4
EDA,SEP,9R01,true,within_cutoff,88,10,9.319,k,229,231,229,,231,,4,4
LNF,SEP,9R2I,true,within_cutoff,106,42,2.300,B,177,179,177,,179,,2,2
LEP,SEP,9R2I,true,within_cutoff,48,42,8.921,D,291,293,291,,293,,1,1
ARR,SEP,9R2I,true,within_cutoff,116,42,1.906,A,55,57,55,,57,,1,2
LNF,SEP,9R2N,true,within_cutoff,106,28,2.317,B,177,179,177,,179,,2,2
LEP,SEP,9R2N,true,within_cutoff,48,28,9.007,D,291,293,291,,293,,1,1
ARR,SEP,9R2N,true,within_cutoff,116,28,2.217,A,55,57,55,,57,,1,2
VNP,SEP,9RAF,true,within_cutoff,44,40,6.363,B,3,5,3,,5,,1,1
VNP,SEP,9RAG,true,within_cutoff,44,40,6.201,B,3,5,3,,5,,1,1
IKP,SEP,9RJ2,true,within_cutoff,96,20,2.627,B,918,920,918,,920,,4,4
IKP,SEP,9RJ4,true,within_cutoff,96,20,2.684,B,918,920,918,,920,,4,4
NH,SEP,9RPN,true,within_cutoff,32,14,8.514,A,26,27,26,,27,,1,1
NH,SEP,9RPU,true,within_cutoff,32,14,8.711,A,26,27,26,,27,,1,1
GDF,SEP,9RTS,true,within_cutoff,46,20,4.778,B,593,595,593,,595,,2,2
WI,SEP,9S1S,true,within_cutoff,172,10,9.861,B,307,308,307,,308,,4,4
GDF,SEP,9S1S,true,within_cutoff,78,10,8.429,B,178,180,178,,180,,2,2
NH,SEP,9S2E,true,within_cutoff,220,20,5.265,T,370,371,370,,371,,14,14
MER,SEP,9S2E,true,within_cutoff,28,20,6.548,O,121,123,121,,123,,1,1
NH,SEP,9S2F,true,within_cutoff,150,20,5.196,T,370,371,370,,371,,10,11
LNF,SEP,9S2I,true,within_cutoff,27,10,3.328,A,174,176,174,,176,,1,1
LNF,SEP,9S2J,true,within_cutoff,27,10,3.375,A,174,176,174,,176,,1,1
LNF,SEP,9S2K,true,within_cutoff,27,10,3.401,A,174,176,174,,176,,1,1
LNF,SEP,9S2L,true,within_cutoff,54,20,3.462,B,174,176,174,,176,,1,2
LNF,SEP,9S2M,true,within_cutoff,54,20,3.424,K,174,176,174,,176,,2,2
LNF,SEP,9S2N,true,within_cutoff,54,20,3.421,K,174,176,174,,176,,2,2
LNF,SEP,9S2O,true,within_cutoff,54,20,3.463,B,174,176,174,,176,,1,2
LNF,SEP,9S2P,true,within_cutoff,27,10,3.392,A,174,176,174,,176,,1,1
LNF,SEP,9SA9,true,within_cutoff,54,20,3.234,L,174,176,174,,176,,2,2
LNF,SEP,9SAB,true,within_cutoff,54,20,3.242,A,174,176,174,,176,,1,2
LNF,SEP,9SAC,true,within_cutoff,27,10,3.128,A,174,176,174,,176,,1,1
LNF,SEP,9SAE,true,within_cutoff,27,10,3.157,A,174,176,174,,176,,1,1
NH,SEP,9T7I,true,within_cutoff,18,10,2.985,A,106,107,106,,107,,1,1
GDR,SEP,9T95,true,within_cutoff,23,20,3.753,A,408,410,408,,410,,1,1
GDR,SEP,9T9W,true,within_cutoff,23,20,3.873,A,408,410,408,,410,,1,1
GDR,SEP,9TDZ,true,within_cutoff,23,20,3.935,A,408,410,408,,410,,1,1
GDR,SEP,9TES,true,within_cutoff,23,20,3.550,A,408,410,408,,410,,1,1
GDF,SEP,9TWB,true,within_cutoff,46,20,5.020,B,593,595,593,,595,,2,2
GER,SEP,9UVD,true,within_cutoff,24,10,7.334,B,814,816,814,,816,,1,1
GER,SEP,9UVE,true,within_cutoff,24,11,7.105,B,814,816,814,,816,,1,1
GER,SEP,9UVG,true,within_cutoff,24,10,6.844,B,814,816,814,,816,,1,1
IKP,SEP,9UW4,true,within_cutoff,24,20,9.913,A,103,105,103,,105,,1,1
QRR,SEP,9WDF,true,within_cutoff,372,120,2.687,G,358,360,358,,360,,7,12
NH,SEP,9XU3,true,within_cutoff,140,20,5.012,K,370,371,370,,371,,9,10
LIR,SEP,9Y5R,true,within_cutoff,108,20,4.624,M,62,64,62,,64,,4,4
LIR,SEP,9YKI,true,within_cutoff,27,10,5.150,A,266,268,266,,268,,1,1
NH,SEP,9YKI,true,within_cutoff,18,10,6.031,A,286,287,286,,287,,1,1
