observation_id,token,phospho_monomer,pdb_id,token_chain_id,token_residue_start_number,token_residue_start_insertion_code,pfam_accession,pfam_name,pfam_auth_start_number,pfam_auth_start_insertion_code,pfam_auth_end_number,pfam_auth_end_insertion_code,mapping_status,mapping_method,unmatched_reason
1,AAA,PTR,2nmb,A,208,,,,,,,,outside_pfam_ranges,,outside_pfam_ranges
2,AAA,PTR,3l4j,A,778,,PF00521,DNA_topoisoIV,690,,1160,,matched,explicit_author_bounds,
3,AAA,PTR,3l4k,A,777,,PF00521,DNA_topoisoIV,690,,1160,,matched,explicit_author_bounds,
4,AAA,PTR,4gfh,F,777,,PF00521,DNA_topoisoIV,690,,1160,,matched,explicit_author_bounds,
5,AAA,PTR,5cdm,C,118,,,,,,,,no_pdb_chain_mapping,,no_pdb_chain_mapping
6,AAA,PTR,5cdn,A,118,,,,,,,,no_pdb_chain_mapping,,no_pdb_chain_mapping
7,AAA,PTR,5cdo,A,118,,,,,,,,no_pdb_chain_mapping,,no_pdb_chain_mapping
8,AAA,PTR,5cdq,A,118,,,,,,,,no_pdb_chain_mapping,,no_pdb_chain_mapping
9,AAA,PTR,6fqm,c,118,,,,,,,,no_pdb_chain_mapping,,no_pdb_chain_mapping
10,AAA,PTR,6fqs,C,118,,,,,,,,no_pdb_chain_mapping,,no_pdb_chain_mapping
11,AAA,PTR,7z9c,A,117,,PF00521,DNA_topoisoIV,32,,507,,matched,explicit_author_bounds,
12,AAA,PTR,7z9g,A,117,,PF00521,DNA_topoisoIV,32,,507,,matched,explicit_author_bounds,
13,AAA,PTR,7z9k,A,117,,PF00521,DNA_topoisoIV,32,,507,,matched,explicit_author_bounds,
14,AAA,PTR,7z9m,A,117,,PF00521,DNA_topoisoIV,32,,507,,matched,explicit_author_bounds,
15,AAA,PTR,9ggq,C,117,,PF00521,DNA_topoisoIV,32,,507,,matched,explicit_author_bounds,
16,AAA,PTR,9t00,D,703,,,,,,,,no_pdb_chain_mapping,,no_pdb_chain_mapping
17,AAA,SEP,30tr,P,1251,,,,,,,,no_pdb_chain_mapping,,no_pdb_chain_mapping
18,AAA,SEP,30ts,B,1251,,,,,,,,no_pdb_chain_mapping,,no_pdb_chain_mapping
19,AAA,SEP,3amb,A,3,,,,,,,,outside_pfam_ranges,,outside_pfam_ranges
20,AAA,SEP,3e8c,D,4,,,,,,,,outside_pfam_ranges,,outside_pfam_ranges
21,AAA,SEP,3e8e,I,4,,,,,,,,outside_pfam_ranges,,outside_pfam_ranges
22,AAA,SEP,3tmp,,,,,,,,,,missing_token_location,,missing_token_location
23,AAA,SEP,3vqh,A,4,,,,,,,,outside_pfam_ranges,,outside_pfam_ranges
24,AAA,SEP,4ujb,A,4,,,,,,,,outside_pfam_ranges,,outside_pfam_ranges
25,AAA,SEP,4wih,A,5,,,,,,,,no_pdb_chain_mapping,,no_pdb_chain_mapping
26,AAA,SEP,5bx7,,,,,,,,,,missing_token_location,,missing_token_location
27,AAA,SEP,5lcp,A,4,,,,,,,,no_pdb_chain_mapping,,no_pdb_chain_mapping
28,AAA,SEP,5lcq,A,4,,,,,,,,no_pdb_chain_mapping,,no_pdb_chain_mapping
29,AAA,SEP,5lcr,A,4,,,,,,,,no_pdb_chain_mapping,,no_pdb_chain_mapping
30,AAA,SEP,5lct,A,4,,,,,,,,no_pdb_chain_mapping,,no_pdb_chain_mapping
31,AAA,SEP,5lcu,A,4,,,,,,,,no_pdb_chain_mapping,,no_pdb_chain_mapping
32,AAA,SEP,5m0b,A,4,,,,,,,,no_pdb_chain_mapping,,no_pdb_chain_mapping
33,AAA,SEP,5m0u,A,4,,,,,,,,no_pdb_chain_mapping,,no_pdb_chain_mapping
34,AAA,SEP,5m6v,A,4,,,,,,,,no_pdb_chain_mapping,,no_pdb_chain_mapping
35,AAA,SEP,5m6y,A,4,,,,,,,,no_pdb_chain_mapping,,no_pdb_chain_mapping
36,AAA,SEP,5m71,A,4,,,,,,,,no_pdb_chain_mapping,,no_pdb_chain_mapping
37,AAA,SEP,5m75,A,4,,,,,,,,no_pdb_chain_mapping,,no_pdb_chain_mapping
38,AAA,SEP,5mhi,A,4,,,,,,,,no_pdb_chain_mapping,,no_pdb_chain_mapping
39,AAA,SEP,5n1d,A,4,,,,,,,,no_pdb_chain_mapping,,no_pdb_chain_mapping
40,AAA,SEP,5n1e,A,4,,,,,,,,no_pdb_chain_mapping,,no_pdb_chain_mapping
41,AAA,SEP,5n1k,,,,,,,,,,missing_token_location,,missing_token_location
42,AAA,SEP,5n1l,A,4,,,,,,,,no_pdb_chain_mapping,,no_pdb_chain_mapping
43,AAA,SEP,5n1m,A,4,,,,,,,,no_pdb_chain_mapping,,no_pdb_chain_mapping
44,AAA,SEP,5n1n,A,4,,,,,,,,no_pdb_chain_mapping,,no_pdb_chain_mapping
45,AAA,SEP,5n32,A,4,,,,,,,,no_pdb_chain_mapping,,no_pdb_chain_mapping
46,AAA,SEP,5n33,A,4,,,,,,,,no_pdb_chain_mapping,,no_pdb_chain_mapping
47,AAA,SEP,5n36,A,4,,,,,,,,no_pdb_chain_mapping,,no_pdb_chain_mapping
48,AAA,SEP,5n37,A,4,,,,,,,,no_pdb_chain_mapping,,no_pdb_chain_mapping
49,AAA,SEP,5n39,A,4,,,,,,,,no_pdb_chain_mapping,,no_pdb_chain_mapping
50,AAA,SEP,5n3a,A,4,,,,,,,,no_pdb_chain_mapping,,no_pdb_chain_mapping
51,AAA,SEP,5n3b,A,4,,,,,,,,no_pdb_chain_mapping,,no_pdb_chain_mapping
52,AAA,SEP,5n3c,A,4,,,,,,,,no_pdb_chain_mapping,,no_pdb_chain_mapping
53,AAA,SEP,5n3d,A,4,,,,,,,,no_pdb_chain_mapping,,no_pdb_chain_mapping
54,AAA,SEP,5n3e,A,4,,,,,,,,no_pdb_chain_mapping,,no_pdb_chain_mapping
55,AAA,SEP,5n7p,A,4,,,,,,,,no_pdb_chain_mapping,,no_pdb_chain_mapping
56,AAA,SEP,5n7u,A,4,,,,,,,,no_pdb_chain_mapping,,no_pdb_chain_mapping
57,AAA,SEP,5ntj,A,4,,,,,,,,no_pdb_chain_mapping,,no_pdb_chain_mapping
58,AAA,SEP,5o0e,A,4,,,,,,,,no_pdb_chain_mapping,,no_pdb_chain_mapping
59,AAA,SEP,5ok3,A,4,,,,,,,,no_pdb_chain_mapping,,no_pdb_chain_mapping
60,AAA,SEP,5otg,A,4,,,,,,,,no_pdb_chain_mapping,,no_pdb_chain_mapping
61,AAA,SEP,5oua,A,4,,,,,,,,no_pdb_chain_mapping,,no_pdb_chain_mapping
62,AAA,SEP,5ouc,A,4,,,,,,,,no_pdb_chain_mapping,,no_pdb_chain_mapping
63,AAA,SEP,5ous,A,4,,,,,,,,no_pdb_chain_mapping,,no_pdb_chain_mapping
64,AAA,SEP,6eh2,A,4,,,,,,,,no_pdb_chain_mapping,,no_pdb_chain_mapping
65,AAA,SEP,6eh3,A,4,,,,,,,,no_pdb_chain_mapping,,no_pdb_chain_mapping
66,AAA,SEP,6eru,A,4,,,,,,,,no_pdb_chain_mapping,,no_pdb_chain_mapping
67,AAA,SEP,6erv,A,4,,,,,,,,no_pdb_chain_mapping,,no_pdb_chain_mapping
68,AAA,SEP,6erw,A,4,,,,,,,,no_pdb_chain_mapping,,no_pdb_chain_mapping
69,AAA,SEP,6i2a,A,4,,,,,,,,no_pdb_chain_mapping,,no_pdb_chain_mapping
70,AAA,SEP,6i2b,A,4,,,,,,,,no_pdb_chain_mapping,,no_pdb_chain_mapping
71,AAA,SEP,6i2h,A,4,,,,,,,,no_pdb_chain_mapping,,no_pdb_chain_mapping
72,AAA,SEP,6y0b,A,4,,,,,,,,no_pdb_chain_mapping,,no_pdb_chain_mapping
73,AAA,SEP,6y2o,A,4,,,,,,,,no_pdb_chain_mapping,,no_pdb_chain_mapping
74,AAA,SEP,6y2u,A,4,,,,,,,,no_pdb_chain_mapping,,no_pdb_chain_mapping
75,AAA,SEP,6yna,A,4,,,,,,,,no_pdb_chain_mapping,,no_pdb_chain_mapping
76,AAA,SEP,6ynb,A,4,,,,,,,,no_pdb_chain_mapping,,no_pdb_chain_mapping
77,AAA,SEP,6ync,A,4,,,,,,,,no_pdb_chain_mapping,,no_pdb_chain_mapping
78,AAA,SEP,6ynt,,,,,,,,,,missing_token_location,,missing_token_location
79,AAA,SEP,6yot,A,4,,,,,,,,no_pdb_chain_mapping,,no_pdb_chain_mapping
80,AAA,SEP,6yqi,A,4,,,,,,,,no_pdb_chain_mapping,,no_pdb_chain_mapping
81,AAA,SEP,6yqj,A,4,,,,,,,,no_pdb_chain_mapping,,no_pdb_chain_mapping
82,AAA,SEP,6yqk,A,4,,,,,,,,no_pdb_chain_mapping,,no_pdb_chain_mapping
83,AAA,SEP,7axt,A,4,,,,,,,,no_pdb_chain_mapping,,no_pdb_chain_mapping
84,AAA,SEP,7axv,A,4,,,,,,,,no_pdb_chain_mapping,,no_pdb_chain_mapping
85,AAA,SEP,7axw,A,4,,,,,,,,no_pdb_chain_mapping,,no_pdb_chain_mapping
86,AAA,SEP,7bb0,A,4,,,,,,,,no_pdb_chain_mapping,,no_pdb_chain_mapping
87,AAA,SEP,7pid,A,4,,,,,,,,no_pdb_chain_mapping,,no_pdb_chain_mapping
88,AAA,SEP,7pie,A,4,,,,,,,,no_pdb_chain_mapping,,no_pdb_chain_mapping
89,AAA,SEP,7pif,A,4,,,,,,,,no_pdb_chain_mapping,,no_pdb_chain_mapping
90,AAA,SEP,7pig,A,4,,,,,,,,no_pdb_chain_mapping,,no_pdb_chain_mapping
91,AAA,SEP,7pih,A,4,,,,,,,,no_pdb_chain_mapping,,no_pdb_chain_mapping
92,AAA,SEP,8jhz,A,265,,,,,,,,no_pdb_chain_mapping,,no_pdb_chain_mapping
93,AAA,SEP,8wi0,A,290,,PF00664,ABC_membrane,179,,447,,matched,explicit_author_bounds,
94,AAA,SEP,8z5r,A,1206,,,,,,,,outside_pfam_ranges,,outside_pfam_ranges
95,AAA,SEP,8z5t,M,1206,,,,,,,,outside_pfam_ranges,,outside_pfam_ranges
96,AAA,SEP,9qjz,B,599,,PF12796,Ank_2,553,,622,,matched,explicit_author_bounds,
97,AAA,TPO,30tl,B,-2,,,,,,,,no_pdb_chain_mapping,,no_pdb_chain_mapping
98,AAA,TPO,30tm,B,591,,,,,,,,no_pdb_chain_mapping,,no_pdb_chain_mapping
99,AAA,TPO,6e1k,B,34,,,,,,,,outside_pfam_ranges,,outside_pfam_ranges
100,AAA,TPO,6e1m,B,34,,,,,,,,outside_pfam_ranges,,outside_pfam_ranges
101,AAA,TPO,6e1n,A,34,,,,,,,,outside_pfam_ranges,,outside_pfam_ranges
102,AAA,TPO,6e1p,A,34,,,,,,,,outside_pfam_ranges,,outside_pfam_ranges
103,AAA,TPO,6i2p,A,63,,PF00069,Pkinase,11,,273,,matched,explicit_author_bounds,
104,AAA,TPO,7d0j,S,27,,,,,,,,no_pdb_chain_mapping,,no_pdb_chain_mapping
105,AAA,TPO,7lf8,A,40,,,,,,,,no_pdb_chain_mapping,,no_pdb_chain_mapping
106,AAA,TPO,8r4q,B,257,,,,,,,,no_pdb_chain_mapping,,no_pdb_chain_mapping
107,AAR,PTR,1crx,B,295,,PF00589,Phage_integrase,138,,331,,matched,explicit_author_bounds,
108,AAR,PTR,1pkg,A,794,,PF07714,PK_Tyr_Ser-Thr,589,,924,,matched,explicit_author_bounds,
109,AAR,PTR,1ywn,A,1028,,PF07714,PK_Tyr_Ser-Thr,832,,1158,,matched,explicit_author_bounds,
110,AAR,PTR,2oh4,A,1028,,PF07714,PK_Tyr_Ser-Thr,832,,1158,,matched,explicit_author_bounds,
111,AAR,PTR,2pvf,A,628,,PF07714,PK_Tyr_Ser-Thr,481,,757,,matched,explicit_author_bounds,
112,AAR,PTR,3bu6,A,1134,,PF07714,PK_Tyr_Ser-Thr,996,,1263,,matched,explicit_author_bounds,
113,AAR,PTR,3c7q,A,1030,,PF07714,PK_Tyr_Ser-Thr,834,,1160,,matched,explicit_author_bounds,
114,AAR,PTR,3l4j,A,779,,PF00521,DNA_topoisoIV,690,,1160,,matched,explicit_author_bounds,
115,AAR,PTR,3l4k,A,779,,PF00521,DNA_topoisoIV,690,,1160,,matched,explicit_author_bounds,
116,AAR,PTR,4gfh,F,779,,PF00521,DNA_topoisoIV,690,,1160,,matched,explicit_author_bounds,
117,AAR,PTR,4r3p,A,839,,PF07714,PK_Tyr_Ser-Thr,712,,968,,matched,explicit_author_bounds,
118,AAR,PTR,4r3r,A,839,,PF07714,PK_Tyr_Ser-Thr,712,,968,,matched,explicit_author_bounds,
119,AAR,PTR,4zjv,A,839,,PF07714,PK_Tyr_Ser-Thr,712,,968,,matched,explicit_author_bounds,
120,AAR,PTR,5c26,A,496,,PF07714,PK_Tyr_Ser-Thr,371,,626,,matched,explicit_author_bounds,
121,AAR,PTR,5czh,A,839,,PF07714,PK_Tyr_Ser-Thr,712,,968,,matched,explicit_author_bounds,
122,AAR,PTR,5czi,A,839,,PF07714,PK_Tyr_Ser-Thr,712,,968,,matched,explicit_author_bounds,
123,AAR,PTR,5fm2,A,876,,PF07714,PK_Tyr_Ser-Thr,724,,1005,,matched,explicit_author_bounds,
124,AAR,PTR,5fm3,A,876,,PF07714,PK_Tyr_Ser-Thr,724,,1005,,matched,explicit_author_bounds,
125,AAR,PTR,7run,A,876,,PF07714,PK_Tyr_Ser-Thr,724,,1005,,matched,explicit_author_bounds,
126,AAR,PTR,8dwn,A,1134,,PF07714,PK_Tyr_Ser-Thr,996,,1263,,matched,explicit_author_bounds,
127,AAR,PTR,8e1x,A,628,,PF07714,PK_Tyr_Ser-Thr,481,,757,,matched,explicit_author_bounds,
128,AAR,SEP,1qjb,,,,,,,,,,missing_token_location,,missing_token_location
129,AAR,SEP,2fo0,,,,,,,,,,missing_token_location,,missing_token_location
130,AAR,SEP,2vag,A,202,,PF00069,Pkinase,161,,477,,matched,explicit_author_bounds,
131,AAR,SEP,3tmp,E,185,,,,,,,,outside_pfam_ranges,,outside_pfam_ranges
132,AAR,SEP,4euu,B,160,,PF00069,Pkinase,9,,299,,matched,explicit_author_bounds,
133,AAR,SEP,4iw0,A,160,,PF00069,Pkinase,9,,299,,matched,explicit_author_bounds,
134,AAR,SEP,4x8n,A,341,,PF00622,SPRY,326,,401,,matched,inferred_author_end,
135,AAR,SEP,5ypo,,,,,,,,,,missing_token_location,,missing_token_location
136,AAR,SEP,6g33,A,202,,PF00069,Pkinase,161,,477,,matched,explicit_author_bounds,
137,AAR,SEP,6mtu,A,769,,PF00595,PDZ,728,,812,,matched,explicit_author_bounds,
138,AAR,SEP,6tw2,E,202,,PF00069,Pkinase,161,,477,,matched,explicit_author_bounds,
139,AAR,SEP,7cis,A,149,,,,,,,,no_pdb_chain_mapping,,no_pdb_chain_mapping
140,AAR,SEP,7dyn,A,149,,,,,,,,no_pdb_chain_mapping,,no_pdb_chain_mapping
141,AAR,SEP,7rzj,A,149,,PF00129,MHC_I,1,,179,,matched,explicit_author_bounds,
142,AAR,SEP,7s8e,A,149,,PF00129,MHC_I,1,,179,,matched,explicit_author_bounds,
143,AAR,SEP,8uwn,A,202,,PF00069,Pkinase,161,,477,,matched,explicit_author_bounds,
144,AAR,SEP,8wi0,B,53,,,,,,,,no_pdb_chain_mapping,,no_pdb_chain_mapping
145,AAR,TPO,12fh,C,181,,PF01008,IF-2B,27,,333,,matched,explicit_author_bounds,
146,AAR,TPO,3uig,,,,,,,,,,missing_token_location,,missing_token_location
147,AAR,TPO,6wet,BaB,454,,PF01663,Phosphodiest,212,,538,,matched,explicit_author_bounds,
148,AAR,TPO,7by0,C,69,,PF00125,Histone,3,,89,,matched,inferred_author_start,
149,ANP,PTR,4ey0,C,786,,,,,,,,outside_pfam_ranges,,outside_pfam_ranges
150,ANP,PTR,6zqs,B,89,,,,,,,,no_pdb_chain_mapping,,no_pdb_chain_mapping
151,ANP,PTR,9cal,A,92,,PF01751,Toprim,4,,155,,matched,explicit_author_bounds,
152,ANP,SEP,5caw,C,152,,PF17976,zf-RING_12,146,,218,,matched,explicit_author_bounds,
153,ANP,SEP,5dmz,B,826,,PF00069,Pkinase,787,,1046,,matched,explicit_author_bounds,
154,ANP,SEP,6f7b,A,826,,PF00069,Pkinase,787,,1046,,matched,explicit_author_bounds,
155,ANP,TPO,6zqs,B,89,,,,,,,,no_pdb_chain_mapping,,no_pdb_chain_mapping
156,AQK,PTR,4y5u,A,478,,PF21354,STAT_linker,435,,518,,matched,explicit_author_bounds,
157,AQK,PTR,4y5w,B,478,,PF21354,STAT_linker,435,,518,,matched,explicit_author_bounds,
158,AQK,PTR,5d39,B,478,,PF21354,STAT_linker,435,,518,,matched,explicit_author_bounds,
159,AQK,PTR,6l1t,B,78,,PF01387,Synuclein,1,,131,,matched,inferred_author_end,
160,AQK,PTR,6l1u,F,78,,PF01387,Synuclein,1,,131,,matched,inferred_author_end,
161,AQK,SEP,5lzs,H,139,,PF00347,Ribosomal_L6,99,,178,,matched,explicit_author_bounds,
162,AQK,SEP,6j7p,A,187,,PF08843,AbiEii,44,,291,,matched,explicit_author_bounds,
163,AQK,SEP,6j7s,A,187,,PF08843,AbiEii,44,,291,,matched,explicit_author_bounds,
164,AQK,SEP,6j9j,A,1675,,,,,,,,outside_pfam_ranges,,outside_pfam_ranges
165,AQK,SEP,6y5u,A,187,,PF08843,AbiEii,44,,291,,matched,explicit_author_bounds,
166,AQK,SEP,7c48,A,187,,PF08843,AbiEii,44,,291,,matched,explicit_author_bounds,
167,AQK,SEP,8pjn,i,36,,,,,,,,outside_pfam_ranges,,outside_pfam_ranges
168,AQK,SEP,9hn5,A,1643,,,,,,,,outside_pfam_ranges,,outside_pfam_ranges
169,AQK,TPO,7dz7,,,,,,,,,,missing_token_location,,missing_token_location
170,AQK,TPO,7dz8,,,,,,,,,,missing_token_location,,missing_token_location
171,AQK,TPO,7e0i,,,,,,,,,,missing_token_location,,missing_token_location
172,AQK,TPO,7e0k,,,,,,,,,,missing_token_location,,missing_token_location
173,ARR,PTR,1a31,A,447,,PF01028,Topoisom_I,432,,665,,matched,inferred_author_end,
174,ARR,PTR,1k4s,A,447,,PF01028,Topoisom_I,432,,665,,matched,inferred_author_end,
175,ARR,PTR,1k4t,A,447,,PF01028,Topoisom_I,432,,665,,matched,explicit_author_bounds,
176,ARR,PTR,1nh3,A,447,,PF01028,Topoisom_I,432,,665,,matched,inferred_author_end,
177,ARR,PTR,1rr8,C,447,,PF01028,Topoisom_I,432,,665,,matched,inferred_author_end,
178,ARR,PTR,1rrj,A,447,,PF01028,Topoisom_I,432,,665,,matched,explicit_author_bounds,
179,ARR,PTR,1sc7,A,447,,PF01028,Topoisom_I,432,,665,,matched,explicit_author_bounds,
180,ARR,PTR,1seu,A,447,,PF01028,Topoisom_I,432,,665,,matched,explicit_author_bounds,
181,ARR,PTR,1t8i,A,447,,PF01028,Topoisom_I,432,,665,,matched,explicit_author_bounds,
182,ARR,PTR,1tl8,A,447,,PF01028,Topoisom_I,432,,665,,matched,explicit_author_bounds,
183,ARR,PTR,2pvf,A,578,,PF07714,PK_Tyr_Ser-Thr,481,,757,,matched,explicit_author_bounds,
184,ARR,PTR,2q8y,A,89,,,,,,,,no_pdb_chain_mapping,,no_pdb_chain_mapping
185,ARR,PTR,2z8p,A,89,,PF03536,OspF_SpvC,2,,241,,matched,inferred_author_start,
186,ARR,PTR,6agx,B,578,,PF07714,PK_Tyr_Ser-Thr,481,,757,,matched,explicit_author_bounds,
187,ARR,PTR,6df1,H,93,,,,,,,,no_pdb_chain_mapping,,no_pdb_chain_mapping
188,ARR,PTR,6df2,B,93,,,,,,,,no_pdb_chain_mapping,,no_pdb_chain_mapping
189,ARR,PTR,6lvm,A,569,,PF07714,PK_Tyr_Ser-Thr,472,,748,,matched,explicit_author_bounds,
190,ARR,PTR,7dhl,A,569,,PF07714,PK_Tyr_Ser-Thr,472,,748,,matched,explicit_author_bounds,
191,ARR,PTR,8e1x,B,578,,PF07714,PK_Tyr_Ser-Thr,481,,757,,matched,explicit_author_bounds,
192,ARR,SEP,1a37,A,54,,PF00244,14-3-3,9,,229,,matched,inferred_author_end,
193,ARR,SEP,1qja,A,54,,PF00244,14-3-3,9,,229,,matched,explicit_author_bounds,
194,ARR,SEP,1qjb,A,54,,PF00244,14-3-3,9,,229,,matched,explicit_author_bounds,
195,ARR,SEP,29ii,A,55,,PF00244,14-3-3,10,,232,,matched,explicit_author_bounds,
196,ARR,SEP,2b05,E,55,,PF00244,14-3-3,10,,234,,matched,explicit_author_bounds,
197,ARR,SEP,2br9,A,55,,PF00244,14-3-3,10,,232,,matched,explicit_author_bounds,
198,ARR,SEP,2c1j,B,54,,PF00244,14-3-3,9,,229,,matched,explicit_author_bounds,
199,ARR,SEP,2c1n,B,54,,PF00244,14-3-3,9,,229,,matched,explicit_author_bounds,
200,ARR,SEP,2c63,B,55,,PF00244,14-3-3,10,,234,,matched,explicit_author_bounds,
201,ARR,SEP,2c74,A,55,,PF00244,14-3-3,10,,234,,matched,explicit_author_bounds,
202,ARR,SEP,2wh0,D,54,,PF00244,14-3-3,9,,229,,matched,explicit_author_bounds,
203,ARR,SEP,3axy,J,56,,PF00244,14-3-3,9,,233,,matched,explicit_author_bounds,
204,ARR,SEP,3cu8,B,54,,PF00244,14-3-3,9,,229,,matched,explicit_author_bounds,
205,ARR,SEP,3nkx,B,54,,PF00244,14-3-3,9,,229,,matched,explicit_author_bounds,
206,ARR,SEP,3ual,A,55,,PF00244,14-3-3,10,,232,,matched,explicit_author_bounds,
207,ARR,SEP,3ubw,A,55,,PF00244,14-3-3,10,,232,,matched,explicit_author_bounds,
208,ARR,SEP,3uzd,A,55,,PF00244,14-3-3,10,,234,,matched,explicit_author_bounds,
209,ARR,SEP,4bg6,B,54,,PF00244,14-3-3,9,,229,,matched,explicit_author_bounds,
210,ARR,SEP,4fj3,B,54,,PF00244,14-3-3,9,,229,,matched,explicit_author_bounds,
211,ARR,SEP,4hkc,A,54,,PF00244,14-3-3,9,,229,,matched,explicit_author_bounds,
212,ARR,SEP,4ihl,B,54,,PF00244,14-3-3,9,,229,,matched,explicit_author_bounds,
213,ARR,SEP,4j6s,C,55,,PF00244,14-3-3,10,,234,,matched,explicit_author_bounds,
214,ARR,SEP,4o46,D,55,,PF00244,14-3-3,10,,234,,matched,explicit_author_bounds,
215,ARR,SEP,4wrq,B,54,,PF00244,14-3-3,9,,229,,matched,explicit_author_bounds,
216,ARR,SEP,5d2d,,,,,,,,,,missing_token_location,,missing_token_location
217,ARR,SEP,5d3e,I,55,,PF00244,14-3-3,10,,234,,matched,explicit_author_bounds,
218,ARR,SEP,5d3f,,,,,,,,,,missing_token_location,,missing_token_location
219,ARR,SEP,5ewz,B,54,,PF00244,14-3-3,9,,229,,matched,explicit_author_bounds,
220,ARR,SEP,5lx2,A,56,,PF00244,14-3-3,11,,234,,matched,explicit_author_bounds,
221,ARR,SEP,5m35,A,54,,PF00244,14-3-3,9,,229,,matched,explicit_author_bounds,
222,ARR,SEP,5m36,B,54,,PF00244,14-3-3,9,,229,,matched,explicit_author_bounds,
223,ARR,SEP,5m37,A,54,,PF00244,14-3-3,9,,229,,matched,explicit_author_bounds,
224,ARR,SEP,5n6n,B,56,,PF00244,14-3-3,11,,234,,matched,explicit_author_bounds,
225,ARR,SEP,5nas,A,54,,PF00244,14-3-3,9,,229,,matched,explicit_author_bounds,
226,ARR,SEP,5nwi,A,61,,PF00244,14-3-3,14,,238,,matched,explicit_author_bounds,
227,ARR,SEP,5nwj,A,61,,PF00244,14-3-3,14,,238,,matched,explicit_author_bounds,
228,ARR,SEP,5nwk,G,61,,PF00244,14-3-3,14,,238,,matched,explicit_author_bounds,
229,ARR,SEP,5ulo,B,54,,PF00244,14-3-3,9,,229,,matched,explicit_author_bounds,
230,ARR,SEP,5ypo,D,-3,,,,,,,,no_pdb_chain_mapping,,no_pdb_chain_mapping
231,ARR,SEP,5yqg,D,55,,PF00244,14-3-3,10,,234,,matched,explicit_author_bounds,
232,ARR,SEP,6a5q,C,56,,PF00244,14-3-3,11,,231,,matched,explicit_author_bounds,
233,ARR,SEP,6a5s,B,55,,PF00244,14-3-3,10,,234,,matched,explicit_author_bounds,
234,ARR,SEP,6bb4,H,93,,,,,,,,no_pdb_chain_mapping,,no_pdb_chain_mapping
235,ARR,SEP,6ef5,A,54,,PF00244,14-3-3,9,,229,,matched,explicit_author_bounds,
236,ARR,SEP,6eih,A,55,,PF00244,14-3-3,10,,232,,matched,explicit_author_bounds,
237,ARR,SEP,6ejl,A,54,,PF00244,14-3-3,9,,229,,matched,explicit_author_bounds,
238,ARR,SEP,6eww,C,54,,PF00244,14-3-3,9,,229,,matched,explicit_author_bounds,
239,ARR,SEP,6f08,B,54,,PF00244,14-3-3,9,,229,,matched,explicit_author_bounds,
240,ARR,SEP,6f09,S,54,,PF00244,14-3-3,9,,229,,matched,explicit_author_bounds,
241,ARR,SEP,6fel,A,55,,PF00244,14-3-3,10,,234,,matched,explicit_author_bounds,
242,ARR,SEP,6gkf,E,55,,PF00244,14-3-3,10,,234,,matched,explicit_author_bounds,
243,ARR,SEP,6gkg,G,55,,PF00244,14-3-3,10,,234,,matched,explicit_author_bounds,
244,ARR,SEP,6hep,,,,,,,,,,missing_token_location,,missing_token_location
245,ARR,SEP,6nfz,A,167,,PF00069,Pkinase,17,,274,,matched,explicit_author_bounds,
246,ARR,SEP,6nyb,D,54,,,,,,,,no_pdb_chain_mapping,,no_pdb_chain_mapping
247,ARR,SEP,6q0j,X,54,,,,,,,,no_pdb_chain_mapping,,no_pdb_chain_mapping
248,ARR,SEP,6q0k,X,54,,PF00244,14-3-3,9,,229,,matched,explicit_author_bounds,
249,ARR,SEP,6q0t,X,54,,,,,,,,no_pdb_chain_mapping,,no_pdb_chain_mapping
250,ARR,SEP,6qk8,B,56,,PF00244,14-3-3,11,,234,,matched,explicit_author_bounds,
251,ARR,SEP,6rfl,A,279,,,,,,,,no_pdb_chain_mapping,,no_pdb_chain_mapping
252,ARR,SEP,6s9k,A,55,,PF00244,14-3-3,10,,234,,matched,explicit_author_bounds,
253,ARR,SEP,6sad,B,55,,PF00244,14-3-3,10,,234,,matched,explicit_author_bounds,
254,ARR,SEP,6u2h,B,54,,PF00244,14-3-3,9,,229,,matched,explicit_author_bounds,
255,ARR,SEP,6uan,A,55,,PF00244,14-3-3,10,,230,,matched,explicit_author_bounds,
256,ARR,SEP,6xag,A,54,,PF00244,14-3-3,9,,229,,matched,explicit_author_bounds,
257,ARR,SEP,6y4k,B,55,,PF00244,14-3-3,10,,234,,matched,explicit_author_bounds,
258,ARR,SEP,6y6b,A,55,,PF00244,14-3-3,10,,234,,matched,inferred_author_end,
259,ARR,SEP,6ymo,A,54,,PF00244,14-3-3,9,,229,,matched,explicit_author_bounds,
260,ARR,SEP,6yos,A,54,,PF00244,14-3-3,9,,229,,matched,explicit_author_bounds,
261,ARR,SEP,6zbt,C,55,,PF00244,14-3-3,10,,234,,matched,explicit_author_bounds,
262,ARR,SEP,6zc9,B,55,,PF00244,14-3-3,10,,234,,matched,explicit_author_bounds,
263,ARR,SEP,7aof,A,279,,,,,,,,no_pdb_chain_mapping,,no_pdb_chain_mapping
264,ARR,SEP,7c8e,A,55,,PF00244,14-3-3,10,,232,,matched,explicit_author_bounds,
265,ARR,SEP,7d8h,A,54,,PF00244,14-3-3,9,,229,,matched,explicit_author_bounds,
266,ARR,SEP,7d8p,B,54,,PF00244,14-3-3,9,,229,,matched,explicit_author_bounds,
267,ARR,SEP,7d9v,A,54,,PF00244,14-3-3,9,,229,,matched,explicit_author_bounds,
268,ARR,SEP,7exe,B,54,,PF00244,14-3-3,9,,229,,matched,explicit_author_bounds,
269,ARR,SEP,7mfd,D,54,,PF00244,14-3-3,9,,229,,matched,explicit_author_bounds,
270,ARR,SEP,7mfe,B,54,,PF00244,14-3-3,9,,229,,matched,explicit_author_bounds,
271,ARR,SEP,7mff,D,54,,PF00244,14-3-3,9,,229,,matched,explicit_author_bounds,
272,ARR,SEP,7nmz,BA,57,,PF00244,14-3-3,12,,236,,matched,explicit_author_bounds,
273,ARR,SEP,7qi1,,,,,,,,,,missing_token_location,,missing_token_location
274,ARR,SEP,7v9b,A,55,,PF00244,14-3-3,10,,232,,matched,explicit_author_bounds,
275,ARR,SEP,7vcf,A,1714,,,,,,,,no_pdb_chain_mapping,,no_pdb_chain_mapping
276,ARR,SEP,7ykh,B,-4,,,,,,,,no_pdb_chain_mapping,,no_pdb_chain_mapping
277,ARR,SEP,7zit,B,54,,PF00244,14-3-3,9,,229,,matched,explicit_author_bounds,
278,ARR,SEP,8ah2,C,54,,PF00244,14-3-3,9,,229,,matched,explicit_author_bounds,
279,ARR,SEP,8c8h,A,279,,PF00623,RNA_pol_Rpb1_2,279,,440,,matched,explicit_author_bounds,
279,ARR,SEP,8c8h,A,279,,PF04997,RNA_pol_Rpb1_1,2,,288,,matched,explicit_author_bounds,
280,ARR,SEP,8chf,C,57,,,,,,,,no_pdb_chain_mapping,,no_pdb_chain_mapping
281,ARR,SEP,8cpd,C,57,,,,,,,,no_pdb_chain_mapping,,no_pdb_chain_mapping
282,ARR,SEP,8dgn,A,55,,PF00244,14-3-3,10,,232,,matched,inferred_author_start,
283,ARR,SEP,8dgp,C,55,,PF00244,14-3-3,10,,232,,matched,explicit_author_bounds,
284,ARR,SEP,8dgs,D,54,,,,,,,,no_pdb_chain_mapping,,no_pdb_chain_mapping
285,ARR,SEP,8dgt,C,54,,,,,,,,no_pdb_chain_mapping,,no_pdb_chain_mapping
286,ARR,SEP,8dp5,C,56,,PF00244,14-3-3,11,,231,,matched,explicit_author_bounds,
287,ARR,SEP,8jow,C,94,,,,,,,,no_pdb_chain_mapping,,no_pdb_chain_mapping
288,ARR,SEP,8p1h,B,54,,PF00244,14-3-3,9,,229,,matched,explicit_author_bounds,
289,ARR,SEP,8q1s,A,55,,PF00244,14-3-3,10,,232,,matched,explicit_author_bounds,
290,ARR,SEP,8qdv,E,54,,PF00244,14-3-3,9,,229,,matched,explicit_author_bounds,
291,ARR,SEP,8qtc,A,58,,PF00244,14-3-3,11,,235,,matched,explicit_author_bounds,
292,ARR,SEP,8qtf,A,58,,PF00244,14-3-3,11,,235,,matched,explicit_author_bounds,
293,ARR,SEP,8qtt,D,58,,PF00244,14-3-3,11,,235,,matched,explicit_author_bounds,
294,ARR,SEP,8rqk,A,279,,PF00623,RNA_pol_Rpb1_2,279,,440,,matched,explicit_author_bounds,
294,ARR,SEP,8rqk,A,279,,PF04997,RNA_pol_Rpb1_1,2,,288,,matched,explicit_author_bounds,
295,ARR,SEP,8vyo,C,54,,PF00244,14-3-3,9,,229,,matched,explicit_author_bounds,
296,ARR,SEP,8vyp,B,54,,PF00244,14-3-3,9,,229,,matched,inferred_author_end,
297,ARR,SEP,8vyq,A,54,,PF00244,14-3-3,9,,229,,matched,explicit_author_bounds,
298,ARR,SEP,8vyr,B,54,,PF00244,14-3-3,9,,229,,matched,explicit_author_bounds,
299,ARR,SEP,8vys,B,54,,PF00244,14-3-3,9,,229,,matched,explicit_author_bounds,
300,ARR,SEP,8vyu,C,54,,PF00244,14-3-3,9,,229,,matched,explicit_author_bounds,
301,ARR,SEP,8vyv,A,54,,PF00244,14-3-3,9,,229,,matched,explicit_author_bounds,
302,ARR,SEP,8vyw,A,54,,PF00244,14-3-3,9,,229,,matched,explicit_author_bounds,
303,ARR,SEP,8we2,B,54,,PF00244,14-3-3,9,,229,,matched,explicit_author_bounds,
304,ARR,SEP,8wf6,A,54,,PF00244,14-3-3,9,,229,,matched,explicit_author_bounds,
305,ARR,SEP,8xi3,F,55,,PF00244,14-3-3,10,,234,,matched,explicit_author_bounds,
306,ARR,SEP,9ci3,C,55,,PF00244,14-3-3,10,,234,,matched,explicit_author_bounds,
307,ARR,SEP,9ex9,A,279,,PF00623,RNA_pol_Rpb1_2,279,,440,,matched,explicit_author_bounds,
307,ARR,SEP,9ex9,A,279,,PF04997,RNA_pol_Rpb1_1,2,,288,,matched,explicit_author_bounds,
308,ARR,SEP,9exn,A,279,,PF00623,RNA_pol_Rpb1_2,279,,440,,matched,explicit_author_bounds,
308,ARR,SEP,9exn,A,279,,PF04997,RNA_pol_Rpb1_1,2,,288,,matched,explicit_author_bounds,
309,ARR,SEP,9fpy,A,279,,PF00623,RNA_pol_Rpb1_2,279,,440,,matched,explicit_author_bounds,
309,ARR,SEP,9fpy,A,279,,PF04997,RNA_pol_Rpb1_1,2,,288,,matched,explicit_author_bounds,
310,ARR,SEP,9fq6,A,279,,PF00623,RNA_pol_Rpb1_2,279,,440,,matched,explicit_author_bounds,
310,ARR,SEP,9fq6,A,279,,PF04997,RNA_pol_Rpb1_1,2,,288,,matched,explicit_author_bounds,
311,ARR,SEP,9fum,B,57,,PF00244,14-3-3,12,,232,,matched,explicit_author_bounds,
312,ARR,SEP,9mmp,C,54,,PF00244,14-3-3,9,,229,,matched,explicit_author_bounds,
313,ARR,SEP,9mmr,D,54,,PF00244,14-3-3,9,,229,,matched,explicit_author_bounds,
314,ARR,SEP,9o2z,D,54,,PF00244,14-3-3,9,,229,,matched,explicit_author_bounds,
315,ARR,SEP,9r2i,A,55,,PF00244,14-3-3,10,,234,,matched,explicit_author_bounds,
316,ARR,SEP,9r2n,A,55,,PF00244,14-3-3,10,,234,,matched,explicit_author_bounds,
317,ARR,TPO,1ib1,D,54,,PF00244,14-3-3,9,,229,,matched,inferred_author_end,
318,ARR,TPO,1o9d,A,61,,PF00244,14-3-3,14,,238,,matched,explicit_author_bounds,
319,ARR,TPO,1o9f,A,61,,PF00244,14-3-3,14,,238,,matched,explicit_author_bounds,
320,ARR,TPO,29ii,B,55,,PF00244,14-3-3,10,,232,,matched,explicit_author_bounds,
321,ARR,TPO,2v7d,D,54,,PF00244,14-3-3,9,,229,,matched,explicit_author_bounds,
322,ARR,TPO,3e6y,A,61,,PF00244,14-3-3,14,,238,,matched,explicit_author_bounds,
323,ARR,TPO,5ewz,A,54,,PF00244,14-3-3,9,,229,,matched,explicit_author_bounds,
324,ARR,TPO,5exa,B,54,,PF00244,14-3-3,9,,229,,matched,explicit_author_bounds,
325,ARR,TPO,5n10,B,56,,PF00244,14-3-3,11,,231,,matched,explicit_author_bounds,
326,ARR,TPO,5wxn,A,54,,PF00244,14-3-3,9,,229,,matched,explicit_author_bounds,
327,ARR,TPO,5xy9,A,54,,PF00244,14-3-3,9,,229,,matched,explicit_author_bounds,
328,ARR,TPO,6gr8,A,113,,PF00069,Pkinase,43,,293,,matched,explicit_author_bounds,
329,ARR,TPO,6gr9,A,113,,PF00069,Pkinase,43,,293,,matched,explicit_author_bounds,
330,ARR,TPO,6nfz,A,167,,PF00069,Pkinase,17,,274,,matched,explicit_author_bounds,
331,ARR,TPO,6yo8,C,54,,PF00244,14-3-3,9,,229,,matched,explicit_author_bounds,
332,ARR,TPO,6yos,B,54,,PF00244,14-3-3,9,,229,,matched,explicit_author_bounds,
333,ARR,TPO,7a6r,A,55,,PF00244,14-3-3,10,,234,,matched,explicit_author_bounds,
334,ARR,TPO,7a6y,A,55,,PF00244,14-3-3,10,,234,,matched,explicit_author_bounds,
335,ARR,TPO,7dz7,,,,,,,,,,missing_token_location,,missing_token_location
336,ARR,TPO,7e0j,,,,,,,,,,missing_token_location,,missing_token_location
337,ARR,TPO,7vcf,A,1714,,,,,,,,no_pdb_chain_mapping,,no_pdb_chain_mapping
338,ARR,TPO,8a9g,B,54,,PF00244,14-3-3,9,,229,,matched,explicit_author_bounds,
339,ARR,TPO,8dgm,A,55,,PF00244,14-3-3,10,,232,,matched,inferred_author_start,
340,ARR,TPO,8hew,A,56,,PF00244,14-3-3,9,,233,,matched,explicit_author_bounds,
341,ARR,TPO,9ejl,B,129,,,,,,,,outside_pfam_ranges,,outside_pfam_ranges
342,ARR,TPO,9sv3,D,54,,PF00244,14-3-3,9,,229,,matched,explicit_author_bounds,
343,ARR,TPO,9uj2,B,54,,PF00244,14-3-3,9,,229,,matched,explicit_author_bounds,
344,CC,PTR,3cd3,A,678,,PF07714,PK_Tyr_Ser-Thr,561,,814,,matched,explicit_author_bounds,
345,CC,SEP,12fh,A,457,,PF01008,IF-2B,238,,529,,matched,explicit_author_bounds,
346,CC,SEP,4c0o,B,662,,PF24139,TPR_TNPO3_IPO13_4th,632,,736,,matched,explicit_author_bounds,
347,CC,SEP,6gx9,B,662,,PF24139,TPR_TNPO3_IPO13_4th,632,,736,,matched,explicit_author_bounds,
348,CC,SEP,7t4k,B,360,,PF00069,Pkinase,163,,481,,matched,explicit_author_bounds,
349,CC,SEP,7t4l,A,360,,PF00069,Pkinase,163,,481,,matched,explicit_author_bounds,
350,CC,SEP,8uyi,A,360,,PF00069,Pkinase,163,,481,,matched,explicit_author_bounds,
351,CC,TPO,4bu0,A,13,,PF00533,BRCT,2,,79,,matched,inferred_author_start,
352,CC,TPO,5fb0,A,716,,,,,,,,no_pdb_chain_mapping,,no_pdb_chain_mapping
353,CC,TPO,6hm3,A,13,,PF00533,BRCT,2,,79,,matched,inferred_author_start,
354,CF,PTR,1k2m,A,623,,PF00498,FHA,601,,681,,matched,explicit_author_bounds,
355,CF,PTR,1yi6,B,277,,PF07714,PK_Tyr_Ser-Thr,267,,516,,matched,explicit_author_bounds,
356,CF,PTR,2lct,A,753,,,,,,,,outside_pfam_ranges,,outside_pfam_ranges
357,CF,PTR,2mc1,A,753,,,,,,,,outside_pfam_ranges,,outside_pfam_ranges
358,CF,PTR,2ror,A,110,,,,,,,,outside_pfam_ranges,,outside_pfam_ranges
359,CF,PTR,3d42,A,279,,PF00102,Y_phosphatase,98,,328,,matched,explicit_author_bounds,
360,CF,PTR,3d44,A,279,,PF00102,Y_phosphatase,98,,328,,matched,explicit_author_bounds,
361,CF,PTR,6c5x,A,111,,PF00017,SH2,79,,154,,matched,explicit_author_bounds,
362,CF,PTR,6lvm,A,482,,PF07714,PK_Tyr_Ser-Thr,472,,748,,matched,explicit_author_bounds,
363,CF,SEP,1pua,A,111,,,,,,,,no_pdb_chain_mapping,,no_pdb_chain_mapping
364,CF,SEP,2i0e,B,409,,PF00069,Pkinase,342,,600,,matched,explicit_author_bounds,
365,CF,SEP,3iw4,B,406,,PF00069,Pkinase,339,,597,,matched,explicit_author_bounds,
366,CF,SEP,3jrw,A,703,,PF02785,Biotin_carb_C,650,,758,,matched,explicit_author_bounds,
367,CF,SEP,3pfq,A,409,,PF00069,Pkinase,342,,600,,matched,explicit_author_bounds,
368,CF,SEP,3t7k,B,844,,PF16770,RTT107_BRCT_5,820,,932,,matched,inferred_author_start,
369,CF,SEP,4c0o,B,699,,PF24139,TPR_TNPO3_IPO13_4th,632,,736,,matched,explicit_author_bounds,
370,CF,SEP,4otd,A,698,,PF00069,Pkinase,621,,880,,matched,explicit_author_bounds,
371,CF,SEP,4otg,A,698,,PF00069,Pkinase,621,,880,,matched,explicit_author_bounds,
372,CF,SEP,4oth,A,698,,PF00069,Pkinase,621,,880,,matched,explicit_author_bounds,
373,CF,SEP,4oti,A,698,,PF00069,Pkinase,621,,880,,matched,explicit_author_bounds,
374,CF,SEP,4ra4,A,406,,PF00069,Pkinase,339,,597,,matched,explicit_author_bounds,
375,CF,SEP,5bmn,A,265,,,,,,,,no_pdb_chain_mapping,,no_pdb_chain_mapping
376,CF,SEP,5bmp,A,265,,,,,,,,no_pdb_chain_mapping,,no_pdb_chain_mapping
377,CF,SEP,5hvk,A,349,,PF07714,PK_Tyr_Ser-Thr,339,,604,,matched,explicit_author_bounds,
378,CF,SEP,5jek,D,435,,,,,,,,no_pdb_chain_mapping,,no_pdb_chain_mapping
379,CF,SEP,5kl0,A,265,,,,,,,,no_pdb_chain_mapping,,no_pdb_chain_mapping
380,CF,SEP,5m3j,A,603,,,,,,,,no_pdb_chain_mapping,,no_pdb_chain_mapping
381,CF,SEP,5sxa,A,301,,,,,,,,outside_pfam_ranges,,outside_pfam_ranges
382,CF,SEP,5sxj,A,301,,,,,,,,outside_pfam_ranges,,outside_pfam_ranges
383,CF,SEP,5ypo,A,687,,PF00625,Guanylate_kin,533,,711,,matched,explicit_author_bounds,
384,CF,SEP,6buu,B,224,,PF00069,Pkinase,150,,408,,matched,explicit_author_bounds,
385,CF,SEP,6f3t,B,462,,PF00400,WD40,461,,498,,matched,explicit_author_bounds,
386,CF,SEP,6g2i,R,1255,,PF08326,ACC_central,819,,1569,,matched,explicit_author_bounds,
387,CF,SEP,6mlf,A,243,,,,,,,,no_pdb_chain_mapping,,no_pdb_chain_mapping
388,CF,SEP,6mlh,A,243,,,,,,,,no_pdb_chain_mapping,,no_pdb_chain_mapping
389,CF,SEP,6mlw,A,243,,,,,,,,no_pdb_chain_mapping,,no_pdb_chain_mapping
390,CF,SEP,6nn2,A,243,,,,,,,,no_pdb_chain_mapping,,no_pdb_chain_mapping
391,CF,SEP,6nno,A,243,,,,,,,,no_pdb_chain_mapping,,no_pdb_chain_mapping
392,CF,SEP,6nns,A,243,,,,,,,,no_pdb_chain_mapping,,no_pdb_chain_mapping
393,CF,SEP,6nnu,A,243,,,,,,,,no_pdb_chain_mapping,,no_pdb_chain_mapping
394,CF,SEP,6noq,A,243,,,,,,,,no_pdb_chain_mapping,,no_pdb_chain_mapping
395,CF,SEP,6np8,A,243,,,,,,,,no_pdb_chain_mapping,,no_pdb_chain_mapping
396,CF,SEP,6npz,B,224,,PF00069,Pkinase,150,,408,,matched,explicit_author_bounds,
397,CF,SEP,6nqf,A,243,,,,,,,,no_pdb_chain_mapping,,no_pdb_chain_mapping
398,CF,SEP,6nqg,A,243,,,,,,,,no_pdb_chain_mapping,,no_pdb_chain_mapping
399,CF,SEP,6sqs,A,461,,PF13920,zf-C3HC4_3,434,,485,,matched,explicit_author_bounds,
400,CF,SEP,6tqr,A,48,,PF00635,Motile_Sperm,14,,120,,matched,explicit_author_bounds,
401,CF,SEP,7x14,A,41,,PF00635,Motile_Sperm,7,,113,,matched,explicit_author_bounds,
402,CF,SEP,7z42,A,603,,,,,,,,no_pdb_chain_mapping,,no_pdb_chain_mapping
403,CF,SEP,7z43,AAA,603,,,,,,,,no_pdb_chain_mapping,,no_pdb_chain_mapping
404,CF,SEP,7zx4,A,217,,PF01394,Clathrin_propel,198,,234,,matched,explicit_author_bounds,
405,CF,SEP,8hpo,G,323,,PF00850,Hist_deacetyl,38,,329,,matched,explicit_author_bounds,
406,CF,SEP,8se1,A,409,,PF00069,Pkinase,342,,600,,matched,explicit_author_bounds,
407,CF,SEP,8se2,A,409,,PF00069,Pkinase,342,,600,,matched,explicit_author_bounds,
408,CF,SEP,8se3,A,409,,PF00069,Pkinase,342,,600,,matched,explicit_author_bounds,
409,CF,SEP,8se4,A,409,,PF00069,Pkinase,342,,600,,matched,explicit_author_bounds,
410,CF,SEP,9d45,A,513,,PF19273,Exportin-5,332,,1186,,matched,inferred_author_end,
411,CF,SEP,9s9t,A,409,,PF00069,Pkinase,342,,600,,matched,explicit_author_bounds,
412,CF,TPO,1gxc,D,124,,PF00498,FHA,113,,192,,matched,explicit_author_bounds,
413,CF,TPO,1j4l,A,623,,PF00498,FHA,601,,681,,matched,explicit_author_bounds,
414,CF,TPO,1k2n,A,623,,PF00498,FHA,601,,681,,matched,explicit_author_bounds,
415,CF,TPO,3al3,A,1299,,PF00533,BRCT,1264,,1338,,matched,inferred_author_start,
416,CF,TPO,3e87,A,226,,PF00069,Pkinase,152,,409,,matched,explicit_author_bounds,
417,CF,TPO,3uec,A,60,,PF00653,BIR,18,,88,,matched,explicit_author_bounds,
418,CF,TPO,3ued,A,60,,PF00653,BIR,18,,88,,matched,explicit_author_bounds,
419,CF,TPO,3uig,B,60,,PF00653,BIR,18,,88,,matched,explicit_author_bounds,
420,CF,TPO,4a0j,A,60,,PF00653,BIR,18,,88,,matched,explicit_author_bounds,
421,CF,TPO,4a0n,A,60,,PF00653,BIR,18,,88,,matched,explicit_author_bounds,
422,CF,TPO,4qbs,A,557,,PF21255,DNMT3_ADD_GATA1-like,537,,586,,matched,explicit_author_bounds,
423,CF,TPO,5azi,D,278,,,,,,,,no_pdb_chain_mapping,,no_pdb_chain_mapping
424,CF,TPO,5azj,B,278,,,,,,,,no_pdb_chain_mapping,,no_pdb_chain_mapping
425,CF,TPO,6j9x,C,278,,,,,,,,no_pdb_chain_mapping,,no_pdb_chain_mapping
426,CF,TPO,6yif,A,60,,PF00653,BIR,18,,88,,matched,explicit_author_bounds,
427,CF,TPO,6yih,A,60,,PF00653,BIR,18,,88,,matched,explicit_author_bounds,
428,CF,TPO,7lbk,B,60,,PF00653,BIR,18,,88,,matched,explicit_author_bounds,
429,CF,TPO,7lbo,A,60,,PF00653,BIR,18,,88,,matched,explicit_author_bounds,
430,CF,TPO,7lbp,A,60,,PF00653,BIR,18,,88,,matched,explicit_author_bounds,
431,CF,TPO,7lbq,A,60,,PF00653,BIR,18,,88,,matched,explicit_author_bounds,
432,CF,TPO,8hpo,F,323,,PF00850,Hist_deacetyl,38,,329,,matched,explicit_author_bounds,
433,CF,TPO,8htu,,,,,,,,,,missing_token_location,,missing_token_location
434,CF,TPO,8rup,K,60,,PF00653,BIR,18,,88,,matched,explicit_author_bounds,
435,CF,TPO,9si9,M,60,,PF00653,BIR,18,,88,,matched,explicit_author_bounds,
436,CF,TPO,9sj5,M,60,,PF00653,BIR,18,,88,,matched,explicit_author_bounds,
437,CF,TPO,9tph,B,60,,PF00653,BIR,18,,88,,matched,explicit_author_bounds,
438,CF,TPO,9tpi,A,60,,PF00653,BIR,18,,88,,matched,explicit_author_bounds,
439,CH,PTR,1a07,B,241,,,,,,,,outside_pfam_ranges,,outside_pfam_ranges
440,CH,PTR,1a1b,B,241,,,,,,,,outside_pfam_ranges,,outside_pfam_ranges
441,CH,PTR,1fhr,A,650,,PF00498,FHA,601,,681,,matched,explicit_author_bounds,
442,CH,PTR,1hcs,B,238,,,,,,,,outside_pfam_ranges,,outside_pfam_ranges
443,CH,PTR,1hct,B,238,,,,,,,,outside_pfam_ranges,,outside_pfam_ranges
444,CH,PTR,1j4k,A,650,,PF00498,FHA,601,,681,,matched,explicit_author_bounds,
445,CH,PTR,1k2m,A,650,,PF00498,FHA,601,,681,,matched,explicit_author_bounds,
446,CH,PTR,1ksw,A,238,,,,,,,,outside_pfam_ranges,,outside_pfam_ranges
447,CH,PTR,1nzl,B,344,,,,,,,,no_pdb_chain_mapping,,no_pdb_chain_mapping
448,CH,PTR,1nzv,B,344,,,,,,,,no_pdb_chain_mapping,,no_pdb_chain_mapping
449,CH,PTR,1rqq,C,469,,PF00017,SH2,409,,486,,matched,explicit_author_bounds,
450,CH,PTR,1sps,A,95,,,,,,,,no_pdb_chain_mapping,,no_pdb_chain_mapping
451,CH,PTR,2l1c,A,177,,PF00640,PID,52,,207,,matched,explicit_author_bounds,
452,CH,PTR,3eb0,C,163,,PF00069,Pkinase,9,,325,,matched,explicit_author_bounds,
453,CH,PTR,4dit,A,178,,PF00069,Pkinase,56,,340,,matched,explicit_author_bounds,
454,CH,PTR,4qum,A,754,,PF00102,Y_phosphatase,670,,900,,matched,explicit_author_bounds,
455,CH,PTR,4rh5,A,754,,PF00102,Y_phosphatase,670,,900,,matched,explicit_author_bounds,
456,CH,PTR,4rh9,A,754,,PF00102,Y_phosphatase,670,,900,,matched,explicit_author_bounds,
457,CH,PTR,4rhg,A,754,,PF00102,Y_phosphatase,670,,900,,matched,explicit_author_bounds,
458,CH,PTR,4roj,C,749,,,,,,,,outside_pfam_ranges,,outside_pfam_ranges
459,CH,PTR,4s0g,A,754,,PF00102,Y_phosphatase,670,,900,,matched,explicit_author_bounds,
460,CH,PTR,6f3f,A,238,,,,,,,,outside_pfam_ranges,,outside_pfam_ranges
461,CH,PTR,8fla,LC,22,,PF01775,Ribosomal_L18A,7,,130,,matched,explicit_author_bounds,
462,CH,PTR,8flb,LC,22,,PF01775,Ribosomal_L18A,7,,130,,matched,explicit_author_bounds,
463,CH,PTR,8flc,LC,22,,PF01775,Ribosomal_L18A,7,,130,,matched,explicit_author_bounds,
464,CH,PTR,9hw6,F,154,,,,,,,,no_pdb_chain_mapping,,no_pdb_chain_mapping
465,CH,SEP,3exh,C,62,,PF00676,E1_dh,37,,333,,matched,explicit_author_bounds,
466,CH,SEP,3iaf,A,414,,,,,,,,no_pdb_chain_mapping,,no_pdb_chain_mapping
467,CH,SEP,3tmp,A,278,,PF02338,OTU,219,,337,,matched,explicit_author_bounds,
468,CH,SEP,4isw,A,151,,,,,,,,no_pdb_chain_mapping,,no_pdb_chain_mapping
469,CH,SEP,4nm3,A,178,,PF00069,Pkinase,56,,340,,matched,explicit_author_bounds,
470,CH,SEP,4nm7,A,178,,PF00069,Pkinase,56,,340,,matched,explicit_author_bounds,
471,CH,SEP,4nu1,A,178,,PF00069,Pkinase,56,,340,,matched,explicit_author_bounds,
472,CH,SEP,5jej,A,289,,PF10401,IRF-3,201,,380,,matched,explicit_author_bounds,
473,CH,SEP,5jek,B,289,,PF10401,IRF-3,201,,380,,matched,explicit_author_bounds,
474,CH,SEP,5jel,A,289,,PF10401,IRF-3,201,,380,,matched,explicit_author_bounds,
475,CH,SEP,5jeo,A,289,,PF10401,IRF-3,201,,380,,matched,explicit_author_bounds,
476,CH,SEP,5oat,E,424,,PF00069,Pkinase,162,,481,,matched,explicit_author_bounds,
477,CH,SEP,6b8j,A,178,,PF00069,Pkinase,56,,340,,matched,explicit_author_bounds,
478,CH,SEP,6xbz,H,293,,PF25811,CAK-anch_MAT1,255,,306,,matched,explicit_author_bounds,
479,CH,SEP,6xd3,H,293,,PF25811,CAK-anch_MAT1,255,,306,,matched,explicit_author_bounds,
480,CH,SEP,7nzm,B,172,,PF00149,Metallophos,57,,252,,matched,explicit_author_bounds,
481,CH,SEP,7xbr,A,131,,PF00069,Pkinase,70,,325,,matched,explicit_author_bounds,
482,CH,SEP,8pjn,i,182,,PF10607,CTLH,159,,301,,matched,explicit_author_bounds,
483,CH,SEP,8pyr,C,293,,PF25811,CAK-anch_MAT1,255,,306,,matched,explicit_author_bounds,
484,CH,SEP,8vme,A,178,,PF00069,Pkinase,56,,340,,matched,explicit_author_bounds,
485,CH,SEP,9m6f,A,36,,,,,,,,no_pdb_chain_mapping,,no_pdb_chain_mapping
486,CH,SEP,9n6v,LW,154,,,,,,,,outside_pfam_ranges,,outside_pfam_ranges
487,CH,SEP,9n6w,LW,154,,,,,,,,outside_pfam_ranges,,outside_pfam_ranges
488,CH,SEP,9n6x,LW,154,,,,,,,,outside_pfam_ranges,,outside_pfam_ranges
489,CH,SEP,9n6y,LW,154,,,,,,,,outside_pfam_ranges,,outside_pfam_ranges
490,CH,SEP,9nb9,C,172,,PF00149,Metallophos,57,,252,,matched,explicit_author_bounds,
491,CH,TPO,1j4l,A,650,,PF00498,FHA,601,,681,,matched,explicit_author_bounds,
492,CH,TPO,1k2n,A,650,,PF00498,FHA,601,,681,,matched,explicit_author_bounds,
493,CH,TPO,4bl0,A,240,,,,,,,,outside_pfam_ranges,,outside_pfam_ranges
494,CH,TPO,4nm5,A,178,,PF00069,Pkinase,56,,340,,matched,explicit_author_bounds,
495,CH,TPO,7l74,B,144,,,,,,,,no_pdb_chain_mapping,,no_pdb_chain_mapping
496,CH,TPO,9ejl,B,182,,PF00130,C1_1,141,,193,,matched,inferred_author_end,
497,DEE,PTR,2mmk,A,41,,,,,,,,no_pdb_chain_mapping,,no_pdb_chain_mapping
498,DEE,PTR,2rsy,A,141,,PF00017,SH2,82,,156,,matched,explicit_author_bounds,
499,DEE,PTR,5czh,B,101,,,,,,,,no_pdb_chain_mapping,,no_pdb_chain_mapping
500,DEE,PTR,5njj,C,28,,,,,,,,outside_pfam_ranges,,outside_pfam_ranges
501,DEE,PTR,9t00,B,689,,,,,,,,no_pdb_chain_mapping,,no_pdb_chain_mapping
502,DEE,SEP,1gz2,A,118,,PF00059,Lectin_C,22,,140,,matched,explicit_author_bounds,
503,DEE,SEP,1zeb,A,428,,PF00245,Alk_phosphatase,33,,468,,matched,explicit_author_bounds,
504,DEE,SEP,1zef,A,428,,PF00245,Alk_phosphatase,33,,468,,matched,explicit_author_bounds,
505,DEE,SEP,2glq,A,428,,PF00245,Alk_phosphatase,33,,468,,matched,explicit_author_bounds,
506,DEE,SEP,2rvm,A,16,,,,,,,,outside_pfam_ranges,,outside_pfam_ranges
507,DEE,SEP,2rvn,A,16,,,,,,,,outside_pfam_ranges,,outside_pfam_ranges
508,DEE,SEP,3mk0,A,428,,PF00245,Alk_phosphatase,33,,468,,matched,explicit_author_bounds,
509,DEE,SEP,3mk1,A,428,,PF00245,Alk_phosphatase,33,,468,,matched,explicit_author_bounds,
510,DEE,SEP,3mk2,A,428,,PF00245,Alk_phosphatase,33,,468,,matched,explicit_author_bounds,
511,DEE,SEP,5e50,C,234,,,,,,,,no_pdb_chain_mapping,,no_pdb_chain_mapping
512,DEE,SEP,5hvk,A,374,,PF07714,PK_Tyr_Ser-Thr,339,,604,,matched,explicit_author_bounds,
513,DEE,SEP,6rfl,A,419,,,,,,,,no_pdb_chain_mapping,,no_pdb_chain_mapping
514,DEE,SEP,7aof,A,419,,,,,,,,no_pdb_chain_mapping,,no_pdb_chain_mapping
515,DEE,SEP,8c8h,A,419,,PF00623,RNA_pol_Rpb1_2,279,,440,,matched,explicit_author_bounds,
516,DEE,SEP,8fkp,SS,128,,,,,,,,outside_pfam_ranges,,outside_pfam_ranges
517,DEE,SEP,8fkq,SS,128,,,,,,,,outside_pfam_ranges,,outside_pfam_ranges
518,DEE,SEP,8fkr,SS,128,,,,,,,,outside_pfam_ranges,,outside_pfam_ranges
519,DEE,SEP,8fks,SS,128,,,,,,,,outside_pfam_ranges,,outside_pfam_ranges
520,DEE,SEP,8fkt,,,,,,,,,,missing_token_location,,missing_token_location
521,DEE,SEP,8fku,,,,,,,,,,missing_token_location,,missing_token_location
522,DEE,SEP,8fkv,,,,,,,,,,missing_token_location,,missing_token_location
523,DEE,SEP,8fkw,,,,,,,,,,missing_token_location,,missing_token_location
524,DEE,SEP,8fkx,,,,,,,,,,missing_token_location,,missing_token_location
525,DEE,SEP,8fky,,,,,,,,,,missing_token_location,,missing_token_location
526,DEE,SEP,8rqk,A,419,,PF00623,RNA_pol_Rpb1_2,279,,440,,matched,explicit_author_bounds,
527,DEE,SEP,8z5r,A,381,,PF00723,Glyco_hydro_15,8,,922,,matched,explicit_author_bounds,
528,DEE,SEP,8z5t,M,381,,PF00723,Glyco_hydro_15,8,,922,,matched,explicit_author_bounds,
529,DEE,SEP,9ex9,A,419,,PF00623,RNA_pol_Rpb1_2,279,,440,,matched,explicit_author_bounds,
530,DEE,SEP,9exn,A,419,,PF00623,RNA_pol_Rpb1_2,279,,440,,matched,explicit_author_bounds,
531,DEE,SEP,9fpy,A,419,,PF00623,RNA_pol_Rpb1_2,279,,440,,matched,explicit_author_bounds,
532,DEE,SEP,9fq6,A,419,,PF00623,RNA_pol_Rpb1_2,279,,440,,matched,explicit_author_bounds,
533,DEE,SEP,9if7,SJ,320,,,,,,,,no_pdb_chain_mapping,,no_pdb_chain_mapping
534,DEE,SEP,9if8,SJ,320,,,,,,,,no_pdb_chain_mapping,,no_pdb_chain_mapping
535,DEE,TPO,1yjm,,,,,,,,,,missing_token_location,,missing_token_location
536,DEE,TPO,2mg5,A,118,,PF13499,EF-hand_7,82,,146,,matched,explicit_author_bounds,
537,DEE,TPO,2qvs,B,104,,,,,,,,outside_pfam_ranges,,outside_pfam_ranges
538,DEE,TPO,36ln,,,,,,,,,,missing_token_location,,missing_token_location
539,DEE,TPO,3idb,B,121,,,,,,,,outside_pfam_ranges,,outside_pfam_ranges
540,DEE,TPO,3idc,B,121,,,,,,,,outside_pfam_ranges,,outside_pfam_ranges
541,DEE,TPO,3tl8,D,425,,PF07714,PK_Tyr_Ser-Thr,289,,563,,matched,explicit_author_bounds,
542,DEE,TPO,3tnp,,,,,,,,,,missing_token_location,,missing_token_location
543,DEE,TPO,4wbb,,,,,,,,,,missing_token_location,,missing_token_location
544,DEE,TPO,4x6q,,,,,,,,,,missing_token_location,,missing_token_location
545,DEE,TPO,5e50,D,234,,,,,,,,no_pdb_chain_mapping,,no_pdb_chain_mapping
546,DEE,TPO,5hvk,A,374,,PF07714,PK_Tyr_Ser-Thr,339,,604,,matched,explicit_author_bounds,
547,DEE,TPO,5j7j,A,118,,PF13499,EF-hand_7,82,,146,,matched,explicit_author_bounds,
548,DEE,TPO,5kx7,A,405,,PF07714,PK_Tyr_Ser-Thr,187,,454,,matched,inferred_author_start,
549,DEE,TPO,6o94,D,405,,PF07714,PK_Tyr_Ser-Thr,187,,454,,matched,explicit_author_bounds,
550,DEE,TPO,6o9d,B,405,,PF07714,PK_Tyr_Ser-Thr,187,,454,,matched,explicit_author_bounds,
551,DEE,TPO,7shq,B,118,,PF13499,EF-hand_7,82,,146,,matched,explicit_author_bounds,
552,DEE,TPO,8fny,B,118,,PF13499,EF-hand_7,82,,146,,matched,explicit_author_bounds,
553,DEE,TPO,8fo6,B,118,,PF13499,EF-hand_7,82,,146,,matched,explicit_author_bounds,
554,DEE,TPO,8gm4,B,118,,PF13499,EF-hand_7,82,,146,,matched,explicit_author_bounds,
555,DEE,TPO,8gm5,B,118,,PF13499,EF-hand_7,82,,146,,matched,explicit_author_bounds,
556,DEE,TPO,8r4o,K,103,,PF00069,Pkinase,66,,317,,matched,explicit_author_bounds,
557,DEE,TPO,8r4q,I,103,,PF00069,Pkinase,66,,317,,matched,explicit_author_bounds,
558,DEE,TPO,8r4u,A,103,,PF00069,Pkinase,66,,317,,matched,explicit_author_bounds,
559,DEE,TPO,8r4v,B,103,,PF00069,Pkinase,66,,317,,matched,explicit_author_bounds,
560,DEE,TPO,8tvn,D,405,,PF07714,PK_Tyr_Ser-Thr,187,,454,,matched,explicit_author_bounds,
561,DEE,TPO,8v1o,A,405,,PF07714,PK_Tyr_Ser-Thr,187,,454,,matched,explicit_author_bounds,
562,DEE,TPO,8v2f,D,405,,PF07714,PK_Tyr_Ser-Thr,187,,454,,matched,explicit_author_bounds,
563,DEE,TPO,8xqw,S,108,,,,,,,,no_pdb_chain_mapping,,no_pdb_chain_mapping
564,DEE,TPO,8xqx,S,108,,,,,,,,no_pdb_chain_mapping,,no_pdb_chain_mapping
565,DEE,TPO,9fjh,C,83,,,,,,,,no_pdb_chain_mapping,,no_pdb_chain_mapping
566,DEE,TPO,9fjj,U,83,,,,,,,,no_pdb_chain_mapping,,no_pdb_chain_mapping
567,DEE,TPO,9na3,H0A0,405,,PF07714,PK_Tyr_Ser-Thr,187,,454,,matched,explicit_author_bounds,
568,DEE,TPO,9na4,D,405,,PF07714,PK_Tyr_Ser-Thr,187,,454,,matched,explicit_author_bounds,
569,DEE,TPO,9ocw,A,44,,PF13499,EF-hand_7,8,,72,,matched,explicit_author_bounds,
570,DEE,TPO,9pcq,B00A,118,,PF13499,EF-hand_7,82,,146,,matched,explicit_author_bounds,
571,DGK,PTR,4aze,B,410,,PF00069,Pkinase,159,,479,,matched,explicit_author_bounds,
572,DGK,PTR,4jmg,A,188,,,,,,,,no_pdb_chain_mapping,,no_pdb_chain_mapping
573,DGK,PTR,6uip,,,,,,,,,,missing_token_location,,missing_token_location
574,DGK,PTR,7z5n,,,,,,,,,,missing_token_location,,missing_token_location
575,DGK,PTR,8c3q,,,,,,,,,,missing_token_location,,missing_token_location
576,DGK,PTR,8c3r,A,410,,PF00069,Pkinase,159,,479,,matched,explicit_author_bounds,
577,DGK,PTR,8yev,A,410,,PF00069,Pkinase,159,,479,,matched,explicit_author_bounds,
578,DGK,PTR,9fpx,,,,,,,,,,missing_token_location,,missing_token_location
579,DGK,SEP,1u5q,A,203,,PF00069,Pkinase,28,,281,,matched,explicit_author_bounds,
580,DGK,SEP,1u5r,A,203,,PF00069,Pkinase,28,,281,,matched,explicit_author_bounds,
581,DGK,SEP,22cr,A,290,,PF02752,Arrestin_C,193,,356,,matched,inferred_author_end,
582,DGK,SEP,22gk,A,290,,PF02752,Arrestin_C,193,,352,,matched,explicit_author_bounds,
583,DGK,SEP,2ak7,A,38,,PF00381,PTS-HPr,2,,83,,matched,explicit_author_bounds,
584,DGK,SEP,2gcd,B,203,,PF00069,Pkinase,28,,281,,matched,explicit_author_bounds,
585,DGK,SEP,4aze,A,410,,PF00069,Pkinase,159,,479,,matched,explicit_author_bounds,
586,DGK,SEP,4pu3,B,141,,,,,,,,outside_pfam_ranges,,outside_pfam_ranges
587,DGK,SEP,5w0p,A,2297,,PF02752,Arrestin_C,2200,,2361,,matched,explicit_author_bounds,
588,DGK,SEP,7srs,C,290,,PF02752,Arrestin_C,193,,348,,matched,explicit_author_bounds,
589,DGK,SEP,7vcf,T,587,,,,,,,,outside_pfam_ranges,,outside_pfam_ranges
590,DGK,SEP,8go9,F,291,,PF02752,Arrestin_C,194,,349,,matched,explicit_author_bounds,
591,DGK,SEP,8gp3,B,290,,PF02752,Arrestin_C,193,,356,,matched,explicit_author_bounds,
592,DGK,SEP,8j8v,F,291,,PF02752,Arrestin_C,194,,349,,matched,explicit_author_bounds,
593,DGK,SEP,8j8z,B,290,,PF02752,Arrestin_C,193,,356,,matched,explicit_author_bounds,
594,DGK,SEP,8w5e,c,14,,,,,,,,no_pdb_chain_mapping,,no_pdb_chain_mapping
595,DGK,SEP,9ii2,A,290,,PF02752,Arrestin_C,193,,356,,matched,explicit_author_bounds,
596,DGK,SEP,9ii3,A,290,,PF02752,Arrestin_C,193,,356,,matched,explicit_author_bounds,
597,DGK,TPO,22gl,A,290,,PF02752,Arrestin_C,193,,352,,matched,inferred_author_start,
598,DGK,TPO,22gm,A,290,,PF02752,Arrestin_C,193,,352,,matched,explicit_author_bounds,
599,DGK,TPO,22jx,D,290,,,,,,,,no_pdb_chain_mapping,,no_pdb_chain_mapping
600,DGK,TPO,22jz,C,290,,,,,,,,no_pdb_chain_mapping,,no_pdb_chain_mapping
601,DGK,TPO,25gn,C,290,,PF02752,Arrestin_C,193,,356,,matched,explicit_author_bounds,
602,DGK,TPO,27em,B,290,,PF02752,Arrestin_C,193,,356,,matched,explicit_author_bounds,
603,DGK,TPO,2a19,B,442,,PF00069,Pkinase,267,,537,,matched,explicit_author_bounds,
604,DGK,TPO,2a1a,B,442,,PF00069,Pkinase,267,,537,,matched,explicit_author_bounds,
605,DGK,TPO,4jqi,A,290,,PF02752,Arrestin_C,193,,356,,matched,explicit_author_bounds,
606,DGK,TPO,4wno,A,199,,PF00069,Pkinase,16,,278,,matched,explicit_author_bounds,
607,DGK,TPO,4wnp,D,199,,PF00069,Pkinase,16,,278,,matched,explicit_author_bounds,
608,DGK,TPO,5ci7,A,199,,PF00069,Pkinase,16,,278,,matched,explicit_author_bounds,
609,DGK,TPO,6ni2,B,290,,PF02752,Arrestin_C,193,,356,,matched,explicit_author_bounds,
610,DGK,TPO,6qas,A,199,,PF00069,Pkinase,16,,278,,matched,explicit_author_bounds,
611,DGK,TPO,6tko,B,290,,PF02752,Arrestin_C,193,,356,,matched,explicit_author_bounds,
612,DGK,TPO,6u1n,C,290,,PF02752,Arrestin_C,193,,356,,matched,explicit_author_bounds,
613,DGK,TPO,7df9,A,290,,PF02752,Arrestin_C,193,,356,,matched,explicit_author_bounds,
614,DGK,TPO,7dfa,A,290,,PF02752,Arrestin_C,193,,356,,matched,explicit_author_bounds,
615,DGK,TPO,7dfb,A,290,,PF02752,Arrestin_C,193,,356,,matched,explicit_author_bounds,
616,DGK,TPO,7dfc,A,290,,PF02752,Arrestin_C,193,,356,,matched,explicit_author_bounds,
617,DGK,TPO,7r0c,C,290,,PF02752,Arrestin_C,193,,356,,matched,explicit_author_bounds,
618,DGK,TPO,7r0j,C,290,,PF02752,Arrestin_C,193,,356,,matched,explicit_author_bounds,
619,DGK,TPO,7vcf,T,587,,,,,,,,outside_pfam_ranges,,outside_pfam_ranges
620,DGK,TPO,8as3,A,290,,PF02752,Arrestin_C,193,,356,,matched,explicit_author_bounds,
621,DGK,TPO,8fe5,,,,,,,,,,missing_token_location,,missing_token_location
622,DGK,TPO,8fec,,,,,,,,,,missing_token_location,,missing_token_location
623,DGK,TPO,8go8,A,290,,PF02752,Arrestin_C,193,,356,,matched,explicit_author_bounds,
624,DGK,TPO,8goc,C,291,,PF02752,Arrestin_C,194,,349,,matched,explicit_author_bounds,
625,DGK,TPO,8goo,C,291,,PF02752,Arrestin_C,194,,349,,matched,explicit_author_bounds,
626,DGK,TPO,8i0n,B,290,,PF02752,Arrestin_C,193,,356,,matched,explicit_author_bounds,
627,DGK,TPO,8i0z,B,291,,PF02752,Arrestin_C,194,,349,,matched,explicit_author_bounds,
628,DGK,TPO,8i10,B,291,,PF02752,Arrestin_C,194,,349,,matched,explicit_author_bounds,
629,DGK,TPO,8j8r,B,291,,PF02752,Arrestin_C,194,,349,,matched,explicit_author_bounds,
630,DGK,TPO,8j97,A,290,,PF02752,Arrestin_C,193,,356,,matched,explicit_author_bounds,
631,DGK,TPO,8ja3,B,290,,PF02752,Arrestin_C,193,,356,,matched,explicit_author_bounds,
632,DGK,TPO,8jaf,A,290,,PF02752,Arrestin_C,193,,356,,matched,inferred_author_start,
633,DGK,TPO,8jru,A,290,,PF02752,Arrestin_C,193,,356,,matched,explicit_author_bounds,
634,DGK,TPO,8jrv,A,290,,PF02752,Arrestin_C,193,,356,,matched,explicit_author_bounds,
635,DGK,TPO,8p5g,A,199,,PF00069,Pkinase,16,,278,,matched,explicit_author_bounds,
636,DGK,TPO,8p5h,A,199,,PF00069,Pkinase,16,,278,,matched,explicit_author_bounds,
637,DGK,TPO,8p5i,D,199,,PF00069,Pkinase,16,,278,,matched,explicit_author_bounds,
638,DGK,TPO,8p5j,A,199,,PF00069,Pkinase,16,,278,,matched,explicit_author_bounds,
639,DGK,TPO,8p5k,D,199,,PF00069,Pkinase,16,,278,,matched,explicit_author_bounds,
640,DGK,TPO,8p5l,A,199,,PF00069,Pkinase,16,,278,,matched,explicit_author_bounds,
641,DGK,TPO,8qel,B,442,,PF00069,Pkinase,267,,537,,matched,explicit_author_bounds,
642,DGK,TPO,8sv9,A,199,,PF00069,Pkinase,16,,278,,matched,explicit_author_bounds,
643,DGK,TPO,8tii,A,290,,PF02752,Arrestin_C,193,,356,,matched,explicit_author_bounds,
644,DGK,TPO,8til,A,291,,PF02752,Arrestin_C,194,,349,,matched,inferred_author_start,
645,DGK,TPO,8tin,A,291,,PF02752,Arrestin_C,194,,349,,matched,inferred_author_start,
646,DGK,TPO,8tio,A,290,,PF02752,Arrestin_C,193,,356,,matched,inferred_author_start,
647,DGK,TPO,8vj9,A,291,,PF02752,Arrestin_C,186,,349,,matched,inferred_author_start,
648,DGK,TPO,8wrz,A,290,,PF02752,Arrestin_C,193,,356,,matched,explicit_author_bounds,
649,DGK,TPO,8wu1,C,290,,PF02752,Arrestin_C,193,,356,,matched,explicit_author_bounds,
650,DGK,TPO,8zyt,B,289,,PF02752,Arrestin_C,192,,355,,matched,explicit_author_bounds,
651,DGK,TPO,8zyu,B,289,,PF02752,Arrestin_C,192,,355,,matched,explicit_author_bounds,
652,DGK,TPO,8zyy,B,289,,PF02752,Arrestin_C,192,,355,,matched,explicit_author_bounds,
653,DGK,TPO,9bt8,B,290,,PF02752,Arrestin_C,193,,356,,matched,explicit_author_bounds,
654,DGK,TPO,9cx3,B,290,,PF02752,Arrestin_C,193,,356,,matched,explicit_author_bounds,
655,DGK,TPO,9cx9,A,290,,PF02752,Arrestin_C,193,,356,,matched,inferred_author_start,
656,DGK,TPO,9e82,A,290,,PF02752,Arrestin_C,193,,356,,matched,explicit_author_bounds,
657,DGK,TPO,9ijr,C,290,,PF02752,Arrestin_C,193,,356,,matched,explicit_author_bounds,
658,DGK,TPO,9ijs,C,290,,PF02752,Arrestin_C,193,,356,,matched,explicit_author_bounds,
659,DGK,TPO,9kuv,A,290,,,,,,,,no_pdb_chain_mapping,,no_pdb_chain_mapping
660,DGK,TPO,9kuw,B,290,,,,,,,,no_pdb_chain_mapping,,no_pdb_chain_mapping
661,DGK,TPO,9kux,A,290,,,,,,,,no_pdb_chain_mapping,,no_pdb_chain_mapping
662,DGK,TPO,9ky2,F,291,,PF02752,Arrestin_C,194,,349,,matched,explicit_author_bounds,
663,DGK,TPO,9kyu,D,290,,PF02752,Arrestin_C,193,,356,,matched,explicit_author_bounds,
664,DGK,TPO,9lxp,B,290,,PF02752,Arrestin_C,193,,356,,matched,explicit_author_bounds,
665,DGK,TPO,9lxr,B,290,,PF02752,Arrestin_C,193,,356,,matched,explicit_author_bounds,
666,DGK,TPO,9ly2,B,290,,PF02752,Arrestin_C,193,,356,,matched,explicit_author_bounds,
667,DGK,TPO,9ly3,B,290,,PF02752,Arrestin_C,193,,356,,matched,explicit_author_bounds,
668,DGK,TPO,9lz1,A,290,,PF02752,Arrestin_C,193,,356,,matched,explicit_author_bounds,
669,DGK,TPO,9lz2,A,290,,PF02752,Arrestin_C,193,,356,,matched,explicit_author_bounds,
670,DGK,TPO,9m0d,B,289,,PF02752,Arrestin_C,192,,355,,matched,explicit_author_bounds,
671,DGK,TPO,9mba,C,290,,PF02752,Arrestin_C,193,,356,,matched,inferred_author_start,
672,DGK,TPO,9nfs,,,,,,,,,,missing_token_location,,missing_token_location
673,DGK,TPO,9se8,B,199,,PF00069,Pkinase,16,,278,,matched,explicit_author_bounds,
674,DGK,TPO,9uyh,A,290,,PF02752,Arrestin_C,193,,356,,matched,inferred_author_start,
675,DGK,TPO,9uyi,A,290,,PF02752,Arrestin_C,193,,356,,matched,inferred_author_start,
676,DGK,TPO,9uyj,A,290,,PF02752,Arrestin_C,193,,356,,matched,inferred_author_start,
677,DGK,TPO,9uyl,A,290,,PF02752,Arrestin_C,193,,356,,matched,inferred_author_start,
678,DGK,TPO,9uym,A,291,,PF02752,Arrestin_C,194,,349,,matched,inferred_author_start,
679,DGK,TPO,9uyn,A,290,,PF02752,Arrestin_C,193,,356,,matched,inferred_author_start,
680,DGK,TPO,9wsv,C,290,,PF02752,Arrestin_C,193,,356,,matched,explicit_author_bounds,
681,DGK,TPO,9wsx,C,290,,PF02752,Arrestin_C,193,,356,,matched,explicit_author_bounds,
682,DGK,TPO,9zzo,C,290,,PF02752,Arrestin_C,193,,348,,matched,explicit_author_bounds,
683,EDA,PTR,1qpd,A,390,,PF07714,PK_Tyr_Ser-Thr,245,,494,,matched,explicit_author_bounds,
684,EDA,PTR,6b67,B,37,,PF00481,PP2C,22,,284,,matched,explicit_author_bounds,
685,EDA,SEP,3p9y,C,147,,PF04722,Ssu72,7,,195,,matched,explicit_author_bounds,
686,EDA,SEP,4imi,D,147,,PF04722,Ssu72,7,,195,,matched,explicit_author_bounds,
687,EDA,SEP,4imj,D,147,,PF04722,Ssu72,7,,195,,matched,explicit_author_bounds,
688,EDA,SEP,6b67,A,37,,PF00481,PP2C,22,,284,,matched,explicit_author_bounds,
689,EDA,SEP,6iht,A,16,,,,,,,,no_pdb_chain_mapping,,no_pdb_chain_mapping
690,EDA,SEP,6npw,D,147,,PF04722,Ssu72,7,,195,,matched,explicit_author_bounds,
691,EDA,SEP,6zka,k,229,,,,,,,,no_pdb_chain_mapping,,no_pdb_chain_mapping
692,EDA,SEP,6zkb,k,229,,,,,,,,no_pdb_chain_mapping,,no_pdb_chain_mapping
693,EDA,SEP,6zkc,k,229,,,,,,,,no_pdb_chain_mapping,,no_pdb_chain_mapping
694,EDA,SEP,6zkd,k,229,,,,,,,,no_pdb_chain_mapping,,no_pdb_chain_mapping
695,EDA,SEP,6zke,k,229,,,,,,,,no_pdb_chain_mapping,,no_pdb_chain_mapping
696,EDA,SEP,6zkf,k,229,,,,,,,,no_pdb_chain_mapping,,no_pdb_chain_mapping
697,EDA,SEP,6zkg,k,229,,,,,,,,no_pdb_chain_mapping,,no_pdb_chain_mapping
698,EDA,SEP,6zkh,k,229,,,,,,,,no_pdb_chain_mapping,,no_pdb_chain_mapping
699,EDA,SEP,6zki,k,229,,,,,,,,no_pdb_chain_mapping,,no_pdb_chain_mapping
700,EDA,SEP,6zkj,k,229,,,,,,,,no_pdb_chain_mapping,,no_pdb_chain_mapping
701,EDA,SEP,6zkk,k,229,,,,,,,,no_pdb_chain_mapping,,no_pdb_chain_mapping
702,EDA,SEP,6zkl,k,229,,,,,,,,no_pdb_chain_mapping,,no_pdb_chain_mapping
703,EDA,SEP,6zkm,k,229,,,,,,,,no_pdb_chain_mapping,,no_pdb_chain_mapping
704,EDA,SEP,6zkn,k,229,,,,,,,,no_pdb_chain_mapping,,no_pdb_chain_mapping
705,EDA,SEP,6zko,k,229,,,,,,,,no_pdb_chain_mapping,,no_pdb_chain_mapping
706,EDA,SEP,6zkp,k,229,,,,,,,,no_pdb_chain_mapping,,no_pdb_chain_mapping
707,EDA,SEP,6zkq,k,229,,,,,,,,no_pdb_chain_mapping,,no_pdb_chain_mapping
708,EDA,SEP,6zkr,k,229,,,,,,,,no_pdb_chain_mapping,,no_pdb_chain_mapping
709,EDA,SEP,6zks,k,229,,,,,,,,no_pdb_chain_mapping,,no_pdb_chain_mapping
710,EDA,SEP,6zkt,k,229,,,,,,,,no_pdb_chain_mapping,,no_pdb_chain_mapping
711,EDA,SEP,6zku,k,229,,,,,,,,no_pdb_chain_mapping,,no_pdb_chain_mapping
712,EDA,SEP,6zkv,k,229,,,,,,,,no_pdb_chain_mapping,,no_pdb_chain_mapping
713,EDA,SEP,7zd6,k,229,,,,,,,,no_pdb_chain_mapping,,no_pdb_chain_mapping
714,EDA,SEP,7zdh,k,229,,,,,,,,no_pdb_chain_mapping,,no_pdb_chain_mapping
715,EDA,SEP,7zdj,k,229,,,,,,,,no_pdb_chain_mapping,,no_pdb_chain_mapping
716,EDA,SEP,7zdm,k,229,,,,,,,,no_pdb_chain_mapping,,no_pdb_chain_mapping
717,EDA,SEP,7zdp,k,229,,,,,,,,no_pdb_chain_mapping,,no_pdb_chain_mapping
718,EDA,SEP,7zeb,k,229,,,,,,,,no_pdb_chain_mapping,,no_pdb_chain_mapping
719,EDA,SEP,8xqw,S,88,,,,,,,,no_pdb_chain_mapping,,no_pdb_chain_mapping
720,EDA,SEP,8xqx,S,88,,,,,,,,no_pdb_chain_mapping,,no_pdb_chain_mapping
721,EDA,SEP,9r01,k,229,,,,,,,,no_pdb_chain_mapping,,no_pdb_chain_mapping
722,EDA,TPO,2qcs,B,106,,,,,,,,outside_pfam_ranges,,outside_pfam_ranges
723,EDA,TPO,3pvb,B,106,,,,,,,,outside_pfam_ranges,,outside_pfam_ranges
724,EDA,TPO,4din,B,106,,,,,,,,outside_pfam_ranges,,outside_pfam_ranges
725,EDA,TPO,4x6r,B,106,,,,,,,,outside_pfam_ranges,,outside_pfam_ranges
726,EDA,TPO,4ym4,B,5,,,,,,,,no_pdb_chain_mapping,,no_pdb_chain_mapping
727,EDA,TPO,5jr7,D,106,,,,,,,,outside_pfam_ranges,,outside_pfam_ranges
728,EDA,TPO,6bdl,B,337,,,,,,,,outside_pfam_ranges,,outside_pfam_ranges
729,EDA,TPO,6bg2,A,337,,,,,,,,outside_pfam_ranges,,outside_pfam_ranges
730,EDA,TPO,6byr,B,106,,,,,,,,outside_pfam_ranges,,outside_pfam_ranges
731,EDA,TPO,6bys,D,106,,,,,,,,outside_pfam_ranges,,outside_pfam_ranges
732,EDA,TPO,6no7,D,106,,,,,,,,outside_pfam_ranges,,outside_pfam_ranges
733,EDA,TPO,8xqw,S,88,,,,,,,,no_pdb_chain_mapping,,no_pdb_chain_mapping
734,EDA,TPO,8xqx,S,88,,,,,,,,no_pdb_chain_mapping,,no_pdb_chain_mapping
735,EDA,TPO,9edc,B,106,,,,,,,,outside_pfam_ranges,,outside_pfam_ranges
736,EDA,TPO,9edd,B,106,,,,,,,,outside_pfam_ranges,,outside_pfam_ranges
737,EDA,TPO,9o7v,B,106,,,,,,,,outside_pfam_ranges,,outside_pfam_ranges
738,EGM,SEP,6djw,,,,,,,,,,missing_token_location,,missing_token_location
739,EGM,SEP,7d44,L,42,,PF00575,S1,13,,87,,matched,explicit_author_bounds,
740,EGM,SEP,7d45,K,42,,PF00575,S1,13,,87,,matched,explicit_author_bounds,
741,EGM,SEP,7vcf,T,553,,,,,,,,outside_pfam_ranges,,outside_pfam_ranges
742,EGM,SEP,8ekg,B,230,,PF07519,Tannase,92,,600,,matched,explicit_author_bounds,
743,EGM,TPO,4crs,A,806,,PF00069,Pkinase,657,,916,,matched,explicit_author_bounds,
744,EGM,TPO,4otd,A,770,,PF00069,Pkinase,621,,880,,matched,explicit_author_bounds,
745,EGM,TPO,4otg,A,770,,PF00069,Pkinase,621,,880,,matched,explicit_author_bounds,
746,ELD,PTR,2zoq,A,351,,,,,,,,outside_pfam_ranges,,outside_pfam_ranges
747,ELD,PTR,3eb0,C,50,,PF00069,Pkinase,9,,325,,matched,explicit_author_bounds,
748,ELD,PTR,6roy,C,3,,,,,,,,no_pdb_chain_mapping,,no_pdb_chain_mapping
749,ELD,PTR,7r06,C,39,,,,,,,,no_pdb_chain_mapping,,no_pdb_chain_mapping
750,ELD,PTR,7r07,B,39,,,,,,,,no_pdb_chain_mapping,,no_pdb_chain_mapping
751,ELD,PTR,9hw6,A,69,,,,,,,,no_pdb_chain_mapping,,no_pdb_chain_mapping
752,ELD,SEP,1h4x,A,20,,,,,,,,no_pdb_chain_mapping,,no_pdb_chain_mapping
753,ELD,SEP,2jkr,I,100,,PF01217,Clat_adaptor_s,1,,142,,matched,explicit_author_bounds,
754,ELD,SEP,2jkt,S,100,,PF01217,Clat_adaptor_s,1,,142,,matched,explicit_author_bounds,
755,ELD,SEP,3q4a,B,89,,PF12895,ANAPC3,40,,121,,matched,explicit_author_bounds,
756,ELD,SEP,4ckt,C,6,,,,,,,,no_pdb_chain_mapping,,no_pdb_chain_mapping
757,ELD,SEP,4cse,,,,,,,,,,missing_token_location,,missing_token_location
758,ELD,SEP,4icd,A,121,,PF00180,Iso_dh,28,,412,,matched,explicit_author_bounds,
759,ELD,SEP,4j6s,F,506,,,,,,,,unresolvable_author_bounds,,unresolvable_author_bounds
760,ELD,SEP,4kik,,,,,,,,,,missing_token_location,,missing_token_location
761,ELD,SEP,4psi,A,109,,PF08190,PIH1,51,,174,,matched,explicit_author_bounds,
762,ELD,SEP,5d3f,B,204,,PF00244,14-3-3,9,,231,,matched,explicit_author_bounds,
763,ELD,SEP,6eww,,,,,,,,,,missing_token_location,,missing_token_location
764,ELD,SEP,6f08,I,202,,PF00244,14-3-3,9,,229,,matched,explicit_author_bounds,
765,ELD,SEP,6hep,,,,,,,,,,missing_token_location,,missing_token_location
766,ELD,SEP,6jhk,B,22,,PF01740,STAS,5,,111,,matched,explicit_author_bounds,
767,ELD,SEP,6qh6,S,100,,PF01217,Clat_adaptor_s,1,,142,,matched,explicit_author_bounds,
768,ELD,SEP,6qh7,S,100,,PF01217,Clat_adaptor_s,1,,142,,matched,explicit_author_bounds,
769,ELD,SEP,6qk8,,,,,,,,,,missing_token_location,,missing_token_location
770,ELD,SEP,7qi1,,,,,,,,,,missing_token_location,,missing_token_location
771,ELD,SEP,7qux,A,264,,PF00069,Pkinase,39,,324,,matched,explicit_author_bounds,
772,ELD,SEP,7vec,,,,,,,,,,missing_token_location,,missing_token_location
773,ELD,TPO,2erk,A,332,,,,,,,,outside_pfam_ranges,,outside_pfam_ranges
774,ELD,TPO,3zuv,A,332,,,,,,,,outside_pfam_ranges,,outside_pfam_ranges
775,ELD,TPO,4iza,,,,,,,,,,missing_token_location,,missing_token_location
776,ELD,TPO,5v60,A,334,,,,,,,,outside_pfam_ranges,,outside_pfam_ranges
777,ELD,TPO,5v61,A,334,,,,,,,,outside_pfam_ranges,,outside_pfam_ranges
778,ELD,TPO,5v62,A,334,,,,,,,,outside_pfam_ranges,,outside_pfam_ranges
779,ELD,TPO,6i2p,D,32,,,,,,,,outside_pfam_ranges,,outside_pfam_ranges
780,ELD,TPO,6opg,A,332,,,,,,,,outside_pfam_ranges,,outside_pfam_ranges
781,ELD,TPO,6oph,A,332,,,,,,,,outside_pfam_ranges,,outside_pfam_ranges
782,ELD,TPO,6opk,A,332,,,,,,,,outside_pfam_ranges,,outside_pfam_ranges
783,ELD,TPO,7b0u,S,248,,,,,,,,no_pdb_chain_mapping,,no_pdb_chain_mapping
784,ELD,TPO,7l74,B,58,,,,,,,,no_pdb_chain_mapping,,no_pdb_chain_mapping
785,ELD,TPO,7opm,A,334,,,,,,,,outside_pfam_ranges,,outside_pfam_ranges
786,ELD,TPO,7tuj,A,1577,,,,,,,,no_pdb_chain_mapping,,no_pdb_chain_mapping
787,ELD,TPO,8u8j,A,332,,,,,,,,outside_pfam_ranges,,outside_pfam_ranges
788,ELD,TPO,8u8k,A,332,,,,,,,,outside_pfam_ranges,,outside_pfam_ranges
789,FDP,SEP,3ga7,A,261,,PF07859,Abhydrolase_3,87,,296,,matched,explicit_author_bounds,
790,FDP,SEP,5ods,E,563,,PF25777,Aurora-A_bind_TACC3,550,,563,,matched,explicit_author_bounds,
791,FDP,TPO,2mmk,A,58,,,,,,,,no_pdb_chain_mapping,,no_pdb_chain_mapping
792,FDP,TPO,3al3,A,1300,,PF00533,BRCT,1264,,1338,,matched,inferred_author_start,
793,FDP,TPO,7dz7,Z,186,,,,,,,,no_pdb_chain_mapping,,no_pdb_chain_mapping
794,FDP,TPO,7dz8,Z,186,,,,,,,,no_pdb_chain_mapping,,no_pdb_chain_mapping
795,FDP,TPO,8hpo,F,8,,,,,,,,outside_pfam_ranges,,outside_pfam_ranges
796,FDP,TPO,9jzr,f,218,,,,,,,,no_pdb_chain_mapping,,no_pdb_chain_mapping
797,FGG,SEP,1gkk,B,950,,,,,,,,no_pdb_chain_mapping,,no_pdb_chain_mapping
798,FGG,SEP,1jdy,B,256,,PF02879,PGM_PMM_II,192,,300,,matched,explicit_author_bounds,
799,FGG,SEP,1vkl,A,256,,PF02879,PGM_PMM_II,192,,300,,matched,explicit_author_bounds,
800,FGG,SEP,3pmg,A,256,,PF02879,PGM_PMM_II,192,,300,,matched,explicit_author_bounds,
801,FGG,SEP,3zi7,A,950,,,,,,,,no_pdb_chain_mapping,,no_pdb_chain_mapping
802,FGG,SEP,4bag,A,950,,,,,,,,no_pdb_chain_mapping,,no_pdb_chain_mapping
803,FGG,SEP,4h35,A,950,,,,,,,,no_pdb_chain_mapping,,no_pdb_chain_mapping
804,FGG,SEP,4jdh,B,3,,,,,,,,no_pdb_chain_mapping,,no_pdb_chain_mapping
805,FGG,SEP,4kk4,A,120,,PF01451,LMWPc,3,,142,,matched,explicit_author_bounds,
806,FGG,SEP,5fxm,A,950,,,,,,,,no_pdb_chain_mapping,,no_pdb_chain_mapping
807,FGG,SEP,5jn5,A,257,,PF02879,PGM_PMM_II,193,,301,,matched,explicit_author_bounds,
808,FGG,SEP,5tr2,B,257,,PF02879,PGM_PMM_II,193,,301,,matched,explicit_author_bounds,
809,FGG,SEP,5vbi,A,257,,PF02879,PGM_PMM_II,193,,301,,matched,explicit_author_bounds,
810,FGG,SEP,5vg7,A,257,,PF02879,PGM_PMM_II,193,,301,,matched,explicit_author_bounds,
811,FGG,SEP,6fj4,A,950,,,,,,,,no_pdb_chain_mapping,,no_pdb_chain_mapping
812,FGG,SEP,6sno,A,275,,PF02879,PGM_PMM_II,211,,319,,matched,explicit_author_bounds,
813,FGG,SEP,6snq,A,275,,PF02879,PGM_PMM_II,211,,319,,matched,explicit_author_bounds,
814,FGG,SEP,6y8g,AAA,162,,,,,,,,no_pdb_chain_mapping,,no_pdb_chain_mapping
815,FGG,SEP,6y8y,A,261,,PF02879,PGM_PMM_II,197,,305,,matched,explicit_author_bounds,
816,FGG,SEP,6y8z,A,261,,PF02879,PGM_PMM_II,197,,305,,matched,explicit_author_bounds,
817,FGG,SEP,7vcf,C,364,,,,,,,,no_pdb_chain_mapping,,no_pdb_chain_mapping
818,FGG,SEP,8xqw,T,23,,,,,,,,no_pdb_chain_mapping,,no_pdb_chain_mapping
819,FGG,SEP,8xqx,T,23,,,,,,,,no_pdb_chain_mapping,,no_pdb_chain_mapping
820,FGG,SEP,8z5r,A,594,,PF00723,Glyco_hydro_15,8,,922,,matched,explicit_author_bounds,
821,FGG,SEP,8z5t,I,594,,PF00723,Glyco_hydro_15,8,,922,,matched,explicit_author_bounds,
822,FGG,TPO,5e2v,L,103,,,,,,,,no_pdb_chain_mapping,,no_pdb_chain_mapping
823,FGG,TPO,5e2w,L,103,,,,,,,,no_pdb_chain_mapping,,no_pdb_chain_mapping
824,FGG,TPO,5n10,C,581,,,,,,,,no_pdb_chain_mapping,,no_pdb_chain_mapping
825,FGG,TPO,5vax,B,153,,PF00452,Bcl-2,97,,195,,matched,explicit_author_bounds,
826,FGG,TPO,6dcn,A,146,,PF00452,Bcl-2,90,,188,,matched,explicit_author_bounds,
827,FGG,TPO,6i2p,A,19,,PF00069,Pkinase,11,,273,,matched,explicit_author_bounds,
828,GDD,PTR,6qtc,A,37,,PF14633,SH2_2,0,,187,,matched,inferred_author_start,
829,GDD,PTR,7nxe,,,,,,,,,,missing_token_location,,missing_token_location
830,GDD,SEP,3d9n,B,104,,PF04818,CID,5,,131,,matched,explicit_author_bounds,
831,GDD,SEP,3q4a,B,133,,,,,,,,outside_pfam_ranges,,outside_pfam_ranges
832,GDD,SEP,6bb4,H,53,,,,,,,,no_pdb_chain_mapping,,no_pdb_chain_mapping
833,GDD,SEP,7m68,A,918,,,,,,,,outside_pfam_ranges,,outside_pfam_ranges
834,GDD,SEP,8tvn,,,,,,,,,,missing_token_location,,missing_token_location
835,GDD,SEP,8z5r,A,126,,PF00723,Glyco_hydro_15,8,,922,,matched,explicit_author_bounds,
836,GDD,SEP,8z5t,A,126,,PF00723,Glyco_hydro_15,8,,922,,matched,explicit_author_bounds,
837,GDD,SEP,9ayc,A,918,,,,,,,,outside_pfam_ranges,,outside_pfam_ranges
838,GDD,TPO,5vko,A,1287,,PF00017,SH2,1258,,1339,,matched,explicit_author_bounds,
839,GDD,TPO,5w0p,,,,,,,,,,missing_token_location,,missing_token_location
840,GDD,TPO,8tvn,,,,,,,,,,missing_token_location,,missing_token_location
841,GDD,TPO,9dyb,A,132,,,,,,,,outside_pfam_ranges,,outside_pfam_ranges
842,GDF,PTR,1aya,A,39,,PF00017,SH2,6,,81,,matched,explicit_author_bounds,
843,GDF,PTR,1ayb,A,39,,PF00017,SH2,6,,81,,matched,explicit_author_bounds,
844,GDF,PTR,1ayc,A,39,,PF00017,SH2,6,,81,,matched,explicit_author_bounds,
845,GDF,PTR,1bm2,A,93,,PF00017,SH2,60,,135,,matched,explicit_author_bounds,
846,GDF,PTR,1bmb,A,93,,PF00017,SH2,60,,135,,matched,explicit_author_bounds,
847,GDF,PTR,1fyr,A,93,,PF00017,SH2,60,,135,,matched,explicit_author_bounds,
848,GDF,PTR,1jyq,A,93,,PF00017,SH2,60,,135,,matched,explicit_author_bounds,
849,GDF,PTR,1jyr,A,93,,PF00017,SH2,60,,135,,matched,explicit_author_bounds,
850,GDF,PTR,1qg1,E,38,,PF00017,SH2,5,,80,,matched,explicit_author_bounds,
851,GDF,PTR,1r1p,C,92,,PF00017,SH2,60,,134,,matched,explicit_author_bounds,
852,GDF,PTR,1r1q,A,92,,PF00017,SH2,60,,134,,matched,explicit_author_bounds,
853,GDF,PTR,1r1s,A,92,,PF00017,SH2,60,,134,,matched,explicit_author_bounds,
854,GDF,PTR,1tze,E,93,,PF00017,SH2,60,,135,,matched,explicit_author_bounds,
855,GDF,PTR,1u54,A,269,,PF07714,PK_Tyr_Ser-Thr,126,,385,,matched,explicit_author_bounds,
856,GDF,PTR,1zfp,E,93,,PF00017,SH2,60,,135,,matched,explicit_author_bounds,
857,GDF,PTR,2h5k,A,93,,PF00017,SH2,60,,135,,matched,explicit_author_bounds,
858,GDF,PTR,2rmx,A,41,,PF00017,SH2,8,,92,,matched,explicit_author_bounds,
859,GDF,PTR,2yu7,A,41,,PF00017,SH2,8,,92,,matched,explicit_author_bounds,
860,GDF,PTR,3bu5,A,1149,,PF07714,PK_Tyr_Ser-Thr,996,,1263,,matched,explicit_author_bounds,
861,GDF,PTR,3bu6,A,1149,,PF07714,PK_Tyr_Ser-Thr,996,,1263,,matched,explicit_author_bounds,
862,GDF,PTR,3f5p,H,1152,,PF07714,PK_Tyr_Ser-Thr,999,,1266,,matched,explicit_author_bounds,
863,GDF,PTR,3mxc,A,93,,PF00017,SH2,60,,135,,matched,explicit_author_bounds,
864,GDF,PTR,3mxy,A,93,,PF00017,SH2,60,,135,,matched,explicit_author_bounds,
865,GDF,PTR,3n7y,A,93,,PF00017,SH2,60,,135,,matched,explicit_author_bounds,
866,GDF,PTR,3n84,F,93,,PF00017,SH2,60,,135,,matched,explicit_author_bounds,
867,GDF,PTR,3n8m,A,93,,PF00017,SH2,60,,135,,matched,explicit_author_bounds,
868,GDF,PTR,3ov1,A,93,,PF00017,SH2,60,,135,,matched,explicit_author_bounds,
869,GDF,PTR,3ove,A,93,,PF00017,SH2,60,,135,,matched,explicit_author_bounds,
870,GDF,PTR,3s8l,A,93,,PF00017,SH2,60,,135,,matched,explicit_author_bounds,
871,GDF,PTR,3s8n,A,93,,PF00017,SH2,60,,135,,matched,explicit_author_bounds,
872,GDF,PTR,3s8o,A,93,,PF00017,SH2,60,,135,,matched,explicit_author_bounds,
873,GDF,PTR,3tkz,A,39,,PF00017,SH2,6,,81,,matched,explicit_author_bounds,
874,GDF,PTR,3tl0,A,39,,PF00017,SH2,6,,81,,matched,explicit_author_bounds,
875,GDF,PTR,3wa4,A,93,,PF00017,SH2,60,,135,,matched,explicit_author_bounds,
876,GDF,PTR,4ewh,B,269,,PF07714,PK_Tyr_Ser-Thr,126,,385,,matched,explicit_author_bounds,
877,GDF,PTR,4jmg,A,73,,,,,,,,no_pdb_chain_mapping,,no_pdb_chain_mapping
878,GDF,PTR,4jmh,A,73,,,,,,,,no_pdb_chain_mapping,,no_pdb_chain_mapping
879,GDF,PTR,4p9v,A,93,,PF00017,SH2,60,,135,,matched,explicit_author_bounds,
880,GDF,PTR,4p9z,A,93,,PF00017,SH2,60,,135,,matched,explicit_author_bounds,
881,GDF,PTR,4qsy,A,39,,PF00017,SH2,6,,81,,matched,explicit_author_bounds,
882,GDF,PTR,4xlv,A,1149,,PF07714,PK_Tyr_Ser-Thr,996,,1263,,matched,explicit_author_bounds,
883,GDF,PTR,5cdw,V,41,,PF00017,SH2,8,,83,,matched,explicit_author_bounds,
884,GDF,PTR,5df6,A,39,,PF00017,SH2,6,,81,,matched,explicit_author_bounds,
885,GDF,PTR,5gjh,C,90,,PF00017,SH2,58,,132,,matched,explicit_author_bounds,
886,GDF,PTR,5khw,B,1020,,PF07714,PK_Tyr_Ser-Thr,875,,1149,,matched,explicit_author_bounds,
887,GDF,PTR,5x7b,A,145,,PF00017,SH2,112,,197,,matched,explicit_author_bounds,
888,GDF,PTR,5x94,B,39,,PF00017,SH2,6,,81,,matched,explicit_author_bounds,
889,GDF,PTR,6r5g,A,145,,PF00017,SH2,112,,197,,matched,explicit_author_bounds,
890,GDF,PTR,6roy,B,39,,PF00017,SH2,6,,81,,matched,explicit_author_bounds,
891,GDF,PTR,6roz,C,39,,PF00017,SH2,6,,81,,matched,explicit_author_bounds,
892,GDF,PTR,6wm1,A,93,,PF00017,SH2,60,,135,,matched,explicit_author_bounds,
893,GDF,PTR,6wo2,A,93,,PF00017,SH2,60,,135,,matched,explicit_author_bounds,
894,GDF,PTR,8dgo,B,93,,PF00017,SH2,60,,135,,matched,explicit_author_bounds,
895,GDF,PTR,9ehd,A,39,,PF00017,SH2,6,,81,,matched,explicit_author_bounds,
896,GDF,PTR,9eik,A,39,,PF00017,SH2,6,,81,,matched,explicit_author_bounds,
897,GDF,PTR,9mq5,A,39,,PF00017,SH2,6,,81,,matched,explicit_author_bounds,
898,GDF,PTR,9qa5,A,39,,PF00017,SH2,6,,81,,matched,explicit_author_bounds,
899,GDF,PTR,9qcd,B,145,,PF00017,SH2,112,,197,,matched,explicit_author_bounds,
900,GDF,SEP,1jdy,B,124,,PF02878,PGM_PMM_I,13,,157,,matched,explicit_author_bounds,
901,GDF,SEP,1u5q,B,168,,PF00069,Pkinase,28,,281,,matched,explicit_author_bounds,
902,GDF,SEP,1u5r,B,168,,PF00069,Pkinase,28,,281,,matched,explicit_author_bounds,
903,GDF,SEP,1vkl,A,124,,PF02878,PGM_PMM_I,13,,157,,matched,explicit_author_bounds,
904,GDF,SEP,2gcd,B,168,,PF00069,Pkinase,28,,281,,matched,explicit_author_bounds,
905,GDF,SEP,2pt3,A,252,,PF03098,An_peroxidase,21,,567,,matched,explicit_author_bounds,
906,GDF,SEP,2pum,A,252,,PF03098,An_peroxidase,21,,567,,matched,explicit_author_bounds,
907,GDF,SEP,2qpk,A,252,,PF03098,An_peroxidase,21,,567,,matched,explicit_author_bounds,
908,GDF,SEP,2qqt,A,252,,PF03098,An_peroxidase,21,,567,,matched,explicit_author_bounds,
909,GDF,SEP,2qrb,A,252,,PF03098,An_peroxidase,21,,567,,matched,explicit_author_bounds,
910,GDF,SEP,2z5z,A,252,,,,,,,,no_pdb_chain_mapping,,no_pdb_chain_mapping
911,GDF,SEP,3bxi,A,252,,PF03098,An_peroxidase,21,,567,,matched,explicit_author_bounds,
912,GDF,SEP,3erh,A,252,,,,,,,,no_pdb_chain_mapping,,no_pdb_chain_mapping
913,GDF,SEP,3eri,A,252,,PF03098,An_peroxidase,21,,567,,matched,explicit_author_bounds,
914,GDF,SEP,3faq,A,252,,,,,,,,no_pdb_chain_mapping,,no_pdb_chain_mapping
915,GDF,SEP,3fnl,A,252,,,,,,,,no_pdb_chain_mapping,,no_pdb_chain_mapping
916,GDF,SEP,3gc1,A,252,,PF03098,An_peroxidase,21,,567,,matched,explicit_author_bounds,
917,GDF,SEP,3gcj,A,252,,PF03098,An_peroxidase,21,,567,,matched,explicit_author_bounds,
918,GDF,SEP,3gck,A,252,,PF03098,An_peroxidase,21,,567,,matched,explicit_author_bounds,
919,GDF,SEP,3gcl,A,252,,PF03098,An_peroxidase,21,,567,,matched,explicit_author_bounds,
920,GDF,SEP,3i6n,A,252,,PF03098,An_peroxidase,21,,567,,matched,explicit_author_bounds,
921,GDF,SEP,3krq,A,252,,PF03098,An_peroxidase,21,,567,,matched,explicit_author_bounds,
922,GDF,SEP,3pmg,A,124,,PF02878,PGM_PMM_I,13,,157,,matched,explicit_author_bounds,
923,GDF,SEP,3py4,A,252,,PF03098,An_peroxidase,21,,567,,matched,explicit_author_bounds,
924,GDF,SEP,3r4x,A,252,,PF03098,An_peroxidase,21,,567,,matched,explicit_author_bounds,
925,GDF,SEP,3r5o,A,252,,PF03098,An_peroxidase,21,,567,,matched,explicit_author_bounds,
926,GDF,SEP,3tgy,A,252,,PF03098,An_peroxidase,21,,567,,matched,explicit_author_bounds,
927,GDF,SEP,3uba,A,252,,PF03098,An_peroxidase,21,,567,,matched,explicit_author_bounds,
928,GDF,SEP,3v6q,A,252,,PF03098,An_peroxidase,21,,567,,matched,explicit_author_bounds,
929,GDF,SEP,4gm7,A,252,,PF03098,An_peroxidase,21,,567,,matched,explicit_author_bounds,
930,GDF,SEP,4ksz,A,252,,PF03098,An_peroxidase,21,,567,,matched,explicit_author_bounds,
931,GDF,SEP,4njb,A,252,,PF03098,An_peroxidase,21,,567,,matched,explicit_author_bounds,
932,GDF,SEP,4pnx,A,252,,PF03098,An_peroxidase,21,,567,,matched,explicit_author_bounds,
933,GDF,SEP,4y55,A,252,,,,,,,,no_pdb_chain_mapping,,no_pdb_chain_mapping
934,GDF,SEP,4ymj,B,696,,PF07714,PK_Tyr_Ser-Thr,538,,824,,matched,explicit_author_bounds,
935,GDF,SEP,5bmn,A,260,,,,,,,,no_pdb_chain_mapping,,no_pdb_chain_mapping
936,GDF,SEP,5bmp,A,260,,,,,,,,no_pdb_chain_mapping,,no_pdb_chain_mapping
937,GDF,SEP,5gh0,A,252,,PF03098,An_peroxidase,21,,567,,matched,explicit_author_bounds,
938,GDF,SEP,5il0,B,302,,PF05063,MT-A70,186,,363,,matched,explicit_author_bounds,
939,GDF,SEP,5il1,B,302,,PF05063,MT-A70,186,,363,,matched,explicit_author_bounds,
940,GDF,SEP,5il2,B,302,,PF05063,MT-A70,186,,363,,matched,explicit_author_bounds,
941,GDF,SEP,5jn5,B,125,,PF02878,PGM_PMM_I,14,,158,,matched,explicit_author_bounds,
942,GDF,SEP,5kl0,A,260,,,,,,,,no_pdb_chain_mapping,,no_pdb_chain_mapping
943,GDF,SEP,5tr2,B,125,,PF02878,PGM_PMM_I,14,,158,,matched,explicit_author_bounds,
944,GDF,SEP,5vbi,B,125,,PF02878,PGM_PMM_I,14,,158,,matched,explicit_author_bounds,
945,GDF,SEP,5vg7,A,125,,PF02878,PGM_PMM_I,14,,158,,matched,explicit_author_bounds,
946,GDF,SEP,5xw5,A,176,,,,,,,,outside_pfam_ranges,,outside_pfam_ranges
947,GDF,SEP,5zgs,A,252,,PF03098,An_peroxidase,21,,567,,matched,explicit_author_bounds,
948,GDF,SEP,6a4y,A,252,,PF03098,An_peroxidase,21,,567,,matched,explicit_author_bounds,
949,GDF,SEP,6b67,C,198,,PF00481,PP2C,22,,284,,matched,explicit_author_bounds,
950,GDF,SEP,6kmk,A,252,,PF03098,An_peroxidase,21,,567,,matched,explicit_author_bounds,
951,GDF,SEP,6mlf,A,238,,,,,,,,no_pdb_chain_mapping,,no_pdb_chain_mapping
952,GDF,SEP,6mlh,A,238,,,,,,,,no_pdb_chain_mapping,,no_pdb_chain_mapping
953,GDF,SEP,6mlw,A,238,,,,,,,,no_pdb_chain_mapping,,no_pdb_chain_mapping
954,GDF,SEP,6nn2,A,238,,,,,,,,no_pdb_chain_mapping,,no_pdb_chain_mapping
955,GDF,SEP,6nno,A,238,,,,,,,,no_pdb_chain_mapping,,no_pdb_chain_mapping
956,GDF,SEP,6nns,A,238,,,,,,,,no_pdb_chain_mapping,,no_pdb_chain_mapping
957,GDF,SEP,6nnu,A,238,,,,,,,,no_pdb_chain_mapping,,no_pdb_chain_mapping
958,GDF,SEP,6noq,A,238,,,,,,,,no_pdb_chain_mapping,,no_pdb_chain_mapping
959,GDF,SEP,6np8,A,238,,,,,,,,no_pdb_chain_mapping,,no_pdb_chain_mapping
960,GDF,SEP,6nqf,A,238,,,,,,,,no_pdb_chain_mapping,,no_pdb_chain_mapping
961,GDF,SEP,6nqg,A,238,,,,,,,,no_pdb_chain_mapping,,no_pdb_chain_mapping
962,GDF,SEP,6pl1,A,667,,PF07714,PK_Tyr_Ser-Thr,510,,781,,matched,explicit_author_bounds,
963,GDF,SEP,6pl2,A,667,,PF07714,PK_Tyr_Ser-Thr,510,,781,,matched,explicit_author_bounds,
964,GDF,SEP,6pma,A,667,,PF07714,PK_Tyr_Ser-Thr,510,,781,,matched,explicit_author_bounds,
965,GDF,SEP,6sno,A,143,,PF02878,PGM_PMM_I,32,,176,,matched,explicit_author_bounds,
966,GDF,SEP,6snq,A,143,,PF02878,PGM_PMM_I,32,,176,,matched,explicit_author_bounds,
967,GDF,SEP,6y8y,A,129,,PF02878,PGM_PMM_I,18,,162,,matched,explicit_author_bounds,
968,GDF,SEP,6y8z,A,129,,PF02878,PGM_PMM_I,18,,162,,matched,explicit_author_bounds,
969,GDF,SEP,7c73,A,252,,PF03098,An_peroxidase,21,,567,,matched,explicit_author_bounds,
970,GDF,SEP,8xi2,T,406,,PF00400,WD40,406,,444,,matched,explicit_author_bounds,
971,GDF,SEP,9gd6,A,106,,PF00334,NDK,5,,139,,matched,explicit_author_bounds,
972,GDF,SEP,9if7,LJ,385,,,,,,,,no_pdb_chain_mapping,,no_pdb_chain_mapping
973,GDF,SEP,9if8,LJ,385,,,,,,,,no_pdb_chain_mapping,,no_pdb_chain_mapping
974,GDF,SEP,9qkt,B,579,,PF00069,Pkinase,438,,723,,matched,explicit_author_bounds,
975,GDF,SEP,9qkz,B,579,,PF00069,Pkinase,438,,723,,matched,explicit_author_bounds,
976,GDF,SEP,9ql1,B,579,,PF00069,Pkinase,438,,723,,matched,explicit_author_bounds,
977,GDF,SEP,9rts,B,593,,PF07714,PK_Tyr_Ser-Thr,457,,714,,matched,explicit_author_bounds,
978,GDF,SEP,9s1s,B,178,,,,,,,,outside_pfam_ranges,,outside_pfam_ranges
979,GDF,SEP,9twb,B,593,,PF07714,PK_Tyr_Ser-Thr,457,,714,,matched,explicit_author_bounds,
980,GDF,TPO,2a19,B,431,,PF00069,Pkinase,267,,537,,matched,explicit_author_bounds,
981,GDF,TPO,2a1a,B,431,,PF00069,Pkinase,267,,537,,matched,explicit_author_bounds,
982,GDF,TPO,31zn,B,579,,PF00069,Pkinase,438,,723,,matched,explicit_author_bounds,
983,GDF,TPO,3d5w,A,179,,PF00069,Pkinase,39,,291,,matched,explicit_author_bounds,
984,GDF,TPO,3tl8,H,433,,PF07714,PK_Tyr_Ser-Thr,289,,563,,matched,explicit_author_bounds,
985,GDF,TPO,4bu0,A,50,,PF00533,BRCT,2,,79,,matched,inferred_author_start,
986,GDF,TPO,6hm3,A,50,,PF00533,BRCT,2,,79,,matched,inferred_author_start,
987,GDF,TPO,7ukz,C,223,,PF00069,Pkinase,82,,367,,matched,explicit_author_bounds,
988,GDF,TPO,8qel,B,431,,PF00069,Pkinase,267,,537,,matched,explicit_author_bounds,
989,GDF,TPO,9i9i,K,579,,PF00069,Pkinase,438,,723,,matched,inferred_author_start,
990,GDF,TPO,9qkt,B,579,,PF00069,Pkinase,438,,723,,matched,explicit_author_bounds,
991,GDF,TPO,9qkz,B,579,,PF00069,Pkinase,438,,723,,matched,explicit_author_bounds,
992,GDF,TPO,9ql1,B,579,,PF00069,Pkinase,438,,723,,matched,explicit_author_bounds,
993,GDR,SEP,1jdy,A,290,,PF02879,PGM_PMM_II,192,,300,,matched,explicit_author_bounds,
994,GDR,SEP,1k35,A,245,,PF02879,PGM_PMM_II,157,,255,,matched,explicit_author_bounds,
995,GDR,SEP,1p22,A,408,,PF00400,WD40,380,,416,,matched,explicit_author_bounds,
996,GDR,SEP,1p5d,X,245,,PF02879,PGM_PMM_II,157,,255,,matched,explicit_author_bounds,
997,GDR,SEP,1p5g,X,245,,PF02879,PGM_PMM_II,157,,255,,matched,explicit_author_bounds,
998,GDR,SEP,1pcj,X,245,,PF02879,PGM_PMM_II,157,,255,,matched,explicit_author_bounds,
999,GDR,SEP,1pcm,X,245,,PF02879,PGM_PMM_II,157,,255,,matched,explicit_author_bounds,
1000,GDR,SEP,1vkl,B,290,,PF02879,PGM_PMM_II,192,,300,,matched,explicit_author_bounds,
1001,GDR,SEP,2fkf,A,245,,PF02879,PGM_PMM_II,157,,255,,matched,explicit_author_bounds,
1002,GDR,SEP,2h4l,X,245,,PF02879,PGM_PMM_II,157,,255,,matched,explicit_author_bounds,
1003,GDR,SEP,2h5a,X,245,,PF02879,PGM_PMM_II,157,,255,,matched,explicit_author_bounds,
1004,GDR,SEP,3bkq,X,245,,PF02879,PGM_PMM_II,157,,255,,matched,explicit_author_bounds,
1005,GDR,SEP,3c04,A,245,,PF02879,PGM_PMM_II,157,,255,,matched,explicit_author_bounds,
1006,GDR,SEP,3i3w,B,304,,PF02880,PGM_PMM_III,256,,365,,matched,explicit_author_bounds,
1007,GDR,SEP,3pmg,B,290,,PF02879,PGM_PMM_II,192,,300,,matched,explicit_author_bounds,
1008,GDR,SEP,4il8,A,245,,PF02879,PGM_PMM_II,157,,255,,matched,explicit_author_bounds,
1009,GDR,SEP,4isw,B,115,,,,,,,,no_pdb_chain_mapping,,no_pdb_chain_mapping
1010,GDR,SEP,4oh4,,,,,,,,,,missing_token_location,,missing_token_location
1011,GDR,SEP,4q5j,,,,,,,,,,missing_token_location,,missing_token_location
1012,GDR,SEP,5em9,A,96,,PF00595,PDZ,41,,131,,matched,explicit_author_bounds,
1013,GDR,SEP,5ema,A,98,,PF00595,PDZ,43,,133,,matched,explicit_author_bounds,
1014,GDR,SEP,5emb,A,96,,PF00595,PDZ,41,,131,,matched,explicit_author_bounds,
1015,GDR,SEP,5jn5,A,291,,PF02879,PGM_PMM_II,193,,301,,matched,explicit_author_bounds,
1016,GDR,SEP,5lpb,A,920,,PF07714,PK_Tyr_Ser-Thr,883,,1155,,matched,explicit_author_bounds,
1017,GDR,SEP,5lpv,A,920,,PF07714,PK_Tyr_Ser-Thr,883,,1155,,matched,explicit_author_bounds,
1018,GDR,SEP,5lpw,A,920,,PF07714,PK_Tyr_Ser-Thr,883,,1155,,matched,explicit_author_bounds,
1019,GDR,SEP,5lpy,A,920,,PF07714,PK_Tyr_Ser-Thr,883,,1155,,matched,explicit_author_bounds,
1020,GDR,SEP,5lpz,A,920,,PF07714,PK_Tyr_Ser-Thr,883,,1155,,matched,explicit_author_bounds,
1021,GDR,SEP,5tr2,A,291,,PF02879,PGM_PMM_II,193,,301,,matched,explicit_author_bounds,
1022,GDR,SEP,5vbi,A,291,,PF02879,PGM_PMM_II,193,,301,,matched,explicit_author_bounds,
1023,GDR,SEP,5vg7,A,291,,PF02879,PGM_PMM_II,193,,301,,matched,explicit_author_bounds,
1024,GDR,SEP,6il9,A,96,,,,,,,,no_pdb_chain_mapping,,no_pdb_chain_mapping
1025,GDR,SEP,6ilb,D,96,,,,,,,,no_pdb_chain_mapping,,no_pdb_chain_mapping
1026,GDR,SEP,6sno,A,309,,PF02879,PGM_PMM_II,211,,319,,matched,explicit_author_bounds,
1027,GDR,SEP,6snq,A,309,,PF02879,PGM_PMM_II,211,,319,,matched,explicit_author_bounds,
1028,GDR,SEP,6wnx,D,268,,PF00400,WD40,240,,276,,matched,explicit_author_bounds,
1029,GDR,SEP,6y8y,A,295,,PF02879,PGM_PMM_II,197,,305,,matched,explicit_author_bounds,
1030,GDR,SEP,6y8z,A,295,,PF02879,PGM_PMM_II,197,,305,,matched,explicit_author_bounds,
1031,GDR,SEP,7z42,A,606,,,,,,,,no_pdb_chain_mapping,,no_pdb_chain_mapping
1032,GDR,SEP,7z43,AAA,606,,,,,,,,no_pdb_chain_mapping,,no_pdb_chain_mapping
1033,GDR,SEP,8db3,,,,,,,,,,missing_token_location,,missing_token_location
1034,GDR,SEP,8sdq,A,1070,,PF00439,Bromodomain,993,,1070,,matched,explicit_author_bounds,
1035,GDR,SEP,9lhu,A,111,,,,,,,,no_pdb_chain_mapping,,no_pdb_chain_mapping
1036,GDR,SEP,9lhw,C,111,,,,,,,,no_pdb_chain_mapping,,no_pdb_chain_mapping
1037,GDR,SEP,9lhy,A,111,,,,,,,,no_pdb_chain_mapping,,no_pdb_chain_mapping
1038,GDR,SEP,9t95,A,408,,PF00400,WD40,380,,416,,matched,explicit_author_bounds,
1039,GDR,SEP,9t9w,A,408,,PF00400,WD40,380,,416,,matched,explicit_author_bounds,
1040,GDR,SEP,9tdz,A,408,,PF00400,WD40,380,,416,,matched,explicit_author_bounds,
1041,GDR,SEP,9tes,A,408,,PF00400,WD40,380,,416,,matched,explicit_author_bounds,
1042,GDR,TPO,4crs,A,811,,PF00069,Pkinase,657,,916,,matched,explicit_author_bounds,
1043,GDR,TPO,4otd,A,775,,PF00069,Pkinase,621,,880,,matched,explicit_author_bounds,
1044,GDR,TPO,4otg,A,775,,PF00069,Pkinase,621,,880,,matched,explicit_author_bounds,
1045,GDR,TPO,5iy5,C,154,,PF00510,COX3,6,,261,,matched,explicit_author_bounds,
1046,GDR,TPO,5w97,C,154,,PF00510,COX3,6,,261,,matched,explicit_author_bounds,
1047,GDR,TPO,5x19,C,154,,PF00510,COX3,6,,261,,matched,explicit_author_bounds,
1048,GDR,TPO,5x1f,C,154,,PF00510,COX3,6,,261,,matched,explicit_author_bounds,
1049,GDR,TPO,5z85,C,154,,PF00510,COX3,6,,261,,matched,explicit_author_bounds,
1050,GDR,TPO,5zco,C,154,,PF00510,COX3,6,,261,,matched,explicit_author_bounds,
1051,GDR,TPO,5zcp,C,154,,PF00510,COX3,6,,261,,matched,explicit_author_bounds,
1052,GDR,TPO,6owo,N,110,,,,,,,,unresolvable_author_bounds,,unresolvable_author_bounds
1053,GDR,TPO,6oxl,N,110,,,,,,,,unresolvable_author_bounds,,unresolvable_author_bounds
1054,GDR,TPO,7thu,C,154,,PF00510,COX3,6,,261,,matched,explicit_author_bounds,
1055,GDR,TPO,7tie,P,154,,PF00510,COX3,6,,261,,matched,explicit_author_bounds,
1056,GDR,TPO,7tih,P,154,,PF00510,COX3,6,,261,,matched,explicit_author_bounds,
1057,GDR,TPO,8gcq,P,154,,PF00510,COX3,6,,261,,matched,explicit_author_bounds,
1058,GER,PTR,5njj,C,151,,PF00640,PID,39,,172,,matched,inferred_author_end,
1059,GER,PTR,9hw6,B,93,,,,,,,,no_pdb_chain_mapping,,no_pdb_chain_mapping
1060,GER,SEP,2azm,B,1905,,PF16770,RTT107_BRCT_5,1883,,1970,,matched,inferred_author_start,
1061,GER,SEP,3k05,B,1905,,PF16770,RTT107_BRCT_5,1891,,1970,,matched,explicit_author_bounds,
1062,GER,SEP,3p9y,B,40,,PF04722,Ssu72,7,,195,,matched,explicit_author_bounds,
1063,GER,SEP,4imi,D,40,,PF04722,Ssu72,7,,195,,matched,explicit_author_bounds,
1064,GER,SEP,4imj,D,40,,PF04722,Ssu72,7,,195,,matched,explicit_author_bounds,
1065,GER,SEP,4x8n,,,,,,,,,,missing_token_location,,missing_token_location
1066,GER,SEP,5fc2,B,1792,,PF03568,Separin_C,1723,,2150,,matched,explicit_author_bounds,
1067,GER,SEP,6npw,D,40,,PF04722,Ssu72,7,,195,,matched,explicit_author_bounds,
1068,GER,SEP,9n79,SS,476,,,,,,,,unresolvable_author_bounds,,unresolvable_author_bounds
1069,GER,SEP,9n7a,SS,476,,,,,,,,unresolvable_author_bounds,,unresolvable_author_bounds
1070,GER,SEP,9n7b,SS,476,,,,,,,,unresolvable_author_bounds,,unresolvable_author_bounds
1071,GER,SEP,9uvd,B,814,,PF08033,Sec23_BS,744,,828,,matched,explicit_author_bounds,
1072,GER,SEP,9uve,B,814,,PF08033,Sec23_BS,744,,828,,matched,explicit_author_bounds,
1073,GER,SEP,9uvg,B,814,,PF08033,Sec23_BS,744,,828,,matched,explicit_author_bounds,
1074,GER,TPO,32aw,C,202,,PF00069,Pkinase,19,,315,,matched,explicit_author_bounds,
1075,GER,TPO,3blh,,,,,,,,,,missing_token_location,,missing_token_location
1076,GER,TPO,3blq,A,202,,PF00069,Pkinase,19,,315,,matched,explicit_author_bounds,
1077,GER,TPO,3blr,A,202,,PF00069,Pkinase,19,,315,,matched,explicit_author_bounds,
1078,GER,TPO,3d5w,A,191,,PF00069,Pkinase,39,,291,,matched,explicit_author_bounds,
1079,GER,TPO,3lq5,A,202,,PF00069,Pkinase,19,,315,,matched,explicit_author_bounds,
1080,GER,TPO,3mi9,A,202,,PF00069,Pkinase,19,,315,,matched,explicit_author_bounds,
1081,GER,TPO,3mia,A,202,,PF00069,Pkinase,19,,315,,matched,explicit_author_bounds,
1082,GER,TPO,3my1,A,202,,PF00069,Pkinase,19,,315,,matched,explicit_author_bounds,
1083,GER,TPO,3tn8,A,202,,PF00069,Pkinase,19,,315,,matched,explicit_author_bounds,
1084,GER,TPO,3tnh,A,202,,PF00069,Pkinase,19,,315,,matched,explicit_author_bounds,
1085,GER,TPO,3tni,A,202,,PF00069,Pkinase,19,,315,,matched,explicit_author_bounds,
1086,GER,TPO,4bcf,A,202,,PF00069,Pkinase,19,,315,,matched,explicit_author_bounds,
1087,GER,TPO,4bcg,A,202,,PF00069,Pkinase,19,,315,,matched,explicit_author_bounds,
1088,GER,TPO,4bch,A,202,,PF00069,Pkinase,19,,315,,matched,explicit_author_bounds,
1089,GER,TPO,4bci,A,202,,PF00069,Pkinase,19,,315,,matched,explicit_author_bounds,
1090,GER,TPO,4bcj,A,202,,PF00069,Pkinase,19,,315,,matched,explicit_author_bounds,
1091,GER,TPO,4ec8,A,202,,PF00069,Pkinase,19,,315,,matched,explicit_author_bounds,
1092,GER,TPO,4ec9,A,202,,PF00069,Pkinase,19,,315,,matched,explicit_author_bounds,
1093,GER,TPO,4imi,D,40,,PF04722,Ssu72,7,,195,,matched,explicit_author_bounds,
1094,GER,TPO,4imy,E,202,,PF00069,Pkinase,19,,315,,matched,explicit_author_bounds,
1095,GER,TPO,4ogr,A,202,,PF00069,Pkinase,19,,315,,matched,explicit_author_bounds,
1096,GER,TPO,4or5,A,202,,PF00069,Pkinase,19,,315,,matched,explicit_author_bounds,
1097,GER,TPO,5l1z,A,202,,PF00069,Pkinase,19,,315,,matched,explicit_author_bounds,
1098,GER,TPO,6cyt,A,202,,PF00069,Pkinase,19,,315,,matched,explicit_author_bounds,
1099,GER,TPO,6gzh,A,202,,PF00069,Pkinase,19,,315,,matched,explicit_author_bounds,
1100,GER,TPO,6w9e,A,202,,PF00069,Pkinase,19,,315,,matched,explicit_author_bounds,
1101,GER,TPO,6z45,A,202,,PF00069,Pkinase,19,,315,,matched,explicit_author_bounds,
1102,GER,TPO,7nwk,A,202,,PF00069,Pkinase,19,,315,,matched,explicit_author_bounds,
1103,GER,TPO,8i0l,A,202,,PF00069,Pkinase,19,,315,,matched,explicit_author_bounds,
1104,GER,TPO,8k5r,A,202,,PF00069,Pkinase,19,,315,,matched,explicit_author_bounds,
1105,GEV,PTR,1h9o,A,53,,PF00017,SH2,12,,86,,matched,explicit_author_bounds,
1106,GEV,PTR,1lkk,A,175,,PF00017,SH2,127,,209,,matched,explicit_author_bounds,
1107,GEV,PTR,1pic,A,53,,PF00017,SH2,12,,86,,matched,explicit_author_bounds,
1108,GEV,PTR,1x27,B,175,,PF00017,SH2,127,,209,,matched,explicit_author_bounds,
1109,GEV,PTR,1yi6,A,279,,PF07714,PK_Tyr_Ser-Thr,267,,516,,matched,explicit_author_bounds,
1110,GEV,PTR,2qo7,A,633,,PF07714,PK_Tyr_Ser-Thr,621,,878,,matched,explicit_author_bounds,
1111,GEV,PTR,2qob,A,633,,PF07714,PK_Tyr_Ser-Thr,621,,878,,matched,explicit_author_bounds,
1112,GEV,PTR,2qon,A,633,,PF07714,PK_Tyr_Ser-Thr,621,,878,,matched,explicit_author_bounds,
1113,GEV,PTR,2qoq,A,633,,PF07714,PK_Tyr_Ser-Thr,621,,878,,matched,explicit_author_bounds,
1114,GEV,PTR,3q6w,A,1119,,PF07714,PK_Tyr_Ser-Thr,1078,,1337,,matched,explicit_author_bounds,
1115,GEV,PTR,3r7o,A,1119,,PF07714,PK_Tyr_Ser-Thr,1078,,1337,,matched,explicit_author_bounds,
1116,GEV,PTR,4iwd,A,1119,,PF07714,PK_Tyr_Ser-Thr,1078,,1337,,matched,explicit_author_bounds,
1117,GEV,PTR,5aul,A,665,,PF00017,SH2,624,,698,,matched,explicit_author_bounds,
1118,GEV,PTR,6cz2,A,203,,PF07714,PK_Tyr_Ser-Thr,191,,441,,matched,explicit_author_bounds,
1119,GEV,PTR,7cio,A,665,,PF00017,SH2,624,,698,,matched,explicit_author_bounds,
1120,GEV,SEP,25qb,D,149,,PF00533,BRCT,101,,176,,matched,explicit_author_bounds,
1121,GEV,SEP,36ln,A,323,,,,,,,,outside_pfam_ranges,,outside_pfam_ranges
1122,GEV,SEP,3i3w,A,12,,PF02878,PGM_PMM_I,2,,137,,matched,inferred_author_start,
1123,GEV,SEP,3sqd,A,891,,PF00533,BRCT,866,,934,,matched,explicit_author_bounds,
1124,GEV,SEP,5jej,A,309,,PF10401,IRF-3,201,,380,,matched,explicit_author_bounds,
1125,GEV,SEP,5jek,A,309,,PF10401,IRF-3,201,,380,,matched,explicit_author_bounds,
1126,GEV,SEP,5jel,A,309,,PF10401,IRF-3,201,,380,,matched,explicit_author_bounds,
1127,GEV,SEP,5jeo,A,309,,PF10401,IRF-3,201,,380,,matched,explicit_author_bounds,
1128,GEV,SEP,6hm5,A,149,,PF00533,BRCT,103,,176,,matched,explicit_author_bounds,
1129,GEV,SEP,6iht,A,43,,,,,,,,no_pdb_chain_mapping,,no_pdb_chain_mapping
1130,GEV,SEP,7abm,A,27,,PF02961,SAM_BAF,3,,88,,matched,explicit_author_bounds,
1131,GEV,SEP,7nj0,C,313,,PF02984,Cyclin_C,300,,418,,matched,explicit_author_bounds,
1132,GEV,SEP,7ykf,A,139,,PF00625,Guanylate_kin,111,,182,,matched,explicit_author_bounds,
1133,GEV,SEP,7ykg,C,148,,PF00625,Guanylate_kin,120,,191,,matched,explicit_author_bounds,
1134,GEV,SEP,7ykh,C,148,,PF00625,Guanylate_kin,120,,191,,matched,explicit_author_bounds,
1135,GEV,SEP,7yki,A,148,,PF00625,Guanylate_kin,120,,191,,matched,explicit_author_bounds,
1136,GEV,SEP,9bcz,A,323,,,,,,,,outside_pfam_ranges,,outside_pfam_ranges
1137,GEV,SEP,9hn5,A,1980,,PF03568,Separin_C,1720,,2069,,matched,explicit_author_bounds,
1138,GEV,TPO,4bu0,B,180,,,,,,,,no_pdb_chain_mapping,,no_pdb_chain_mapping
1139,GEV,TPO,5vcv,A,264,,PF00069,Pkinase,110,,359,,matched,explicit_author_bounds,
1140,GEV,TPO,7cyv,B,339,,,,,,,,outside_pfam_ranges,,outside_pfam_ranges
1141,GEV,TPO,7ndy,B,27,,PF02961,SAM_BAF,2,,88,,matched,explicit_author_bounds,
1142,GEV,TPO,8z5t,F,1080,,PF19292,KPBB_C,898,,1084,,matched,explicit_author_bounds,
1143,GGD,PTR,5lq0,B,336,,,,,,,,outside_pfam_ranges,,outside_pfam_ranges
1144,GGD,SEP,1gz2,A,63,,PF00059,Lectin_C,22,,140,,matched,explicit_author_bounds,
1145,GGD,SEP,1jdy,A,59,,PF02878,PGM_PMM_I,13,,157,,matched,explicit_author_bounds,
1146,GGD,SEP,1vkl,A,59,,PF02878,PGM_PMM_I,13,,157,,matched,explicit_author_bounds,
1147,GGD,SEP,3pmg,B,59,,PF02878,PGM_PMM_I,13,,157,,matched,explicit_author_bounds,
1148,GGD,SEP,4q9z,B,463,,PF00069,Pkinase,380,,634,,matched,explicit_author_bounds,
1149,GGD,SEP,5jn5,B,60,,PF02878,PGM_PMM_I,14,,158,,matched,explicit_author_bounds,
1150,GGD,SEP,5n7f,A,488,,PF00595,PDZ,472,,552,,matched,explicit_author_bounds,
1151,GGD,SEP,5n7g,A,488,,PF00595,PDZ,472,,552,,matched,explicit_author_bounds,
1152,GGD,SEP,5tr2,A,60,,PF02878,PGM_PMM_I,14,,158,,matched,explicit_author_bounds,
1153,GGD,SEP,5vbi,B,60,,PF02878,PGM_PMM_I,14,,158,,matched,explicit_author_bounds,
1154,GGD,SEP,5vg7,A,60,,PF02878,PGM_PMM_I,14,,158,,matched,explicit_author_bounds,
1155,GGD,SEP,6sno,A,78,,PF02878,PGM_PMM_I,32,,176,,matched,explicit_author_bounds,
1156,GGD,SEP,6snq,A,78,,PF02878,PGM_PMM_I,32,,176,,matched,explicit_author_bounds,
1157,GGD,SEP,8xqw,T,24,,,,,,,,no_pdb_chain_mapping,,no_pdb_chain_mapping
1158,GGD,SEP,8xqx,T,24,,,,,,,,no_pdb_chain_mapping,,no_pdb_chain_mapping
1159,GGD,SEP,9m6f,A,216,,,,,,,,no_pdb_chain_mapping,,no_pdb_chain_mapping
1160,GGD,TPO,6twx,A,488,,PF00595,PDZ,472,,552,,matched,explicit_author_bounds,
1161,GGD,TPO,9jzr,f,214,,,,,,,,no_pdb_chain_mapping,,no_pdb_chain_mapping
1162,GLQ,SEP,1zvv,P,13,,PF00381,PTS-HPr,2,,83,,matched,explicit_author_bounds,
1163,GLQ,SEP,2ak7,A,13,,PF00381,PTS-HPr,2,,83,,matched,explicit_author_bounds,
1164,GLQ,SEP,3dd1,A,103,,,,,,,,outside_pfam_ranges,,outside_pfam_ranges
1165,GLQ,SEP,3dds,A,103,,,,,,,,outside_pfam_ranges,,outside_pfam_ranges
1166,GLQ,SEP,3ddw,A,103,,,,,,,,outside_pfam_ranges,,outside_pfam_ranges
1167,GLQ,SEP,3ga7,A,199,,PF07859,Abhydrolase_3,87,,296,,matched,explicit_author_bounds,
1168,GLQ,SEP,4c0o,A,741,,,,,,,,outside_pfam_ranges,,outside_pfam_ranges
1169,GLQ,SEP,9b3s,B,313,,,,,,,,outside_pfam_ranges,,outside_pfam_ranges
1170,GLQ,TPO,1zrz,A,241,,,,,,,,outside_pfam_ranges,,outside_pfam_ranges
1171,GLQ,TPO,3a8w,B,241,,,,,,,,outside_pfam_ranges,,outside_pfam_ranges
1172,GLQ,TPO,3a8x,B,241,,,,,,,,outside_pfam_ranges,,outside_pfam_ranges
1173,GLQ,TPO,3zh8,C,241,,,,,,,,outside_pfam_ranges,,outside_pfam_ranges
1174,GLQ,TPO,4dc2,A,240,,,,,,,,outside_pfam_ranges,,outside_pfam_ranges
1175,GLQ,TPO,5li1,A,250,,,,,,,,outside_pfam_ranges,,outside_pfam_ranges
1176,GLQ,TPO,5li9,A,250,,,,,,,,outside_pfam_ranges,,outside_pfam_ranges
1177,GLQ,TPO,5lih,B,250,,,,,,,,outside_pfam_ranges,,outside_pfam_ranges
1178,GLQ,TPO,7dvq,3,668,,PF23726,Beta-prop_RSE1_2nd,444,,767,,matched,explicit_author_bounds,
1179,GLQ,TPO,8r3x,A,250,,,,,,,,outside_pfam_ranges,,outside_pfam_ranges
1180,GLQ,TPO,8r3y,I,250,,,,,,,,outside_pfam_ranges,,outside_pfam_ranges
1181,GLQ,TPO,8y7e,3,668,,PF23726,Beta-prop_RSE1_2nd,444,,767,,matched,explicit_author_bounds,
1182,GLQ,TPO,9ejl,B,250,,,,,,,,outside_pfam_ranges,,outside_pfam_ranges
1183,GLQ,TPO,9ejm,B,250,,,,,,,,outside_pfam_ranges,,outside_pfam_ranges
1184,HED,PTR,1r1p,A,100,,PF00017,SH2,60,,134,,matched,explicit_author_bounds,
1185,HED,PTR,1r1q,B,100,,PF00017,SH2,60,,134,,matched,explicit_author_bounds,
1186,HED,PTR,1r1s,A,100,,PF00017,SH2,60,,134,,matched,explicit_author_bounds,
1187,HED,PTR,5gjh,A,98,,PF00017,SH2,58,,132,,matched,explicit_author_bounds,
1188,HED,SEP,22cr,A,295,,PF02752,Arrestin_C,193,,356,,matched,inferred_author_end,
1189,HED,SEP,22gk,A,295,,PF02752,Arrestin_C,193,,352,,matched,explicit_author_bounds,
1190,HED,SEP,4jqi,A,295,,PF02752,Arrestin_C,193,,356,,matched,explicit_author_bounds,
1191,HED,SEP,5fwk,B,442,,PF00183,HSP90,191,,712,,matched,inferred_author_end,
1192,HED,SEP,5fwl,B,442,,PF00183,HSP90,191,,712,,matched,inferred_author_end,
1193,HED,SEP,5fwm,B,442,,PF00183,HSP90,191,,712,,matched,inferred_author_end,
1194,HED,SEP,5fwp,B,442,,PF00183,HSP90,191,,712,,matched,inferred_author_end,
1195,HED,SEP,5w0p,D,2302,,PF02752,Arrestin_C,2200,,2361,,matched,explicit_author_bounds,
1196,HED,SEP,6ni2,B,295,,PF02752,Arrestin_C,193,,356,,matched,explicit_author_bounds,
1197,HED,SEP,6tko,B,295,,PF02752,Arrestin_C,193,,356,,matched,explicit_author_bounds,
1198,HED,SEP,6u1n,C,295,,PF02752,Arrestin_C,193,,356,,matched,explicit_author_bounds,
1199,HED,SEP,7df9,A,295,,PF02752,Arrestin_C,193,,356,,matched,explicit_author_bounds,
1200,HED,SEP,7dfa,A,295,,PF02752,Arrestin_C,193,,356,,matched,explicit_author_bounds,
1201,HED,SEP,7dfb,A,295,,PF02752,Arrestin_C,193,,356,,matched,explicit_author_bounds,
1202,HED,SEP,7dfc,A,295,,PF02752,Arrestin_C,193,,356,,matched,explicit_author_bounds,
1203,HED,SEP,7r0c,C,295,,PF02752,Arrestin_C,193,,356,,matched,explicit_author_bounds,
1204,HED,SEP,7srs,C,295,,PF02752,Arrestin_C,193,,348,,matched,explicit_author_bounds,
1205,HED,SEP,7xbr,F,105,,PF00069,Pkinase,70,,325,,matched,explicit_author_bounds,
1206,HED,SEP,8gft,B,442,,PF00183,HSP90,192,,713,,matched,inferred_author_end,
1207,HED,SEP,8go9,F,296,,PF02752,Arrestin_C,194,,349,,matched,explicit_author_bounds,
1208,HED,SEP,8gp3,A,295,,PF02752,Arrestin_C,193,,356,,matched,explicit_author_bounds,
1209,HED,SEP,8i0q,A,295,,PF02752,Arrestin_C,193,,356,,matched,explicit_author_bounds,
1210,HED,SEP,8j8v,A,296,,PF02752,Arrestin_C,194,,349,,matched,explicit_author_bounds,
1211,HED,SEP,8j8z,A,295,,PF02752,Arrestin_C,193,,356,,matched,explicit_author_bounds,
1212,HED,SEP,8jaf,A,295,,PF02752,Arrestin_C,193,,356,,matched,inferred_author_start,
1213,HED,SEP,8jrv,A,295,,PF02752,Arrestin_C,193,,356,,matched,explicit_author_bounds,
1214,HED,SEP,8zyu,B,294,,PF02752,Arrestin_C,192,,355,,matched,explicit_author_bounds,
1215,HED,SEP,8zyy,B,294,,PF02752,Arrestin_C,192,,355,,matched,explicit_author_bounds,
1216,HED,SEP,9bt8,B,295,,PF02752,Arrestin_C,193,,356,,matched,explicit_author_bounds,
1217,HED,SEP,9cx9,A,295,,PF02752,Arrestin_C,193,,356,,matched,inferred_author_start,
1218,HED,SEP,9ii2,A,295,,PF02752,Arrestin_C,193,,356,,matched,explicit_author_bounds,
1219,HED,SEP,9ii3,A,295,,PF02752,Arrestin_C,193,,356,,matched,explicit_author_bounds,
1220,HED,SEP,9kux,A,295,,,,,,,,no_pdb_chain_mapping,,no_pdb_chain_mapping
1221,HED,SEP,9ky2,A,296,,PF02752,Arrestin_C,194,,349,,matched,explicit_author_bounds,
1222,HED,SEP,9lz2,A,295,,PF02752,Arrestin_C,193,,356,,matched,explicit_author_bounds,
1223,HED,SEP,9uyi,A,295,,PF02752,Arrestin_C,193,,356,,matched,inferred_author_start,
1224,HED,SEP,9uyl,A,295,,PF02752,Arrestin_C,193,,356,,matched,inferred_author_start,
1225,HED,SEP,9uym,A,296,,PF02752,Arrestin_C,194,,349,,matched,inferred_author_start,
1226,HED,SEP,9zzo,C,295,,PF02752,Arrestin_C,193,,348,,matched,explicit_author_bounds,
1227,HED,TPO,22gl,A,295,,PF02752,Arrestin_C,193,,352,,matched,inferred_author_start,
1228,HED,TPO,22gm,A,295,,PF02752,Arrestin_C,193,,352,,matched,explicit_author_bounds,
1229,HED,TPO,22jx,C,295,,,,,,,,no_pdb_chain_mapping,,no_pdb_chain_mapping
1230,HED,TPO,22jz,,,,,,,,,,missing_token_location,,missing_token_location
1231,HED,TPO,25gn,C,295,,PF02752,Arrestin_C,193,,356,,matched,explicit_author_bounds,
1232,HED,TPO,27em,B,295,,PF02752,Arrestin_C,193,,356,,matched,explicit_author_bounds,
1233,HED,TPO,4jqi,A,295,,PF02752,Arrestin_C,193,,356,,matched,explicit_author_bounds,
1234,HED,TPO,6k3f,C,297,,PF02752,Arrestin_C,195,,350,,matched,explicit_author_bounds,
1235,HED,TPO,6ni2,B,295,,PF02752,Arrestin_C,193,,356,,matched,explicit_author_bounds,
1236,HED,TPO,6tko,B,295,,PF02752,Arrestin_C,193,,356,,matched,explicit_author_bounds,
1237,HED,TPO,6u1n,C,295,,PF02752,Arrestin_C,193,,356,,matched,explicit_author_bounds,
1238,HED,TPO,7df9,A,295,,PF02752,Arrestin_C,193,,356,,matched,explicit_author_bounds,
1239,HED,TPO,7dfa,A,295,,PF02752,Arrestin_C,193,,356,,matched,explicit_author_bounds,
1240,HED,TPO,7dfb,A,295,,PF02752,Arrestin_C,193,,356,,matched,explicit_author_bounds,
1241,HED,TPO,7dfc,A,295,,PF02752,Arrestin_C,193,,356,,matched,explicit_author_bounds,
1242,HED,TPO,7r0c,C,295,,PF02752,Arrestin_C,193,,356,,matched,explicit_author_bounds,
1243,HED,TPO,7r0j,C,295,,PF02752,Arrestin_C,193,,356,,matched,explicit_author_bounds,
1244,HED,TPO,7xbr,D,105,,PF00069,Pkinase,70,,325,,matched,explicit_author_bounds,
1245,HED,TPO,8as3,A,295,,PF02752,Arrestin_C,193,,356,,matched,explicit_author_bounds,
1246,HED,TPO,8go8,A,295,,PF02752,Arrestin_C,193,,356,,matched,explicit_author_bounds,
1247,HED,TPO,8goc,B,296,,PF02752,Arrestin_C,194,,349,,matched,explicit_author_bounds,
1248,HED,TPO,8goo,C,296,,PF02752,Arrestin_C,194,,349,,matched,explicit_author_bounds,
1249,HED,TPO,8i0n,A,295,,PF02752,Arrestin_C,193,,356,,matched,explicit_author_bounds,
1250,HED,TPO,8i0z,B,296,,PF02752,Arrestin_C,194,,349,,matched,explicit_author_bounds,
1251,HED,TPO,8i10,A,296,,PF02752,Arrestin_C,194,,349,,matched,explicit_author_bounds,
1252,HED,TPO,8j8r,A,296,,PF02752,Arrestin_C,194,,349,,matched,explicit_author_bounds,
1253,HED,TPO,8j97,A,295,,PF02752,Arrestin_C,193,,356,,matched,explicit_author_bounds,
1254,HED,TPO,8ja3,B,295,,PF02752,Arrestin_C,193,,356,,matched,explicit_author_bounds,
1255,HED,TPO,8jaf,A,295,,PF02752,Arrestin_C,193,,356,,matched,inferred_author_start,
1256,HED,TPO,8jru,A,295,,PF02752,Arrestin_C,193,,356,,matched,explicit_author_bounds,
1257,HED,TPO,8jrv,A,295,,PF02752,Arrestin_C,193,,356,,matched,explicit_author_bounds,
1258,HED,TPO,8tii,A,295,,PF02752,Arrestin_C,193,,356,,matched,explicit_author_bounds,
1259,HED,TPO,8til,A,296,,PF02752,Arrestin_C,194,,349,,matched,inferred_author_start,
1260,HED,TPO,8tin,A,296,,PF02752,Arrestin_C,194,,349,,matched,inferred_author_start,
1261,HED,TPO,8tio,A,295,,PF02752,Arrestin_C,193,,356,,matched,inferred_author_start,
1262,HED,TPO,8vj9,A,296,,PF02752,Arrestin_C,186,,349,,matched,inferred_author_start,
1263,HED,TPO,8wrz,A,295,,PF02752,Arrestin_C,193,,356,,matched,explicit_author_bounds,
1264,HED,TPO,8wu1,C,295,,PF02752,Arrestin_C,193,,356,,matched,explicit_author_bounds,
1265,HED,TPO,8zyt,B,294,,PF02752,Arrestin_C,192,,355,,matched,explicit_author_bounds,
1266,HED,TPO,8zyu,B,294,,PF02752,Arrestin_C,192,,355,,matched,explicit_author_bounds,
1267,HED,TPO,8zyy,B,294,,PF02752,Arrestin_C,192,,355,,matched,explicit_author_bounds,
1268,HED,TPO,9bt8,B,295,,PF02752,Arrestin_C,193,,356,,matched,explicit_author_bounds,
1269,HED,TPO,9cx3,B,295,,PF02752,Arrestin_C,193,,356,,matched,explicit_author_bounds,
1270,HED,TPO,9cx9,A,295,,PF02752,Arrestin_C,193,,356,,matched,inferred_author_start,
1271,HED,TPO,9e82,A,295,,PF02752,Arrestin_C,193,,356,,matched,explicit_author_bounds,
1272,HED,TPO,9ijr,C,295,,PF02752,Arrestin_C,193,,356,,matched,explicit_author_bounds,
1273,HED,TPO,9ijs,C,295,,PF02752,Arrestin_C,193,,356,,matched,explicit_author_bounds,
1274,HED,TPO,9kuv,A,295,,,,,,,,no_pdb_chain_mapping,,no_pdb_chain_mapping
1275,HED,TPO,9kuw,B,295,,,,,,,,no_pdb_chain_mapping,,no_pdb_chain_mapping
1276,HED,TPO,9kux,A,295,,,,,,,,no_pdb_chain_mapping,,no_pdb_chain_mapping
1277,HED,TPO,9ky2,F,296,,PF02752,Arrestin_C,194,,349,,matched,explicit_author_bounds,
1278,HED,TPO,9kyu,D,295,,PF02752,Arrestin_C,193,,356,,matched,explicit_author_bounds,
1279,HED,TPO,9lxp,B,295,,PF02752,Arrestin_C,193,,356,,matched,explicit_author_bounds,
1280,HED,TPO,9lxr,B,295,,PF02752,Arrestin_C,193,,356,,matched,explicit_author_bounds,
1281,HED,TPO,9ly2,B,295,,PF02752,Arrestin_C,193,,356,,matched,explicit_author_bounds,
1282,HED,TPO,9ly3,B,295,,PF02752,Arrestin_C,193,,356,,matched,explicit_author_bounds,
1283,HED,TPO,9lz1,A,295,,PF02752,Arrestin_C,193,,356,,matched,explicit_author_bounds,
1284,HED,TPO,9lz2,A,295,,PF02752,Arrestin_C,193,,356,,matched,explicit_author_bounds,
1285,HED,TPO,9m0d,B,294,,PF02752,Arrestin_C,192,,355,,matched,explicit_author_bounds,
1286,HED,TPO,9mba,C,295,,PF02752,Arrestin_C,193,,356,,matched,inferred_author_start,
1287,HED,TPO,9uyh,A,295,,PF02752,Arrestin_C,193,,356,,matched,inferred_author_start,
1288,HED,TPO,9uyi,A,295,,PF02752,Arrestin_C,193,,356,,matched,inferred_author_start,
1289,HED,TPO,9uyj,A,295,,PF02752,Arrestin_C,193,,356,,matched,inferred_author_start,
1290,HED,TPO,9uyl,A,295,,PF02752,Arrestin_C,193,,356,,matched,inferred_author_start,
1291,HED,TPO,9uym,A,296,,PF02752,Arrestin_C,194,,349,,matched,inferred_author_start,
1292,HED,TPO,9uyn,A,295,,PF02752,Arrestin_C,193,,356,,matched,inferred_author_start,
1293,HED,TPO,9wsv,C,295,,PF02752,Arrestin_C,193,,356,,matched,explicit_author_bounds,
1294,HED,TPO,9wsx,C,295,,PF02752,Arrestin_C,193,,356,,matched,explicit_author_bounds,
1295,HED,TPO,9zzo,C,295,,PF02752,Arrestin_C,193,,348,,matched,explicit_author_bounds,
1296,IKP,PTR,1gng,B,182,,PF00069,Pkinase,56,,340,,matched,explicit_author_bounds,
1297,IKP,PTR,1o9u,A,182,,PF00069,Pkinase,56,,340,,matched,explicit_author_bounds,
1298,IKP,PTR,2ow3,A,182,,PF00069,Pkinase,56,,340,,matched,explicit_author_bounds,
1299,IKP,PTR,2q8y,A,159,,,,,,,,no_pdb_chain_mapping,,no_pdb_chain_mapping
1300,IKP,PTR,2z8p,A,159,,PF03536,OspF_SpvC,2,,241,,matched,inferred_author_start,
1301,IKP,PTR,3f7z,B,182,,PF00069,Pkinase,56,,340,,matched,explicit_author_bounds,
1302,IKP,PTR,3f88,B,182,,PF00069,Pkinase,56,,340,,matched,explicit_author_bounds,
1303,IKP,PTR,3gb2,A,182,,PF00069,Pkinase,56,,340,,matched,explicit_author_bounds,
1304,IKP,PTR,3say,A,182,,PF00069,Pkinase,56,,340,,matched,explicit_author_bounds,
1305,IKP,PTR,3zdi,A,182,,PF00069,Pkinase,56,,340,,matched,explicit_author_bounds,
1306,IKP,PTR,3zrk,A,182,,PF00069,Pkinase,56,,340,,matched,explicit_author_bounds,
1307,IKP,PTR,3zrl,A,182,,PF00069,Pkinase,56,,340,,matched,explicit_author_bounds,
1308,IKP,PTR,3zrm,A,182,,PF00069,Pkinase,56,,340,,matched,explicit_author_bounds,
1309,IKP,PTR,4afj,A,182,,PF00069,Pkinase,56,,340,,matched,explicit_author_bounds,
1310,IKP,PTR,4e7w,A,163,,PF00069,Pkinase,38,,321,,matched,explicit_author_bounds,
1311,IKP,PTR,4ijp,A,816,,PF00069,Pkinase,687,,1003,,matched,explicit_author_bounds,
1312,IKP,PTR,4j1r,A,182,,PF00069,Pkinase,56,,340,,matched,explicit_author_bounds,
1313,IKP,PTR,4j71,B,182,,PF00069,Pkinase,56,,340,,matched,explicit_author_bounds,
1314,IKP,PTR,5hln,B,182,,PF00069,Pkinase,56,,340,,matched,explicit_author_bounds,
1315,IKP,PTR,5hlp,B,182,,PF00069,Pkinase,56,,340,,matched,explicit_author_bounds,
1316,IKP,PTR,5k5n,A,182,,PF00069,Pkinase,56,,340,,matched,explicit_author_bounds,
1317,IKP,PTR,5kpk,B,182,,PF00069,Pkinase,56,,340,,matched,explicit_author_bounds,
1318,IKP,PTR,5kpl,B,182,,PF00069,Pkinase,56,,340,,matched,explicit_author_bounds,
1319,IKP,PTR,5kpm,B,182,,PF00069,Pkinase,56,,340,,matched,explicit_author_bounds,
1320,IKP,PTR,5oy4,B,182,,PF00069,Pkinase,56,,340,,matched,explicit_author_bounds,
1321,IKP,PTR,5t31,A,182,,PF00069,Pkinase,56,,340,,matched,explicit_author_bounds,
1322,IKP,PTR,6ae3,A,182,,PF00069,Pkinase,56,,340,,matched,explicit_author_bounds,
1323,IKP,PTR,6b8j,A,182,,PF00069,Pkinase,56,,340,,matched,explicit_author_bounds,
1324,IKP,PTR,6gn1,A,182,,PF00069,Pkinase,56,,340,,matched,explicit_author_bounds,
1325,IKP,PTR,6hk3,A,182,,PF00069,Pkinase,56,,340,,matched,explicit_author_bounds,
1326,IKP,PTR,6hk4,B,182,,PF00069,Pkinase,56,,340,,matched,explicit_author_bounds,
1327,IKP,PTR,6hk7,A,182,,PF00069,Pkinase,56,,340,,matched,explicit_author_bounds,
1328,IKP,PTR,6tcu,A,182,,PF00069,Pkinase,56,,340,,matched,explicit_author_bounds,
1329,IKP,PTR,6v6l,A,182,,PF00069,Pkinase,56,,340,,matched,explicit_author_bounds,
1330,IKP,PTR,6y9r,A,182,,PF00069,Pkinase,56,,340,,matched,explicit_author_bounds,
1331,IKP,PTR,6y9s,B,182,,PF00069,Pkinase,56,,340,,matched,explicit_author_bounds,
1332,IKP,PTR,7b6f,A,182,,PF00069,Pkinase,56,,340,,matched,explicit_author_bounds,
1333,IKP,PTR,7s6v,A,152,,PF00069,Pkinase,20,,313,,matched,explicit_author_bounds,
1334,IKP,PTR,7sxf,A,245,,PF00069,Pkinase,119,,403,,matched,explicit_author_bounds,
1335,IKP,PTR,7sxg,A,245,,PF00069,Pkinase,119,,403,,matched,explicit_author_bounds,
1336,IKP,PTR,7sxh,A,182,,PF00069,Pkinase,56,,340,,matched,explicit_author_bounds,
1337,IKP,PTR,7sxj,A,182,,PF00069,Pkinase,56,,340,,matched,explicit_author_bounds,
1338,IKP,PTR,7z1f,A,182,,PF00069,Pkinase,56,,340,,matched,explicit_author_bounds,
1339,IKP,PTR,8auz,A,182,,PF00069,Pkinase,56,,340,,matched,explicit_author_bounds,
1340,IKP,PTR,8av1,A,182,,PF00069,Pkinase,56,,340,,matched,explicit_author_bounds,
1341,IKP,PTR,8qji,A,182,,PF00069,Pkinase,56,,340,,matched,explicit_author_bounds,
1342,IKP,PTR,9hvx,A,158,,,,,,,,no_pdb_chain_mapping,,no_pdb_chain_mapping
1343,IKP,PTR,9pe9,B,182,,PF00069,Pkinase,56,,340,,matched,explicit_author_bounds,
1344,IKP,SEP,3o2q,E,91,,PF04722,Ssu72,6,,194,,matched,explicit_author_bounds,
1345,IKP,SEP,4h3h,E,91,,PF04722,Ssu72,6,,194,,matched,explicit_author_bounds,
1346,IKP,SEP,4h3k,E,91,,PF04722,Ssu72,6,,194,,matched,explicit_author_bounds,
1347,IKP,SEP,5dmz,B,918,,PF00069,Pkinase,787,,1046,,matched,explicit_author_bounds,
1348,IKP,SEP,5w7x,B,54,,PF17913,FHA_2,7,,71,,matched,explicit_author_bounds,
1349,IKP,SEP,6f7b,A,918,,PF00069,Pkinase,787,,1046,,matched,explicit_author_bounds,
1350,IKP,SEP,9gd6,F,11,,PF00334,NDK,5,,139,,matched,explicit_author_bounds,
1351,IKP,SEP,9rj2,B,918,,PF00069,Pkinase,787,,1046,,matched,explicit_author_bounds,
1352,IKP,SEP,9rj4,B,918,,PF00069,Pkinase,787,,1046,,matched,explicit_author_bounds,
1353,IKP,SEP,9uw3,A,103,,PF00069,Pkinase,68,,361,,matched,explicit_author_bounds,
1354,IKP,SEP,9uw4,A,103,,PF00069,Pkinase,68,,361,,matched,explicit_author_bounds,
1355,IKP,TPO,2q8y,A,159,,,,,,,,no_pdb_chain_mapping,,no_pdb_chain_mapping
1356,IKP,TPO,2wtv,D,257,,PF00069,Pkinase,133,,383,,matched,explicit_author_bounds,
1357,IKP,TPO,2z8p,A,159,,PF03536,OspF_SpvC,2,,241,,matched,inferred_author_start,
1358,IKP,TPO,4ceg,A,257,,PF00069,Pkinase,133,,383,,matched,explicit_author_bounds,
1359,IKP,TPO,5dn3,A,257,,PF00069,Pkinase,133,,383,,matched,explicit_author_bounds,
1360,IKP,TPO,5dnr,A,257,,PF00069,Pkinase,133,,383,,matched,explicit_author_bounds,
1361,IKP,TPO,5l8k,A,257,,PF00069,Pkinase,133,,383,,matched,explicit_author_bounds,
1362,IKP,TPO,5l8l,A,257,,PF00069,Pkinase,133,,383,,matched,explicit_author_bounds,
1363,IKP,TPO,5orl,A,257,,PF00069,Pkinase,133,,383,,matched,explicit_author_bounds,
1364,IKP,TPO,6vpl,B,257,,PF00069,Pkinase,133,,383,,matched,explicit_author_bounds,
1365,IKP,TPO,6vpm,A,257,,PF00069,Pkinase,133,,383,,matched,explicit_author_bounds,
1366,IKP,TPO,8c14,A,257,,PF00069,Pkinase,133,,383,,matched,explicit_author_bounds,
1367,IKP,TPO,8c1e,A,257,,PF00069,Pkinase,133,,383,,matched,explicit_author_bounds,
1368,IKP,TPO,8c1m,A,257,,PF00069,Pkinase,133,,383,,matched,explicit_author_bounds,
1369,IKP,TPO,9bzg,A,257,,PF00069,Pkinase,133,,383,,matched,explicit_author_bounds,
1370,IKP,TPO,9bzl,B,257,,PF00069,Pkinase,133,,383,,matched,explicit_author_bounds,
1371,IKP,TPO,9fmp,B,601,,PF00069,Pkinase,468,,806,,matched,explicit_author_bounds,
1372,INP,PTR,6df1,H,51,,,,,,,,no_pdb_chain_mapping,,no_pdb_chain_mapping
1373,INP,PTR,6df2,B,51,,,,,,,,no_pdb_chain_mapping,,no_pdb_chain_mapping
1374,INP,SEP,4bju,A,248,,,,,,,,no_pdb_chain_mapping,,no_pdb_chain_mapping
1375,INP,SEP,5m3j,B,3,,,,,,,,no_pdb_chain_mapping,,no_pdb_chain_mapping
1376,INP,SEP,5oaw,A,248,,,,,,,,no_pdb_chain_mapping,,no_pdb_chain_mapping
1377,INP,SEP,7z42,B,3,,,,,,,,no_pdb_chain_mapping,,no_pdb_chain_mapping
1378,INP,SEP,7z43,BBB,3,,,,,,,,no_pdb_chain_mapping,,no_pdb_chain_mapping
1379,INP,SEP,9d1j,A,454,,,,,,,,no_pdb_chain_mapping,,no_pdb_chain_mapping
1380,INP,TPO,2qkw,A,96,,,,,,,,no_pdb_chain_mapping,,no_pdb_chain_mapping
1381,INP,TPO,6e2m,,,,,,,,,,missing_token_location,,missing_token_location
1382,INP,TPO,7vcf,T,574,,,,,,,,outside_pfam_ranges,,outside_pfam_ranges
1383,LDF,PTR,1shc,A,69,,PF00640,PID,52,,207,,matched,explicit_author_bounds,
1384,LDF,PTR,2g35,A,64,,PF02174,IRS,9,,96,,matched,explicit_author_bounds,
1385,LDF,PTR,2h7d,A,368,,PF02174,IRS,313,,400,,matched,explicit_author_bounds,
1386,LDF,PTR,2h7e,A,368,,PF02174,IRS,313,,400,,matched,explicit_author_bounds,
1387,LDF,PTR,2l1c,A,69,,PF00640,PID,52,,207,,matched,explicit_author_bounds,
1388,LDF,PTR,3nnx,A,167,,PF00069,Pkinase,24,,308,,matched,explicit_author_bounds,
1389,LDF,PTR,6roy,C,4,,,,,,,,no_pdb_chain_mapping,,no_pdb_chain_mapping
1390,LDF,PTR,9cj1,A,167,,PF00069,Pkinase,24,,308,,matched,explicit_author_bounds,
1391,LDF,SEP,3jbl,E,609,,,,,,,,outside_pfam_ranges,,outside_pfam_ranges
1392,LDF,SEP,4kxf,B,614,,,,,,,,outside_pfam_ranges,,outside_pfam_ranges
1393,LDF,SEP,5fwk,K,128,,PF00069,Pkinase,6,,295,,matched,inferred_author_start,
1394,LDF,SEP,5fwl,K,128,,PF00069,Pkinase,6,,295,,matched,explicit_author_bounds,
1395,LDF,SEP,5fwm,K,128,,PF00069,Pkinase,6,,295,,matched,explicit_author_bounds,
1396,LDF,SEP,5fwp,K,128,,PF00069,Pkinase,6,,295,,matched,inferred_author_start,
1397,LDF,SEP,5xw5,A,49,,PF14671,DSPn,12,,151,,matched,explicit_author_bounds,
1398,LDF,SEP,7ms2,A,24,,PF00933,Glyco_hydro_3,14,,285,,matched,explicit_author_bounds,
1399,LDF,SEP,7w5z,7C,123,,,,,,,,no_pdb_chain_mapping,,no_pdb_chain_mapping
1400,LDF,SEP,8b6h,DI,123,,,,,,,,no_pdb_chain_mapping,,no_pdb_chain_mapping
1401,LDF,SEP,8bqs,DI,123,,,,,,,,no_pdb_chain_mapping,,no_pdb_chain_mapping
1402,LDF,SEP,8gym,7C,123,,,,,,,,no_pdb_chain_mapping,,no_pdb_chain_mapping
1403,LDF,SEP,8gzu,90,123,,,,,,,,no_pdb_chain_mapping,,no_pdb_chain_mapping
1404,LDF,TPO,1cm8,A,170,,PF00069,Pkinase,27,,311,,matched,explicit_author_bounds,
1405,LDF,TPO,1ua2,D,15,,PF00069,Pkinase,12,,295,,matched,inferred_author_start,
1406,LDF,TPO,3py3,A,167,,PF00069,Pkinase,24,,308,,matched,explicit_author_bounds,
1407,LDF,TPO,4myg,A,167,,PF00069,Pkinase,25,,308,,matched,explicit_author_bounds,
1408,LDF,TPO,5nzz,G,167,,PF00069,Pkinase,24,,308,,matched,explicit_author_bounds,
1409,LDF,TPO,6tca,H,167,,PF00069,Pkinase,24,,308,,matched,explicit_author_bounds,
1410,LDF,TPO,6zqs,A,167,,PF00069,Pkinase,24,,308,,matched,explicit_author_bounds,
1411,LDF,TPO,7l74,A,169,,,,,,,,no_pdb_chain_mapping,,no_pdb_chain_mapping
1412,LDF,TPO,9cj2,A,167,,PF00069,Pkinase,24,,308,,matched,explicit_author_bounds,
1413,LEA,PTR,1fpr,A,330,,PF00102,Y_phosphatase,272,,516,,matched,explicit_author_bounds,
1414,LEA,PTR,1irs,A,254,,PF02174,IRS,166,,261,,matched,explicit_author_bounds,
1415,LEA,PTR,5u1m,A,254,,PF02174,IRS,166,,261,,matched,explicit_author_bounds,
1416,LEA,SEP,2vxc,A,621,,PF00533,BRCT,537,,640,,matched,explicit_author_bounds,
1417,LEA,SEP,3w8k,A,293,,,,,,,,no_pdb_chain_mapping,,no_pdb_chain_mapping
1418,LEA,SEP,6i7e,A,693,,PF00063,Myosin_head,99,,759,,matched,explicit_author_bounds,
1419,LEA,SEP,6il9,A,372,,,,,,,,no_pdb_chain_mapping,,no_pdb_chain_mapping
1420,LEA,SEP,6ilb,D,372,,,,,,,,no_pdb_chain_mapping,,no_pdb_chain_mapping
1421,LEA,SEP,6ta1,A,1472,,,,,,,,outside_pfam_ranges,,outside_pfam_ranges
1422,LEA,SEP,6ycx,B,693,,PF00063,Myosin_head,99,,759,,matched,explicit_author_bounds,
1423,LEA,SEP,8z5r,A,209,,PF00723,Glyco_hydro_15,8,,922,,matched,explicit_author_bounds,
1424,LEA,SEP,8z5t,E,209,,PF00723,Glyco_hydro_15,8,,922,,matched,explicit_author_bounds,
1425,LEA,SEP,9hn5,A,1012,,,,,,,,outside_pfam_ranges,,outside_pfam_ranges
1426,LEA,SEP,9lhu,A,385,,,,,,,,no_pdb_chain_mapping,,no_pdb_chain_mapping
1427,LEA,SEP,9lhw,B,385,,,,,,,,no_pdb_chain_mapping,,no_pdb_chain_mapping
1428,LEA,SEP,9lhy,A,385,,,,,,,,no_pdb_chain_mapping,,no_pdb_chain_mapping
1429,LEA,TPO,1yrp,B,196,,PF00069,Pkinase,13,,275,,matched,explicit_author_bounds,
1430,LEA,TPO,2j90,B,196,,PF00069,Pkinase,13,,275,,matched,explicit_author_bounds,
1431,LEA,TPO,3c4w,B,460,,,,,,,,outside_pfam_ranges,,outside_pfam_ranges
1432,LEA,TPO,6hxf,A,142,,PF00069,Pkinase,36,,294,,matched,explicit_author_bounds,
1433,LEA,TPO,6k3f,F,201,,PF02752,Arrestin_C,195,,350,,matched,explicit_author_bounds,
1434,LEA,TPO,7w5z,5b,389,,,,,,,,outside_pfam_ranges,,outside_pfam_ranges
1435,LEA,TPO,8b6h,DD,389,,,,,,,,outside_pfam_ranges,,outside_pfam_ranges
1436,LEA,TPO,8bqs,Dd,389,,,,,,,,outside_pfam_ranges,,outside_pfam_ranges
1437,LEA,TPO,8gym,vb,389,,,,,,,,no_pdb_chain_mapping,,no_pdb_chain_mapping
1438,LEA,TPO,8gzu,29,389,,,,,,,,outside_pfam_ranges,,outside_pfam_ranges
1439,LEP,PTR,8fla,LE,151,,,,,,,,outside_pfam_ranges,,outside_pfam_ranges
1440,LEP,PTR,8flb,LE,151,,,,,,,,outside_pfam_ranges,,outside_pfam_ranges
1441,LEP,PTR,8flc,LE,151,,,,,,,,outside_pfam_ranges,,outside_pfam_ranges
1442,LEP,SEP,8z5t,F,688,,PF00723,Glyco_hydro_15,47,,878,,matched,explicit_author_bounds,
1443,LEP,SEP,9r2i,D,291,,,,,,,,outside_pfam_ranges,,outside_pfam_ranges
1444,LEP,SEP,9r2n,D,291,,,,,,,,outside_pfam_ranges,,outside_pfam_ranges
1445,LGP,PTR,3zc6,A,1091,,PF07714,PK_Tyr_Ser-Thr,822,,1095,,matched,explicit_author_bounds,
1446,LGP,PTR,3zep,D,1091,,PF07714,PK_Tyr_Ser-Thr,822,,1095,,matched,explicit_author_bounds,
1447,LGP,PTR,4v0g,B,1091,,PF07714,PK_Tyr_Ser-Thr,822,,1095,,matched,explicit_author_bounds,
1448,LGP,PTR,4z16,C,1091,,PF07714,PK_Tyr_Ser-Thr,822,,1095,,matched,explicit_author_bounds,
1449,LGP,PTR,5c26,A,453,,PF07714,PK_Tyr_Ser-Thr,371,,626,,matched,explicit_author_bounds,
1450,LGP,PTR,5w86,B,1091,,PF07714,PK_Tyr_Ser-Thr,822,,1095,,matched,explicit_author_bounds,
1451,LGP,PTR,6aak,A,1091,,PF07714,PK_Tyr_Ser-Thr,822,,1095,,matched,explicit_author_bounds,
1452,LGP,PTR,6hzv,D,1091,,PF07714,PK_Tyr_Ser-Thr,822,,1095,,matched,explicit_author_bounds,
1453,LGP,PTR,7uyv,A,1091,,PF07714,PK_Tyr_Ser-Thr,822,,1095,,matched,explicit_author_bounds,
1454,LGP,PTR,8rpn,A,1091,,PF07714,PK_Tyr_Ser-Thr,822,,1095,,matched,explicit_author_bounds,
1455,LGP,SEP,4isw,B,133,,,,,,,,no_pdb_chain_mapping,,no_pdb_chain_mapping
1456,LGP,SEP,4jqi,V,351,,,,,,,,no_pdb_chain_mapping,,no_pdb_chain_mapping
1457,LGP,SEP,5my9,,,,,,,,,,missing_token_location,,missing_token_location
1458,LGP,SEP,5ok9,,,,,,,,,,missing_token_location,,missing_token_location
1459,LGP,SEP,6j6g,R,83,,PF16131,Torus,4,,114,,matched,explicit_author_bounds,
1460,LGP,SEP,6j6h,R,83,,PF16131,Torus,4,,114,,matched,explicit_author_bounds,
1461,LGP,SEP,6j6n,R,83,,PF16131,Torus,4,,114,,matched,explicit_author_bounds,
1462,LGP,SEP,6j6q,R,83,,PF16131,Torus,4,,114,,matched,explicit_author_bounds,
1463,LGP,SEP,7b9v,M,83,,,,,,,,no_pdb_chain_mapping,,no_pdb_chain_mapping
1464,LGP,SEP,7df9,V,351,,,,,,,,no_pdb_chain_mapping,,no_pdb_chain_mapping
1465,LGP,SEP,7dfa,V,7,,,,,,,,no_pdb_chain_mapping,,no_pdb_chain_mapping
1466,LGP,SEP,7dfb,V,351,,,,,,,,no_pdb_chain_mapping,,no_pdb_chain_mapping
1467,LGP,SEP,7dfc,V,351,,,,,,,,no_pdb_chain_mapping,,no_pdb_chain_mapping
1468,LGP,SEP,7ms2,A,697,,,,,,,,outside_pfam_ranges,,outside_pfam_ranges
1469,LGP,SEP,7vcf,T,527,,,,,,,,outside_pfam_ranges,,outside_pfam_ranges
1470,LGP,SEP,8xqw,,,,,,,,,,missing_token_location,,missing_token_location
1471,LGP,SEP,8xqx,,,,,,,,,,missing_token_location,,missing_token_location
1472,LGP,SEP,9ci3,A,936,,,,,,,,outside_pfam_ranges,,outside_pfam_ranges
1473,LGP,TPO,3oun,B,269,,,,,,,,no_pdb_chain_mapping,,no_pdb_chain_mapping
1474,LGP,TPO,4jqi,V,351,,,,,,,,no_pdb_chain_mapping,,no_pdb_chain_mapping
1475,LGP,TPO,7df9,V,351,,,,,,,,no_pdb_chain_mapping,,no_pdb_chain_mapping
1476,LGP,TPO,7dfa,V,7,,,,,,,,no_pdb_chain_mapping,,no_pdb_chain_mapping
1477,LGP,TPO,7dfb,V,351,,,,,,,,no_pdb_chain_mapping,,no_pdb_chain_mapping
1478,LGP,TPO,7dfc,V,351,,,,,,,,no_pdb_chain_mapping,,no_pdb_chain_mapping
1479,LGP,TPO,7vcf,T,527,,,,,,,,outside_pfam_ranges,,outside_pfam_ranges
1480,LIR,PTR,1a81,A,127,,,,,,,,outside_pfam_ranges,,outside_pfam_ranges
1481,LIR,PTR,1aot,F,32,,PF00017,SH2,7,,89,,matched,explicit_author_bounds,
1482,LIR,PTR,1aou,F,32,,PF00017,SH2,7,,89,,matched,explicit_author_bounds,
1483,LIR,PTR,1bm2,A,84,,PF00017,SH2,60,,135,,matched,explicit_author_bounds,
1484,LIR,PTR,1bmb,A,84,,PF00017,SH2,60,,135,,matched,explicit_author_bounds,
1485,LIR,PTR,1csy,A,40,,PF00017,SH2,15,,91,,matched,explicit_author_bounds,
1486,LIR,PTR,1csz,A,40,,PF00017,SH2,15,,91,,matched,explicit_author_bounds,
1487,LIR,PTR,1fyr,D,84,,PF00017,SH2,60,,135,,matched,explicit_author_bounds,
1488,LIR,PTR,1i3z,A,29,,PF00017,SH2,5,,86,,matched,explicit_author_bounds,
1489,LIR,PTR,1jyq,A,84,,PF00017,SH2,60,,135,,matched,explicit_author_bounds,
1490,LIR,PTR,1jyr,A,84,,PF00017,SH2,60,,135,,matched,explicit_author_bounds,
1491,LIR,PTR,1lcj,A,152,,PF00017,SH2,127,,209,,matched,explicit_author_bounds,
1492,LIR,PTR,1lck,A,152,,PF00017,SH2,127,,209,,matched,explicit_author_bounds,
1493,LIR,PTR,1lkk,A,152,,PF00017,SH2,127,,209,,matched,explicit_author_bounds,
1494,LIR,PTR,1lkl,A,152,,PF00017,SH2,127,,209,,matched,explicit_author_bounds,
1495,LIR,PTR,1qg1,E,29,,PF00017,SH2,5,,80,,matched,explicit_author_bounds,
1496,LIR,PTR,1tze,E,84,,PF00017,SH2,60,,135,,matched,explicit_author_bounds,
1497,LIR,PTR,1x27,E,152,,PF00017,SH2,127,,209,,matched,explicit_author_bounds,
1498,LIR,PTR,1zfp,E,84,,PF00017,SH2,60,,135,,matched,explicit_author_bounds,
1499,LIR,PTR,2bbu,A,40,,PF00017,SH2,17,,98,,matched,explicit_author_bounds,
1500,LIR,PTR,2ci9,A,306,,PF00017,SH2,282,,356,,matched,explicit_author_bounds,
1501,LIR,PTR,2cia,A,309,,PF00017,SH2,285,,359,,matched,explicit_author_bounds,
1502,LIR,PTR,2h5k,A,84,,PF00017,SH2,60,,135,,matched,explicit_author_bounds,
1503,LIR,PTR,2hmh,A,69,,PF00017,SH2,46,,127,,matched,explicit_author_bounds,
1504,LIR,PTR,2lnw,A,696,,PF00017,SH2,673,,747,,matched,explicit_author_bounds,
1505,LIR,PTR,2mrk,A,174,,PF00017,SH2,149,,231,,matched,explicit_author_bounds,
1506,LIR,PTR,3mxc,A,84,,PF00017,SH2,60,,135,,matched,explicit_author_bounds,
1507,LIR,PTR,3mxy,A,84,,PF00017,SH2,60,,135,,matched,explicit_author_bounds,
1508,LIR,PTR,3n7y,A,84,,PF00017,SH2,60,,135,,matched,explicit_author_bounds,
1509,LIR,PTR,3n84,A,84,,PF00017,SH2,60,,135,,matched,explicit_author_bounds,
1510,LIR,PTR,3n8m,A,84,,PF00017,SH2,60,,135,,matched,explicit_author_bounds,
1511,LIR,PTR,3ov1,A,84,,PF00017,SH2,60,,135,,matched,explicit_author_bounds,
1512,LIR,PTR,3ove,A,84,,PF00017,SH2,60,,135,,matched,explicit_author_bounds,
1513,LIR,PTR,3s8l,A,84,,PF00017,SH2,60,,135,,matched,explicit_author_bounds,
1514,LIR,PTR,3s8n,A,84,,PF00017,SH2,60,,135,,matched,explicit_author_bounds,
1515,LIR,PTR,3s8o,A,84,,PF00017,SH2,60,,135,,matched,explicit_author_bounds,
1516,LIR,PTR,3wa4,A,84,,PF00017,SH2,60,,135,,matched,explicit_author_bounds,
1517,LIR,PTR,4gl9,G,69,,PF00017,SH2,46,,127,,matched,explicit_author_bounds,
1518,LIR,PTR,4jmg,A,64,,,,,,,,no_pdb_chain_mapping,,no_pdb_chain_mapping
1519,LIR,PTR,4jmh,A,64,,,,,,,,no_pdb_chain_mapping,,no_pdb_chain_mapping
1520,LIR,PTR,4p9v,A,84,,PF00017,SH2,60,,135,,matched,explicit_author_bounds,
1521,LIR,PTR,4p9z,A,84,,PF00017,SH2,60,,135,,matched,explicit_author_bounds,
1522,LIR,PTR,4roj,C,696,,PF00017,SH2,673,,747,,matched,explicit_author_bounds,
1523,LIR,PTR,4u1p,A,48,,PF00017,SH2,23,,105,,matched,explicit_author_bounds,
1524,LIR,PTR,5cdw,O,32,,PF00017,SH2,8,,83,,matched,explicit_author_bounds,
1525,LIR,PTR,6c5x,A,102,,PF00017,SH2,79,,154,,matched,explicit_author_bounds,
1526,LIR,PTR,6e8k,A,44,,PF00017,SH2,16,,92,,matched,explicit_author_bounds,
1527,LIR,PTR,6e8m,A,44,,PF00017,SH2,16,,92,,matched,explicit_author_bounds,
1528,LIR,PTR,6i4x,A,71,,PF00017,SH2,48,,129,,matched,explicit_author_bounds,
1529,LIR,PTR,6i5j,A,71,,PF00017,SH2,48,,129,,matched,explicit_author_bounds,
1530,LIR,PTR,6i5n,A,71,,PF00017,SH2,48,,129,,matched,explicit_author_bounds,
1531,LIR,PTR,6pxc,A,205,,PF00017,SH2,181,,256,,matched,explicit_author_bounds,
1532,LIR,PTR,6wm1,A,84,,PF00017,SH2,60,,135,,matched,explicit_author_bounds,
1533,LIR,PTR,6wo2,A,84,,PF00017,SH2,60,,135,,matched,explicit_author_bounds,
1534,LIR,PTR,7q5t,EEE,193,,PF00017,SH2,168,,244,,matched,explicit_author_bounds,
1535,LIR,PTR,7q5u,EEE,193,,PF00017,SH2,168,,244,,matched,explicit_author_bounds,
1536,LIR,PTR,7q5w,FFF,193,,PF00017,SH2,168,,244,,matched,explicit_author_bounds,
1537,LIR,PTR,7rnv,A,696,,PF00017,SH2,673,,747,,matched,explicit_author_bounds,
1538,LIR,PTR,7uy0,B,173,,PF00017,SH2,148,,230,,matched,explicit_author_bounds,
1539,LIR,PTR,7wfy,C,696,,PF00017,SH2,673,,747,,matched,explicit_author_bounds,
1540,LIR,PTR,8dgo,B,84,,PF00017,SH2,60,,135,,matched,explicit_author_bounds,
1541,LIR,PTR,8dgq,A,205,,PF00017,SH2,181,,256,,matched,explicit_author_bounds,
1542,LIR,SEP,1yhs,A,266,,PF00069,Pkinase,38,,290,,matched,explicit_author_bounds,
1543,LIR,SEP,1yi3,A,266,,PF00069,Pkinase,38,,290,,matched,explicit_author_bounds,
1544,LIR,SEP,1yi4,A,266,,PF00069,Pkinase,38,,290,,matched,explicit_author_bounds,
1545,LIR,SEP,2bik,B,266,,PF00069,Pkinase,38,,290,,matched,explicit_author_bounds,
1546,LIR,SEP,2bzi,B,266,,PF00069,Pkinase,38,,290,,matched,explicit_author_bounds,
1547,LIR,SEP,2lue,A,22,,PF02991,ATG8,15,,119,,matched,explicit_author_bounds,
1548,LIR,SEP,2obj,A,266,,PF00069,Pkinase,38,,290,,matched,explicit_author_bounds,
1549,LIR,SEP,2xix,A,266,,PF00069,Pkinase,38,,290,,matched,explicit_author_bounds,
1550,LIR,SEP,2xiy,A,266,,PF00069,Pkinase,38,,290,,matched,explicit_author_bounds,
1551,LIR,SEP,2xiz,A,266,,PF00069,Pkinase,38,,290,,matched,explicit_author_bounds,
1552,LIR,SEP,2xj1,A,266,,PF00069,Pkinase,38,,290,,matched,explicit_author_bounds,
1553,LIR,SEP,2xj2,A,266,,PF00069,Pkinase,38,,290,,matched,explicit_author_bounds,
1554,LIR,SEP,3bgp,A,266,,PF00069,Pkinase,38,,290,,matched,explicit_author_bounds,
1555,LIR,SEP,3bgq,A,266,,PF00069,Pkinase,38,,290,,matched,explicit_author_bounds,
1556,LIR,SEP,3bgz,A,266,,PF00069,Pkinase,38,,290,,matched,explicit_author_bounds,
1557,LIR,SEP,3cy3,A,266,,PF00069,Pkinase,38,,290,,matched,explicit_author_bounds,
1558,LIR,SEP,3dcv,A,266,,PF00069,Pkinase,38,,290,,matched,explicit_author_bounds,
1559,LIR,SEP,3f2a,A,266,,PF00069,Pkinase,38,,290,,matched,explicit_author_bounds,
1560,LIR,SEP,3ma3,A,266,,PF00069,Pkinase,38,,290,,matched,explicit_author_bounds,
1561,LIR,SEP,3t9i,A,266,,PF00069,Pkinase,38,,290,,matched,explicit_author_bounds,
1562,LIR,SEP,4a7c,A,266,,PF00069,Pkinase,38,,290,,matched,explicit_author_bounds,
1563,LIR,SEP,4bzn,A,266,,PF00069,Pkinase,38,,290,,matched,explicit_author_bounds,
1564,LIR,SEP,4bzo,A,266,,PF00069,Pkinase,38,,290,,matched,explicit_author_bounds,
1565,LIR,SEP,4i41,A,266,,PF00069,Pkinase,38,,290,,matched,explicit_author_bounds,
1566,LIR,SEP,4iaa,A,266,,PF00069,Pkinase,38,,290,,matched,explicit_author_bounds,
1567,LIR,SEP,4jax,D,379,,PF03727,Hexokinase_2,226,,469,,matched,explicit_author_bounds,
1568,LIR,SEP,4m69,A,233,,PF00069,Pkinase,22,,288,,matched,explicit_author_bounds,
1569,LIR,SEP,4n6y,A,266,,PF00069,Pkinase,38,,290,,matched,explicit_author_bounds,
1570,LIR,SEP,4n6z,A,266,,PF00069,Pkinase,38,,290,,matched,explicit_author_bounds,
1571,LIR,SEP,4n70,A,266,,PF00069,Pkinase,38,,290,,matched,explicit_author_bounds,
1572,LIR,SEP,4rbl,A,266,,PF00069,Pkinase,38,,290,,matched,explicit_author_bounds,
1573,LIR,SEP,4rc2,A,266,,PF00069,Pkinase,38,,290,,matched,explicit_author_bounds,
1574,LIR,SEP,4rc3,A,266,,PF00069,Pkinase,38,,290,,matched,explicit_author_bounds,
1575,LIR,SEP,4rc4,A,266,,PF00069,Pkinase,38,,290,,matched,explicit_author_bounds,
1576,LIR,SEP,4xhk,B,266,,PF00069,Pkinase,38,,290,,matched,explicit_author_bounds,
1577,LIR,SEP,5dwr,A,266,,PF00069,Pkinase,38,,290,,matched,explicit_author_bounds,
1578,LIR,SEP,5ema,A,120,,PF00595,PDZ,43,,133,,matched,explicit_author_bounds,
1579,LIR,SEP,5emb,A,118,,PF00595,PDZ,41,,131,,matched,explicit_author_bounds,
1580,LIR,SEP,5gmv,B,22,,PF02991,ATG8,15,,120,,matched,explicit_author_bounds,
1581,LIR,SEP,5hvk,A,370,,PF07714,PK_Tyr_Ser-Thr,339,,604,,matched,explicit_author_bounds,
1582,LIR,SEP,5iis,A,266,,PF00069,Pkinase,38,,290,,matched,explicit_author_bounds,
1583,LIR,SEP,5lxi,B,63,,PF02991,ATG8,13,,116,,matched,explicit_author_bounds,
1584,LIR,SEP,5n51,A,266,,PF00069,Pkinase,38,,290,,matched,explicit_author_bounds,
1585,LIR,SEP,5n5l,A,266,,PF00069,Pkinase,38,,290,,matched,explicit_author_bounds,
1586,LIR,SEP,5n5m,A,266,,PF00069,Pkinase,38,,290,,matched,explicit_author_bounds,
1587,LIR,SEP,5o11,A,266,,PF00069,Pkinase,38,,290,,matched,explicit_author_bounds,
1588,LIR,SEP,5o12,A,266,,PF00069,Pkinase,38,,290,,matched,explicit_author_bounds,
1589,LIR,SEP,5o13,A,266,,PF00069,Pkinase,38,,290,,matched,explicit_author_bounds,
1590,LIR,SEP,5w0p,D,2174,,PF00339,Arrestin_N,2023,,2181,,matched,explicit_author_bounds,
1591,LIR,SEP,6i3m,K,62,,PF00575,S1,13,,88,,matched,explicit_author_bounds,
1592,LIR,SEP,6jlz,M,61,,PF00575,S1,12,,87,,matched,explicit_author_bounds,
1593,LIR,SEP,6kzi,A,266,,PF00069,Pkinase,38,,290,,matched,explicit_author_bounds,
1594,LIR,SEP,6l11,A,266,,PF00069,Pkinase,38,,290,,matched,explicit_author_bounds,
1595,LIR,SEP,6l12,A,266,,PF00069,Pkinase,38,,290,,matched,explicit_author_bounds,
1596,LIR,SEP,6l13,A,266,,PF00069,Pkinase,38,,290,,matched,explicit_author_bounds,
1597,LIR,SEP,6l14,A,266,,PF00069,Pkinase,38,,290,,matched,explicit_author_bounds,
1598,LIR,SEP,6l15,A,266,,PF00069,Pkinase,38,,290,,matched,explicit_author_bounds,
1599,LIR,SEP,6l16,A,266,,PF00069,Pkinase,38,,290,,matched,explicit_author_bounds,
1600,LIR,SEP,6l17,A,266,,PF00069,Pkinase,38,,290,,matched,explicit_author_bounds,
1601,LIR,SEP,6o9z,M,61,,PF00575,S1,13,,87,,matched,explicit_author_bounds,
1602,LIR,SEP,6pdn,A,266,,PF00069,Pkinase,38,,290,,matched,explicit_author_bounds,
1603,LIR,SEP,6qg0,L,62,,PF00575,S1,13,,88,,matched,explicit_author_bounds,
1604,LIR,SEP,6qg1,L,62,,PF00575,S1,13,,88,,matched,explicit_author_bounds,
1605,LIR,SEP,6qg2,K,62,,PF00575,S1,13,,88,,matched,explicit_author_bounds,
1606,LIR,SEP,6qg3,K,62,,PF00575,S1,13,,88,,matched,explicit_author_bounds,
1607,LIR,SEP,6qg5,K,62,,PF00575,S1,13,,88,,matched,explicit_author_bounds,
1608,LIR,SEP,6qg6,K,62,,PF00575,S1,13,,88,,matched,explicit_author_bounds,
1609,LIR,SEP,6ykd,A,266,,PF00069,Pkinase,38,,290,,matched,explicit_author_bounds,
1610,LIR,SEP,7aa7,A,63,,PF02991,ATG8,13,,116,,matched,inferred_author_end,
1611,LIR,SEP,7d43,K,61,,PF00575,S1,13,,87,,matched,explicit_author_bounds,
1612,LIR,SEP,7d44,K,61,,PF00575,S1,13,,87,,matched,explicit_author_bounds,
1613,LIR,SEP,7d45,K,61,,PF00575,S1,13,,87,,matched,explicit_author_bounds,
1614,LIR,SEP,7qb2,A,266,,PF00069,Pkinase,38,,290,,matched,explicit_author_bounds,
1615,LIR,SEP,7qfm,A,266,,PF00069,Pkinase,38,,290,,matched,explicit_author_bounds,
1616,LIR,SEP,7xsv,A,266,,PF00069,Pkinase,38,,290,,matched,explicit_author_bounds,
1617,LIR,SEP,7z6u,A,266,,PF00069,Pkinase,38,,290,,matched,explicit_author_bounds,
1618,LIR,SEP,7zun,A,266,,PF00069,Pkinase,38,,290,,matched,explicit_author_bounds,
1619,LIR,SEP,8afr,A,266,,PF00069,Pkinase,38,,290,,matched,explicit_author_bounds,
1620,LIR,SEP,8hpo,D,310,,PF08598,Sds3,21,,310,,matched,explicit_author_bounds,
1621,LIR,SEP,8ir2,A,142,,PF23294,BRCT_TopB1_SLF1,121,,199,,matched,explicit_author_bounds,
1622,LIR,SEP,8ir4,B,142,,PF23294,BRCT_TopB1_SLF1,121,,199,,matched,explicit_author_bounds,
1623,LIR,SEP,8r0h,A,266,,PF00069,Pkinase,38,,290,,matched,explicit_author_bounds,
1624,LIR,SEP,8r0q,A,266,,PF00069,Pkinase,38,,290,,matched,explicit_author_bounds,
1625,LIR,SEP,8r0w,A,266,,PF00069,Pkinase,38,,290,,matched,explicit_author_bounds,
1626,LIR,SEP,8r0y,A,266,,PF00069,Pkinase,38,,290,,matched,explicit_author_bounds,
1627,LIR,SEP,8r10,A,266,,PF00069,Pkinase,38,,290,,matched,explicit_author_bounds,
1628,LIR,SEP,8r18,A,266,,PF00069,Pkinase,38,,290,,matched,explicit_author_bounds,
1629,LIR,SEP,8r1k,A,266,,PF00069,Pkinase,38,,290,,matched,explicit_author_bounds,
1630,LIR,SEP,8r1n,A,266,,PF00069,Pkinase,38,,290,,matched,explicit_author_bounds,
1631,LIR,SEP,8r1p,A,266,,PF00069,Pkinase,38,,290,,matched,explicit_author_bounds,
1632,LIR,SEP,8r1t,A,266,,PF00069,Pkinase,38,,290,,matched,explicit_author_bounds,
1633,LIR,SEP,8r1w,A,266,,PF00069,Pkinase,38,,290,,matched,explicit_author_bounds,
1634,LIR,SEP,8r25,A,266,,PF00069,Pkinase,38,,290,,matched,explicit_author_bounds,
1635,LIR,SEP,8r27,A,266,,PF00069,Pkinase,38,,290,,matched,explicit_author_bounds,
1636,LIR,SEP,8sdq,A,1073,,,,,,,,outside_pfam_ranges,,outside_pfam_ranges
1637,LIR,SEP,8wi0,A,1035,,PF00664,ABC_membrane,859,,1143,,matched,explicit_author_bounds,
1638,LIR,SEP,8z5t,J,620,,PF00723,Glyco_hydro_15,47,,878,,matched,explicit_author_bounds,
1639,LIR,SEP,9hvd,L,62,,PF00575,S1,14,,88,,matched,explicit_author_bounds,
1640,LIR,SEP,9qc6,K,61,,PF00575,S1,13,,87,,matched,explicit_author_bounds,
1641,LIR,SEP,9y5r,M,62,,PF00575,S1,14,,88,,matched,explicit_author_bounds,
1642,LIR,SEP,9yki,A,266,,PF00069,Pkinase,38,,290,,matched,explicit_author_bounds,
1643,LIR,TPO,1gxc,K,5,,,,,,,,no_pdb_chain_mapping,,no_pdb_chain_mapping
1644,LIR,TPO,1th1,A,513,,,,,,,,outside_pfam_ranges,,outside_pfam_ranges
1645,LIR,TPO,3amt,A,42,,PF22641,TiaS_TCKD,4,,70,,matched,explicit_author_bounds,
1646,LIR,TPO,3amu,A,42,,PF22641,TiaS_TCKD,4,,70,,matched,explicit_author_bounds,
1647,LIR,TPO,3u02,D,41,,PF22641,TiaS_TCKD,4,,139,,matched,inferred_author_end,
1648,LIR,TPO,4m69,A,233,,PF00069,Pkinase,22,,288,,matched,explicit_author_bounds,
1649,LIR,TPO,4rvz,Z,42,,PF22641,TiaS_TCKD,4,,70,,matched,explicit_author_bounds,
1650,LIR,TPO,5tj3,A,264,,,,,,,,no_pdb_chain_mapping,,no_pdb_chain_mapping
1651,LIR,TPO,5w0p,B,2174,,PF00339,Arrestin_N,2023,,2181,,matched,explicit_author_bounds,
1652,LIR,TPO,5xob,Z,42,,PF22641,TiaS_TCKD,4,,70,,matched,explicit_author_bounds,
1653,LIR,TPO,6agg,Z,42,,PF22641,TiaS_TCKD,4,,70,,matched,explicit_author_bounds,
1654,LIR,TPO,7aa9,K,63,,PF02991,ATG8,13,,116,,matched,explicit_author_bounds,
1655,LIR,TPO,8r4v,C,293,,PF00069,Pkinase,66,,317,,matched,explicit_author_bounds,
1656,LIR,TPO,8vpn,B,1006,,PF03522,SLC12,794,,1019,,matched,inferred_author_start,
1657,LIR,TPO,8vpp,B,1006,,PF03522,SLC12,794,,1019,,matched,inferred_author_start,
1658,LIR,TPO,9bwt,B,1006,,PF03522,SLC12,794,,1019,,matched,inferred_author_start,
1659,LNF,PTR,1pkg,A,679,,PF07714,PK_Tyr_Ser-Thr,589,,924,,matched,explicit_author_bounds,
1660,LNF,PTR,7r06,F,138,,,,,,,,no_pdb_chain_mapping,,no_pdb_chain_mapping
1661,LNF,PTR,7r07,D,138,,,,,,,,no_pdb_chain_mapping,,no_pdb_chain_mapping
1662,LNF,SEP,1a37,B,172,,PF00244,14-3-3,9,,229,,matched,inferred_author_end,
1663,LNF,SEP,1qja,B,172,,PF00244,14-3-3,9,,229,,matched,explicit_author_bounds,
1664,LNF,SEP,1qjb,B,172,,PF00244,14-3-3,9,,229,,matched,explicit_author_bounds,
1665,LNF,SEP,1ywt,B,174,,PF00244,14-3-3,9,,231,,matched,explicit_author_bounds,
1666,LNF,SEP,28uw,A,174,,PF00244,14-3-3,9,,231,,matched,explicit_author_bounds,
1667,LNF,SEP,29ii,A,175,,PF00244,14-3-3,10,,232,,matched,explicit_author_bounds,
1668,LNF,SEP,2br9,A,175,,PF00244,14-3-3,10,,232,,matched,explicit_author_bounds,
1669,LNF,SEP,2btp,A,172,,PF00244,14-3-3,9,,229,,matched,explicit_author_bounds,
1670,LNF,SEP,2c1j,A,172,,PF00244,14-3-3,9,,229,,matched,explicit_author_bounds,
1671,LNF,SEP,2c1n,A,172,,PF00244,14-3-3,9,,229,,matched,explicit_author_bounds,
1672,LNF,SEP,2c63,B,177,,PF00244,14-3-3,10,,234,,matched,explicit_author_bounds,
1673,LNF,SEP,2c74,B,177,,PF00244,14-3-3,10,,234,,matched,explicit_author_bounds,
1674,LNF,SEP,2npm,B,201,,PF00244,14-3-3,34,,258,,matched,explicit_author_bounds,
1675,LNF,SEP,2wh0,B,172,,PF00244,14-3-3,9,,229,,matched,inferred_author_end,
1676,LNF,SEP,30tn,A,174,,PF00244,14-3-3,9,,231,,matched,explicit_author_bounds,
1677,LNF,SEP,30to,A,174,,PF00244,14-3-3,9,,231,,matched,explicit_author_bounds,
1678,LNF,SEP,30tp,A,174,,PF00244,14-3-3,9,,231,,matched,explicit_author_bounds,
1679,LNF,SEP,30tq,A,174,,PF00244,14-3-3,9,,231,,matched,explicit_author_bounds,
1680,LNF,SEP,30tr,A,174,,PF00244,14-3-3,9,,231,,matched,explicit_author_bounds,
1681,LNF,SEP,30ts,A,174,,PF00244,14-3-3,9,,231,,matched,explicit_author_bounds,
1682,LNF,SEP,30tt,A,174,,PF00244,14-3-3,9,,231,,matched,explicit_author_bounds,
1683,LNF,SEP,30yj,A,174,,PF00244,14-3-3,9,,231,,matched,explicit_author_bounds,
1684,LNF,SEP,30zw,A,174,,PF00244,14-3-3,9,,231,,matched,explicit_author_bounds,
1685,LNF,SEP,30zx,A,174,,PF00244,14-3-3,9,,231,,matched,explicit_author_bounds,
1686,LNF,SEP,3axy,I,176,,PF00244,14-3-3,9,,233,,matched,explicit_author_bounds,
1687,LNF,SEP,3cu8,B,172,,PF00244,14-3-3,9,,229,,matched,explicit_author_bounds,
1688,LNF,SEP,3iqj,A,174,,PF00244,14-3-3,9,,231,,matched,explicit_author_bounds,
1689,LNF,SEP,3iqu,A,174,,PF00244,14-3-3,9,,231,,matched,explicit_author_bounds,
1690,LNF,SEP,3iqv,A,174,,PF00244,14-3-3,9,,231,,matched,explicit_author_bounds,
1691,LNF,SEP,3jrw,A,672,,PF02785,Biotin_carb_C,650,,758,,matched,explicit_author_bounds,
1692,LNF,SEP,3mhr,A,174,,PF00244,14-3-3,9,,231,,matched,explicit_author_bounds,
1693,LNF,SEP,3nkx,B,172,,PF00244,14-3-3,9,,229,,matched,explicit_author_bounds,
1694,LNF,SEP,3o8i,A,174,,PF00244,14-3-3,9,,231,,matched,explicit_author_bounds,
1695,LNF,SEP,3p1n,A,174,,PF00244,14-3-3,9,,231,,matched,explicit_author_bounds,
1696,LNF,SEP,3p1o,A,174,,PF00244,14-3-3,9,,231,,matched,explicit_author_bounds,
1697,LNF,SEP,3p1p,A,174,,PF00244,14-3-3,9,,231,,matched,explicit_author_bounds,
1698,LNF,SEP,3p1q,A,174,,PF00244,14-3-3,9,,231,,matched,explicit_author_bounds,
1699,LNF,SEP,3p1r,A,174,,PF00244,14-3-3,9,,231,,matched,explicit_author_bounds,
1700,LNF,SEP,3p1s,A,174,,PF00244,14-3-3,9,,231,,matched,explicit_author_bounds,
1701,LNF,SEP,3q4a,B,130,,,,,,,,outside_pfam_ranges,,outside_pfam_ranges
1702,LNF,SEP,3smk,A,174,,PF00244,14-3-3,9,,231,,matched,explicit_author_bounds,
1703,LNF,SEP,3sml,A,174,,PF00244,14-3-3,9,,231,,matched,explicit_author_bounds,
1704,LNF,SEP,3smm,A,174,,PF00244,14-3-3,9,,231,,matched,explicit_author_bounds,
1705,LNF,SEP,3smn,A,174,,PF00244,14-3-3,9,,231,,matched,explicit_author_bounds,
1706,LNF,SEP,3smo,A,174,,PF00244,14-3-3,9,,231,,matched,explicit_author_bounds,
1707,LNF,SEP,3sp5,A,174,,PF00244,14-3-3,9,,231,,matched,explicit_author_bounds,
1708,LNF,SEP,3spr,A,174,,PF00244,14-3-3,9,,231,,matched,explicit_author_bounds,
1709,LNF,SEP,3ual,A,175,,PF00244,14-3-3,10,,232,,matched,explicit_author_bounds,
1710,LNF,SEP,3ubw,A,175,,PF00244,14-3-3,10,,232,,matched,explicit_author_bounds,
1711,LNF,SEP,3ux0,A,174,,PF00244,14-3-3,9,,231,,matched,explicit_author_bounds,
1712,LNF,SEP,4bg6,A,172,,PF00244,14-3-3,9,,229,,matched,explicit_author_bounds,
1713,LNF,SEP,4bju,A,253,,,,,,,,no_pdb_chain_mapping,,no_pdb_chain_mapping
1714,LNF,SEP,4dat,A,174,,PF00244,14-3-3,9,,231,,matched,explicit_author_bounds,
1715,LNF,SEP,4dau,A,174,,PF00244,14-3-3,9,,231,,matched,explicit_author_bounds,
1716,LNF,SEP,4fj3,A,172,,PF00244,14-3-3,9,,229,,matched,explicit_author_bounds,
1717,LNF,SEP,4fl5,A,174,,PF00244,14-3-3,9,,231,,matched,explicit_author_bounds,
1718,LNF,SEP,4fr3,A,174,,PF00244,14-3-3,9,,231,,matched,explicit_author_bounds,
1719,LNF,SEP,4hkc,A,172,,PF00244,14-3-3,9,,229,,matched,explicit_author_bounds,
1720,LNF,SEP,4iea,A,174,,PF00244,14-3-3,9,,231,,matched,explicit_author_bounds,
1721,LNF,SEP,4ihl,A,172,,PF00244,14-3-3,9,,229,,matched,explicit_author_bounds,
1722,LNF,SEP,4wrq,A,172,,PF00244,14-3-3,9,,229,,matched,explicit_author_bounds,
1723,LNF,SEP,4y32,A,174,,PF00244,14-3-3,9,,231,,matched,explicit_author_bounds,
1724,LNF,SEP,4y5i,A,174,,PF00244,14-3-3,9,,231,,matched,explicit_author_bounds,
1725,LNF,SEP,4zq0,A,179,,PF00244,14-3-3,13,,236,,matched,explicit_author_bounds,
1726,LNF,SEP,5btv,A,174,,PF00244,14-3-3,9,,231,,matched,explicit_author_bounds,
1727,LNF,SEP,5d2d,B,172,,PF00244,14-3-3,9,,229,,matched,explicit_author_bounds,
1728,LNF,SEP,5d3f,A,174,,PF00244,14-3-3,9,,231,,matched,explicit_author_bounds,
1729,LNF,SEP,5ewz,B,172,,PF00244,14-3-3,9,,229,,matched,explicit_author_bounds,
1730,LNF,SEP,5hf3,A,174,,PF00244,14-3-3,9,,231,,matched,explicit_author_bounds,
1731,LNF,SEP,5ltw,B,174,,PF00244,14-3-3,9,,231,,matched,explicit_author_bounds,
1732,LNF,SEP,5lu1,E,174,,PF00244,14-3-3,9,,231,,matched,explicit_author_bounds,
1733,LNF,SEP,5lu2,A,174,,PF00244,14-3-3,9,,231,,matched,explicit_author_bounds,
1734,LNF,SEP,5lx2,A,177,,PF00244,14-3-3,11,,234,,matched,explicit_author_bounds,
1735,LNF,SEP,5m35,A,172,,PF00244,14-3-3,9,,229,,matched,explicit_author_bounds,
1736,LNF,SEP,5m36,A,172,,PF00244,14-3-3,9,,229,,matched,explicit_author_bounds,
1737,LNF,SEP,5m37,B,172,,PF00244,14-3-3,9,,229,,matched,explicit_author_bounds,
1738,LNF,SEP,5my9,A,174,,PF00244,14-3-3,9,,231,,matched,explicit_author_bounds,
1739,LNF,SEP,5myc,A,174,,PF00244,14-3-3,9,,231,,matched,explicit_author_bounds,
1740,LNF,SEP,5n5r,A,174,,PF00244,14-3-3,9,,231,,matched,explicit_author_bounds,
1741,LNF,SEP,5n5t,A,174,,PF00244,14-3-3,9,,231,,matched,explicit_author_bounds,
1742,LNF,SEP,5n5w,A,174,,PF00244,14-3-3,9,,231,,matched,explicit_author_bounds,
1743,LNF,SEP,5n6n,B,177,,PF00244,14-3-3,11,,234,,matched,explicit_author_bounds,
1744,LNF,SEP,5n75,A,174,,PF00244,14-3-3,9,,231,,matched,explicit_author_bounds,
1745,LNF,SEP,5nas,A,172,,PF00244,14-3-3,9,,229,,matched,explicit_author_bounds,
1746,LNF,SEP,5nwi,A,181,,PF00244,14-3-3,14,,238,,matched,explicit_author_bounds,
1747,LNF,SEP,5nwj,A,181,,PF00244,14-3-3,14,,238,,matched,explicit_author_bounds,
1748,LNF,SEP,5nwk,F,181,,PF00244,14-3-3,14,,238,,matched,explicit_author_bounds,
1749,LNF,SEP,5oaw,A,253,,,,,,,,no_pdb_chain_mapping,,no_pdb_chain_mapping
1750,LNF,SEP,5ok9,A,174,,PF00244,14-3-3,9,,231,,matched,explicit_author_bounds,
1751,LNF,SEP,5okf,C,174,,PF00244,14-3-3,9,,231,,matched,explicit_author_bounds,
1752,LNF,SEP,5om0,A,174,,PF00244,14-3-3,9,,231,,matched,explicit_author_bounds,
1753,LNF,SEP,5oma,A,174,,PF00244,14-3-3,9,,231,,matched,explicit_author_bounds,
1754,LNF,SEP,5ulo,A,172,,PF00244,14-3-3,9,,229,,matched,explicit_author_bounds,
1755,LNF,SEP,5yqg,B,177,,PF00244,14-3-3,10,,234,,matched,explicit_author_bounds,
1756,LNF,SEP,6a5q,B,174,,PF00244,14-3-3,11,,231,,matched,explicit_author_bounds,
1757,LNF,SEP,6bd1,A,172,,PF00244,14-3-3,9,,229,,matched,explicit_author_bounds,
1758,LNF,SEP,6bd2,B,172,,PF00244,14-3-3,9,,229,,matched,explicit_author_bounds,
1759,LNF,SEP,6ef5,A,172,,PF00244,14-3-3,9,,229,,matched,explicit_author_bounds,
1760,LNF,SEP,6eih,A,175,,PF00244,14-3-3,10,,232,,matched,explicit_author_bounds,
1761,LNF,SEP,6ejl,A,172,,PF00244,14-3-3,9,,229,,matched,explicit_author_bounds,
1762,LNF,SEP,6eww,D,172,,PF00244,14-3-3,9,,229,,matched,explicit_author_bounds,
1763,LNF,SEP,6f08,I,172,,PF00244,14-3-3,9,,229,,matched,explicit_author_bounds,
1764,LNF,SEP,6f09,R,172,,PF00244,14-3-3,9,,229,,matched,explicit_author_bounds,
1765,LNF,SEP,6fau,A,174,,PF00244,14-3-3,9,,231,,matched,explicit_author_bounds,
1766,LNF,SEP,6fav,A,174,,PF00244,14-3-3,9,,231,,matched,explicit_author_bounds,
1767,LNF,SEP,6faw,A,174,,PF00244,14-3-3,9,,231,,matched,explicit_author_bounds,
1768,LNF,SEP,6fbb,A,174,,PF00244,14-3-3,9,,231,,matched,explicit_author_bounds,
1769,LNF,SEP,6fbw,A,174,,PF00244,14-3-3,9,,231,,matched,explicit_author_bounds,
1770,LNF,SEP,6fby,C,174,,PF00244,14-3-3,9,,231,,matched,explicit_author_bounds,
1771,LNF,SEP,6fcp,A,174,,PF00244,14-3-3,9,,231,,matched,explicit_author_bounds,
1772,LNF,SEP,6fi4,A,174,,PF00244,14-3-3,9,,231,,matched,explicit_author_bounds,
1773,LNF,SEP,6fi5,A,174,,PF00244,14-3-3,9,,231,,matched,explicit_author_bounds,
1774,LNF,SEP,6g6x,A,174,,PF00244,14-3-3,9,,231,,matched,explicit_author_bounds,
1775,LNF,SEP,6g8i,A,174,,PF00244,14-3-3,9,,231,,matched,explicit_author_bounds,
1776,LNF,SEP,6g8j,A,174,,PF00244,14-3-3,9,,231,,matched,explicit_author_bounds,
1777,LNF,SEP,6g8k,A,174,,PF00244,14-3-3,9,,231,,matched,explicit_author_bounds,
1778,LNF,SEP,6g8l,A,174,,PF00244,14-3-3,9,,231,,matched,explicit_author_bounds,
1779,LNF,SEP,6g8p,A,174,,PF00244,14-3-3,9,,231,,matched,explicit_author_bounds,
1780,LNF,SEP,6g8q,A,174,,PF00244,14-3-3,9,,231,,matched,explicit_author_bounds,
1781,LNF,SEP,6ghp,A,174,,PF00244,14-3-3,9,,231,,matched,explicit_author_bounds,
1782,LNF,SEP,6hep,B,174,,PF00244,14-3-3,11,,231,,matched,explicit_author_bounds,
1783,LNF,SEP,6kzg,A,172,,PF00244,14-3-3,9,,229,,matched,explicit_author_bounds,
1784,LNF,SEP,6kzh,A,172,,PF00244,14-3-3,9,,229,,matched,explicit_author_bounds,
1785,LNF,SEP,6nv2,A,174,,PF00244,14-3-3,9,,231,,matched,explicit_author_bounds,
1786,LNF,SEP,6nyb,C,172,,,,,,,,no_pdb_chain_mapping,,no_pdb_chain_mapping
1787,LNF,SEP,6q0j,Y,172,,,,,,,,no_pdb_chain_mapping,,no_pdb_chain_mapping
1788,LNF,SEP,6q0k,Y,172,,PF00244,14-3-3,9,,229,,matched,explicit_author_bounds,
1789,LNF,SEP,6q0t,Y,172,,,,,,,,no_pdb_chain_mapping,,no_pdb_chain_mapping
1790,LNF,SEP,6qhl,A,174,,PF00244,14-3-3,9,,231,,matched,explicit_author_bounds,
1791,LNF,SEP,6qhm,A,174,,PF00244,14-3-3,9,,231,,matched,explicit_author_bounds,
1792,LNF,SEP,6qiu,A,174,,PF00244,14-3-3,9,,231,,matched,explicit_author_bounds,
1793,LNF,SEP,6qk8,D,177,,PF00244,14-3-3,11,,234,,matched,explicit_author_bounds,
1794,LNF,SEP,6qzs,B,174,,PF00244,14-3-3,9,,231,,matched,explicit_author_bounds,
1795,LNF,SEP,6rhc,A,174,,PF00244,14-3-3,9,,231,,matched,explicit_author_bounds,
1796,LNF,SEP,6rjl,A,174,,PF00244,14-3-3,9,,231,,matched,explicit_author_bounds,
1797,LNF,SEP,6rjq,A,174,,PF00244,14-3-3,9,,231,,matched,explicit_author_bounds,
1798,LNF,SEP,6rp6,A,174,,PF00244,14-3-3,9,,231,,matched,explicit_author_bounds,
1799,LNF,SEP,6slw,A,174,,PF00244,14-3-3,9,,231,,matched,explicit_author_bounds,
1800,LNF,SEP,6slx,A,174,,PF00244,14-3-3,9,,231,,matched,explicit_author_bounds,
1801,LNF,SEP,6t5f,C,174,,PF00244,14-3-3,9,,231,,matched,explicit_author_bounds,
1802,LNF,SEP,6t5h,B,174,,PF00244,14-3-3,9,,231,,matched,explicit_author_bounds,
1803,LNF,SEP,6t80,B,174,,PF00244,14-3-3,9,,231,,matched,explicit_author_bounds,
1804,LNF,SEP,6tch,B,174,,PF00244,14-3-3,9,,231,,matched,explicit_author_bounds,
1805,LNF,SEP,6u2h,A,172,,PF00244,14-3-3,9,,229,,matched,explicit_author_bounds,
1806,LNF,SEP,6uan,Z,173,,PF00244,14-3-3,10,,230,,matched,explicit_author_bounds,
1807,LNF,SEP,6w0l,A,174,,PF00244,14-3-3,9,,231,,matched,explicit_author_bounds,
1808,LNF,SEP,6xag,A,172,,PF00244,14-3-3,9,,229,,matched,explicit_author_bounds,
1809,LNF,SEP,6xwd,A,174,,PF00244,14-3-3,9,,231,,matched,explicit_author_bounds,
1810,LNF,SEP,6xxc,A,174,,PF00244,14-3-3,9,,231,,matched,explicit_author_bounds,
1811,LNF,SEP,6xy5,A,174,,PF00244,14-3-3,9,,231,,matched,explicit_author_bounds,
1812,LNF,SEP,6y18,A,174,,PF00244,14-3-3,9,,231,,matched,explicit_author_bounds,
1813,LNF,SEP,6y1d,A,174,,PF00244,14-3-3,9,,231,,matched,explicit_author_bounds,
1814,LNF,SEP,6y1j,A,174,,PF00244,14-3-3,9,,231,,matched,explicit_author_bounds,
1815,LNF,SEP,6y3o,A,174,,PF00244,14-3-3,9,,231,,matched,explicit_author_bounds,
1816,LNF,SEP,6y3s,A,174,,PF00244,14-3-3,9,,231,,matched,explicit_author_bounds,
1817,LNF,SEP,6y3v,A,174,,PF00244,14-3-3,9,,231,,matched,explicit_author_bounds,
1818,LNF,SEP,6y3w,A,174,,PF00244,14-3-3,9,,231,,matched,explicit_author_bounds,
1819,LNF,SEP,6y40,A,174,,PF00244,14-3-3,9,,231,,matched,explicit_author_bounds,
1820,LNF,SEP,6y44,A,174,,PF00244,14-3-3,9,,231,,matched,explicit_author_bounds,
1821,LNF,SEP,6y58,A,174,,PF00244,14-3-3,9,,231,,matched,explicit_author_bounds,
1822,LNF,SEP,6y8a,A,174,,PF00244,14-3-3,9,,231,,matched,explicit_author_bounds,
1823,LNF,SEP,6y8b,A,174,,PF00244,14-3-3,9,,231,,matched,explicit_author_bounds,
1824,LNF,SEP,6y8d,A,174,,PF00244,14-3-3,9,,231,,matched,explicit_author_bounds,
1825,LNF,SEP,6y8e,A,174,,PF00244,14-3-3,9,,231,,matched,explicit_author_bounds,
1826,LNF,SEP,6yia,A,174,,PF00244,14-3-3,9,,231,,matched,explicit_author_bounds,
1827,LNF,SEP,6yib,A,174,,PF00244,14-3-3,9,,231,,matched,explicit_author_bounds,
1828,LNF,SEP,6yic,A,174,,PF00244,14-3-3,9,,231,,matched,explicit_author_bounds,
1829,LNF,SEP,6ymo,A,172,,PF00244,14-3-3,9,,229,,matched,explicit_author_bounds,
1830,LNF,SEP,6yos,A,172,,PF00244,14-3-3,9,,229,,matched,explicit_author_bounds,
1831,LNF,SEP,6yow,A,174,,PF00244,14-3-3,9,,231,,matched,explicit_author_bounds,
1832,LNF,SEP,6yox,A,174,,PF00244,14-3-3,9,,231,,matched,explicit_author_bounds,
1833,LNF,SEP,6yoy,A,174,,PF00244,14-3-3,9,,231,,matched,explicit_author_bounds,
1834,LNF,SEP,6yp2,A,174,,PF00244,14-3-3,9,,231,,matched,explicit_author_bounds,
1835,LNF,SEP,6yp3,A,174,,PF00244,14-3-3,9,,231,,matched,explicit_author_bounds,
1836,LNF,SEP,6yp8,A,174,,PF00244,14-3-3,9,,231,,matched,explicit_author_bounds,
1837,LNF,SEP,6ypl,A,174,,PF00244,14-3-3,9,,231,,matched,explicit_author_bounds,
1838,LNF,SEP,6ypy,A,174,,PF00244,14-3-3,9,,231,,matched,explicit_author_bounds,
1839,LNF,SEP,6yq2,A,174,,PF00244,14-3-3,9,,231,,matched,explicit_author_bounds,
1840,LNF,SEP,6yr5,B,174,,PF00244,14-3-3,9,,231,,matched,explicit_author_bounds,
1841,LNF,SEP,6yr6,C,174,,PF00244,14-3-3,9,,231,,matched,explicit_author_bounds,
1842,LNF,SEP,6yr7,B,174,,PF00244,14-3-3,9,,231,,matched,explicit_author_bounds,
1843,LNF,SEP,6zcj,A,174,,PF00244,14-3-3,9,,231,,matched,explicit_author_bounds,
1844,LNF,SEP,7aew,AAA,174,,PF00244,14-3-3,9,,231,,matched,explicit_author_bounds,
1845,LNF,SEP,7aog,A,174,,PF00244,14-3-3,9,,231,,matched,explicit_author_bounds,
1846,LNF,SEP,7axn,A,174,,PF00244,14-3-3,9,,231,,matched,explicit_author_bounds,
1847,LNF,SEP,7ayf,A,174,,PF00244,14-3-3,9,,231,,matched,explicit_author_bounds,
1848,LNF,SEP,7az1,A,174,,PF00244,14-3-3,9,,231,,matched,explicit_author_bounds,
1849,LNF,SEP,7az2,A,174,,PF00244,14-3-3,9,,231,,matched,explicit_author_bounds,
1850,LNF,SEP,7b13,A,174,,PF00244,14-3-3,9,,231,,matched,explicit_author_bounds,
1851,LNF,SEP,7bdp,A,174,,PF00244,14-3-3,9,,231,,matched,explicit_author_bounds,
1852,LNF,SEP,7bdt,A,174,,PF00244,14-3-3,9,,231,,matched,explicit_author_bounds,
1853,LNF,SEP,7bdy,A,174,,PF00244,14-3-3,9,,231,,matched,explicit_author_bounds,
1854,LNF,SEP,7bfw,A,174,,PF00244,14-3-3,9,,231,,matched,explicit_author_bounds,
1855,LNF,SEP,7bg3,A,174,,PF00244,14-3-3,9,,231,,matched,explicit_author_bounds,
1856,LNF,SEP,7bgq,A,174,,PF00244,14-3-3,9,,231,,matched,explicit_author_bounds,
1857,LNF,SEP,7bgr,A,174,,PF00244,14-3-3,9,,231,,matched,explicit_author_bounds,
1858,LNF,SEP,7bgv,A,174,,PF00244,14-3-3,9,,231,,matched,explicit_author_bounds,
1859,LNF,SEP,7bgw,A,174,,PF00244,14-3-3,9,,231,,matched,explicit_author_bounds,
1860,LNF,SEP,7bi3,A,174,,PF00244,14-3-3,9,,231,,matched,explicit_author_bounds,
1861,LNF,SEP,7biq,A,174,,PF00244,14-3-3,9,,231,,matched,explicit_author_bounds,
1862,LNF,SEP,7biw,A,174,,PF00244,14-3-3,9,,231,,matched,explicit_author_bounds,
1863,LNF,SEP,7biy,A,174,,PF00244,14-3-3,9,,231,,matched,explicit_author_bounds,
1864,LNF,SEP,7bjb,A,174,,PF00244,14-3-3,9,,231,,matched,explicit_author_bounds,
1865,LNF,SEP,7bjf,A,174,,PF00244,14-3-3,9,,231,,matched,explicit_author_bounds,
1866,LNF,SEP,7bjl,A,174,,PF00244,14-3-3,9,,231,,matched,explicit_author_bounds,
1867,LNF,SEP,7bjw,A,174,,PF00244,14-3-3,9,,231,,matched,explicit_author_bounds,
1868,LNF,SEP,7bkh,A,174,,PF00244,14-3-3,9,,231,,matched,explicit_author_bounds,
1869,LNF,SEP,7bm9,A,174,,PF00244,14-3-3,9,,231,,matched,explicit_author_bounds,
1870,LNF,SEP,7bmc,A,174,,PF00244,14-3-3,9,,231,,matched,explicit_author_bounds,
1871,LNF,SEP,7c8e,B,175,,PF00244,14-3-3,10,,232,,matched,explicit_author_bounds,
1872,LNF,SEP,7d8h,A,172,,PF00244,14-3-3,9,,229,,matched,explicit_author_bounds,
1873,LNF,SEP,7d8p,B,172,,PF00244,14-3-3,9,,229,,matched,explicit_author_bounds,
1874,LNF,SEP,7d9v,B,172,,PF00244,14-3-3,9,,229,,matched,explicit_author_bounds,
1875,LNF,SEP,7exe,B,172,,PF00244,14-3-3,9,,229,,matched,explicit_author_bounds,
1876,LNF,SEP,7mfd,D,172,,PF00244,14-3-3,9,,229,,matched,explicit_author_bounds,
1877,LNF,SEP,7mfe,C,172,,PF00244,14-3-3,9,,229,,matched,explicit_author_bounds,
1878,LNF,SEP,7mff,C,172,,PF00244,14-3-3,9,,229,,matched,explicit_author_bounds,
1879,LNF,SEP,7nif,A,174,,PF00244,14-3-3,9,,231,,matched,explicit_author_bounds,
1880,LNF,SEP,7nig,A,174,,PF00244,14-3-3,9,,231,,matched,explicit_author_bounds,
1881,LNF,SEP,7nj6,A,174,,PF00244,14-3-3,9,,231,,matched,explicit_author_bounds,
1882,LNF,SEP,7nj8,A,174,,PF00244,14-3-3,9,,231,,matched,explicit_author_bounds,
1883,LNF,SEP,7nj9,A,174,,PF00244,14-3-3,9,,231,,matched,explicit_author_bounds,
1884,LNF,SEP,7nja,A,174,,PF00244,14-3-3,9,,231,,matched,explicit_author_bounds,
1885,LNF,SEP,7njb,A,174,,PF00244,14-3-3,9,,231,,matched,explicit_author_bounds,
1886,LNF,SEP,7nk3,A,174,,PF00244,14-3-3,9,,231,,matched,explicit_author_bounds,
1887,LNF,SEP,7nk5,A,174,,PF00244,14-3-3,9,,231,,matched,explicit_author_bounds,
1888,LNF,SEP,7nla,A,174,,PF00244,14-3-3,9,,231,,matched,explicit_author_bounds,
1889,LNF,SEP,7nle,A,174,,PF00244,14-3-3,9,,231,,matched,explicit_author_bounds,
1890,LNF,SEP,7nm1,A,174,,PF00244,14-3-3,9,,231,,matched,explicit_author_bounds,
1891,LNF,SEP,7nm3,A,174,,PF00244,14-3-3,9,,231,,matched,explicit_author_bounds,
1892,LNF,SEP,7nm9,A,174,,PF00244,14-3-3,9,,231,,matched,explicit_author_bounds,
1893,LNF,SEP,7nma,A,174,,PF00244,14-3-3,9,,231,,matched,explicit_author_bounds,
1894,LNF,SEP,7nmh,A,174,,PF00244,14-3-3,9,,231,,matched,explicit_author_bounds,
1895,LNF,SEP,7nmw,A,174,,PF00244,14-3-3,9,,231,,matched,explicit_author_bounds,
1896,LNF,SEP,7nmx,A,174,,PF00244,14-3-3,9,,231,,matched,explicit_author_bounds,
1897,LNF,SEP,7nmz,BA,179,,PF00244,14-3-3,12,,236,,matched,explicit_author_bounds,
1898,LNF,SEP,7nn2,A,174,,PF00244,14-3-3,9,,231,,matched,explicit_author_bounds,
1899,LNF,SEP,7nnd,A,174,,PF00244,14-3-3,9,,231,,matched,explicit_author_bounds,
1900,LNF,SEP,7nne,A,174,,PF00244,14-3-3,9,,231,,matched,explicit_author_bounds,
1901,LNF,SEP,7np2,A,174,,PF00244,14-3-3,9,,231,,matched,explicit_author_bounds,
1902,LNF,SEP,7npb,A,174,,PF00244,14-3-3,9,,231,,matched,explicit_author_bounds,
1903,LNF,SEP,7npg,A,174,,PF00244,14-3-3,9,,231,,matched,explicit_author_bounds,
1904,LNF,SEP,7nqp,A,174,,PF00244,14-3-3,9,,231,,matched,explicit_author_bounds,
1905,LNF,SEP,7nr7,A,174,,PF00244,14-3-3,9,,231,,matched,explicit_author_bounds,
1906,LNF,SEP,7nrk,A,174,,PF00244,14-3-3,9,,231,,matched,explicit_author_bounds,
1907,LNF,SEP,7nrl,A,174,,PF00244,14-3-3,9,,231,,matched,explicit_author_bounds,
1908,LNF,SEP,7nsv,A,174,,PF00244,14-3-3,9,,231,,matched,explicit_author_bounds,
1909,LNF,SEP,7nv4,A,174,,PF00244,14-3-3,9,,231,,matched,explicit_author_bounds,
1910,LNF,SEP,7nvi,A,174,,PF00244,14-3-3,9,,231,,matched,explicit_author_bounds,
1911,LNF,SEP,7nws,A,174,,PF00244,14-3-3,9,,231,,matched,explicit_author_bounds,
1912,LNF,SEP,7nxs,A,174,,PF00244,14-3-3,9,,231,,matched,explicit_author_bounds,
1913,LNF,SEP,7nxt,A,174,,PF00244,14-3-3,9,,231,,matched,explicit_author_bounds,
1914,LNF,SEP,7nxw,A,174,,PF00244,14-3-3,9,,231,,matched,explicit_author_bounds,
1915,LNF,SEP,7nxy,A,174,,PF00244,14-3-3,9,,231,,matched,explicit_author_bounds,
1916,LNF,SEP,7ny4,A,174,,PF00244,14-3-3,9,,231,,matched,explicit_author_bounds,
1917,LNF,SEP,7nye,A,174,,PF00244,14-3-3,9,,231,,matched,explicit_author_bounds,
1918,LNF,SEP,7nyf,A,174,,PF00244,14-3-3,9,,231,,matched,explicit_author_bounds,
1919,LNF,SEP,7nyg,A,174,,PF00244,14-3-3,9,,231,,matched,explicit_author_bounds,
1920,LNF,SEP,7nz6,A,174,,PF00244,14-3-3,9,,231,,matched,explicit_author_bounds,
1921,LNF,SEP,7nzg,A,174,,PF00244,14-3-3,9,,231,,matched,explicit_author_bounds,
1922,LNF,SEP,7nzk,A,174,,PF00244,14-3-3,9,,231,,matched,explicit_author_bounds,
1923,LNF,SEP,7nzv,A,174,,PF00244,14-3-3,9,,231,,matched,explicit_author_bounds,
1924,LNF,SEP,7o07,A,174,,PF00244,14-3-3,9,,231,,matched,explicit_author_bounds,
1925,LNF,SEP,7o34,A,174,,PF00244,14-3-3,9,,231,,matched,explicit_author_bounds,
1926,LNF,SEP,7o3a,A,174,,PF00244,14-3-3,9,,231,,matched,explicit_author_bounds,
1927,LNF,SEP,7o3f,A,174,,PF00244,14-3-3,9,,231,,matched,explicit_author_bounds,
1928,LNF,SEP,7o3p,A,174,,PF00244,14-3-3,9,,231,,matched,explicit_author_bounds,
1929,LNF,SEP,7o3q,A,174,,PF00244,14-3-3,9,,231,,matched,explicit_author_bounds,
1930,LNF,SEP,7o3r,A,174,,PF00244,14-3-3,9,,231,,matched,explicit_author_bounds,
1931,LNF,SEP,7o3s,A,174,,PF00244,14-3-3,9,,231,,matched,explicit_author_bounds,
1932,LNF,SEP,7o57,A,174,,PF00244,14-3-3,9,,231,,matched,explicit_author_bounds,
1933,LNF,SEP,7o59,A,174,,PF00244,14-3-3,9,,231,,matched,explicit_author_bounds,
1934,LNF,SEP,7o5a,A,174,,PF00244,14-3-3,9,,231,,matched,explicit_author_bounds,
1935,LNF,SEP,7o5c,A,174,,PF00244,14-3-3,9,,231,,matched,explicit_author_bounds,
1936,LNF,SEP,7o5d,A,174,,PF00244,14-3-3,9,,231,,matched,explicit_author_bounds,
1937,LNF,SEP,7o5f,A,174,,PF00244,14-3-3,9,,231,,matched,explicit_author_bounds,
1938,LNF,SEP,7o5g,A,174,,PF00244,14-3-3,9,,231,,matched,explicit_author_bounds,
1939,LNF,SEP,7o5o,A,174,,PF00244,14-3-3,9,,231,,matched,explicit_author_bounds,
1940,LNF,SEP,7o5p,A,174,,PF00244,14-3-3,9,,231,,matched,explicit_author_bounds,
1941,LNF,SEP,7o5s,A,174,,PF00244,14-3-3,9,,231,,matched,explicit_author_bounds,
1942,LNF,SEP,7o5u,A,174,,PF00244,14-3-3,9,,231,,matched,explicit_author_bounds,
1943,LNF,SEP,7o5x,A,174,,PF00244,14-3-3,9,,231,,matched,explicit_author_bounds,
1944,LNF,SEP,7o6f,A,174,,PF00244,14-3-3,9,,231,,matched,explicit_author_bounds,
1945,LNF,SEP,7o6g,A,174,,PF00244,14-3-3,9,,231,,matched,explicit_author_bounds,
1946,LNF,SEP,7o6i,A,174,,PF00244,14-3-3,9,,231,,matched,explicit_author_bounds,
1947,LNF,SEP,7o6j,A,174,,PF00244,14-3-3,9,,231,,matched,explicit_author_bounds,
1948,LNF,SEP,7o6k,A,174,,PF00244,14-3-3,9,,231,,matched,explicit_author_bounds,
1949,LNF,SEP,7o6m,A,174,,PF00244,14-3-3,9,,231,,matched,explicit_author_bounds,
1950,LNF,SEP,7o6o,A,174,,PF00244,14-3-3,9,,231,,matched,explicit_author_bounds,
1951,LNF,SEP,7ob5,A,174,,PF00244,14-3-3,9,,231,,matched,explicit_author_bounds,
1952,LNF,SEP,7ob8,A,174,,PF00244,14-3-3,9,,231,,matched,explicit_author_bounds,
1953,LNF,SEP,7obc,A,174,,PF00244,14-3-3,9,,231,,matched,explicit_author_bounds,
1954,LNF,SEP,7obd,A,174,,PF00244,14-3-3,9,,231,,matched,explicit_author_bounds,
1955,LNF,SEP,7obg,A,174,,PF00244,14-3-3,9,,231,,matched,explicit_author_bounds,
1956,LNF,SEP,7obh,A,174,,PF00244,14-3-3,9,,231,,matched,explicit_author_bounds,
1957,LNF,SEP,7obs,A,174,,PF00244,14-3-3,9,,231,,matched,explicit_author_bounds,
1958,LNF,SEP,7obt,A,174,,PF00244,14-3-3,9,,231,,matched,explicit_author_bounds,
1959,LNF,SEP,7obx,A,174,,PF00244,14-3-3,9,,231,,matched,explicit_author_bounds,
1960,LNF,SEP,7oby,A,174,,PF00244,14-3-3,9,,231,,matched,explicit_author_bounds,
1961,LNF,SEP,7oq9,A,174,,PF00244,14-3-3,9,,231,,matched,explicit_author_bounds,
1962,LNF,SEP,7oqa,A,174,,PF00244,14-3-3,9,,231,,matched,explicit_author_bounds,
1963,LNF,SEP,7oqg,A,174,,PF00244,14-3-3,9,,231,,matched,explicit_author_bounds,
1964,LNF,SEP,7oqj,A,174,,PF00244,14-3-3,9,,231,,matched,explicit_author_bounds,
1965,LNF,SEP,7oqs,A,174,,PF00244,14-3-3,9,,231,,matched,explicit_author_bounds,
1966,LNF,SEP,7oqu,A,174,,PF00244,14-3-3,9,,231,,matched,explicit_author_bounds,
1967,LNF,SEP,7oqw,A,174,,PF00244,14-3-3,9,,231,,matched,explicit_author_bounds,
1968,LNF,SEP,7or3,A,174,,PF00244,14-3-3,9,,231,,matched,explicit_author_bounds,
1969,LNF,SEP,7or5,A,174,,PF00244,14-3-3,9,,231,,matched,explicit_author_bounds,
1970,LNF,SEP,7or7,A,174,,PF00244,14-3-3,9,,231,,matched,explicit_author_bounds,
1971,LNF,SEP,7qi1,C,174,,PF00244,14-3-3,11,,231,,matched,explicit_author_bounds,
1972,LNF,SEP,7qik,B,174,,PF00244,14-3-3,9,,231,,matched,explicit_author_bounds,
1973,LNF,SEP,7v9b,A,175,,PF00244,14-3-3,10,,232,,matched,explicit_author_bounds,
1974,LNF,SEP,7zit,A,172,,PF00244,14-3-3,9,,229,,matched,explicit_author_bounds,
1975,LNF,SEP,7zmu,A,174,,PF00244,14-3-3,9,,231,,matched,explicit_author_bounds,
1976,LNF,SEP,7zmw,A,174,,PF00244,14-3-3,9,,231,,matched,explicit_author_bounds,
1977,LNF,SEP,8a62,A,174,,PF00244,14-3-3,9,,231,,matched,explicit_author_bounds,
1978,LNF,SEP,8a65,A,174,,PF00244,14-3-3,9,,231,,matched,explicit_author_bounds,
1979,LNF,SEP,8a68,A,174,,PF00244,14-3-3,9,,231,,matched,explicit_author_bounds,
1980,LNF,SEP,8a6f,A,174,,PF00244,14-3-3,9,,231,,matched,explicit_author_bounds,
1981,LNF,SEP,8a6h,A,174,,PF00244,14-3-3,9,,231,,matched,explicit_author_bounds,
1982,LNF,SEP,8adm,A,174,,PF00244,14-3-3,9,,231,,matched,explicit_author_bounds,
1983,LNF,SEP,8ah2,C,172,,PF00244,14-3-3,9,,229,,matched,explicit_author_bounds,
1984,LNF,SEP,8anb,A,174,,PF00244,14-3-3,9,,231,,matched,explicit_author_bounds,
1985,LNF,SEP,8anc,A,174,,PF00244,14-3-3,9,,231,,matched,explicit_author_bounds,
1986,LNF,SEP,8atr,A,174,,PF00244,14-3-3,9,,231,,matched,explicit_author_bounds,
1987,LNF,SEP,8ats,A,174,,PF00244,14-3-3,9,,231,,matched,explicit_author_bounds,
1988,LNF,SEP,8av0,A,174,,PF00244,14-3-3,9,,231,,matched,explicit_author_bounds,
1989,LNF,SEP,8b2i,A,174,,PF00244,14-3-3,9,,231,,matched,explicit_author_bounds,
1990,LNF,SEP,8b2k,A,174,,PF00244,14-3-3,9,,231,,matched,explicit_author_bounds,
1991,LNF,SEP,8b4q,A,174,,PF00244,14-3-3,9,,231,,matched,explicit_author_bounds,
1992,LNF,SEP,8b5p,A,174,,PF00244,14-3-3,9,,231,,matched,explicit_author_bounds,
1993,LNF,SEP,8bfc,A,174,,PF00244,14-3-3,9,,231,,matched,explicit_author_bounds,
1994,LNF,SEP,8bjg,A,174,,PF00244,14-3-3,9,,231,,matched,explicit_author_bounds,
1995,LNF,SEP,8bjn,A,174,,PF00244,14-3-3,9,,231,,matched,explicit_author_bounds,
1996,LNF,SEP,8bm5,A,174,,PF00244,14-3-3,9,,231,,matched,explicit_author_bounds,
1997,LNF,SEP,8c28,BBB,174,,PF00244,14-3-3,9,,231,,matched,explicit_author_bounds,
1998,LNF,SEP,8c2d,AAA,174,,PF00244,14-3-3,9,,231,,matched,explicit_author_bounds,
1999,LNF,SEP,8c2e,A,174,,PF00244,14-3-3,9,,231,,matched,explicit_author_bounds,
2000,LNF,SEP,8c2f,A,174,,PF00244,14-3-3,9,,231,,matched,explicit_author_bounds,
2001,LNF,SEP,8c2g,A,174,,PF00244,14-3-3,9,,231,,matched,explicit_author_bounds,
2002,LNF,SEP,8c2y,A,174,,PF00244,14-3-3,9,,231,,matched,explicit_author_bounds,
2003,LNF,SEP,8c30,AAA,174,,PF00244,14-3-3,9,,231,,matched,explicit_author_bounds,
2004,LNF,SEP,8c3c,A,174,,PF00244,14-3-3,9,,231,,matched,explicit_author_bounds,
2005,LNF,SEP,8chf,D,178,,,,,,,,no_pdb_chain_mapping,,no_pdb_chain_mapping
2006,LNF,SEP,8cpd,D,178,,,,,,,,no_pdb_chain_mapping,,no_pdb_chain_mapping
2007,LNF,SEP,8dgn,A,175,,PF00244,14-3-3,10,,232,,matched,inferred_author_start,
2008,LNF,SEP,8dgp,D,175,,PF00244,14-3-3,10,,232,,matched,explicit_author_bounds,
2009,LNF,SEP,8dgs,D,172,,,,,,,,no_pdb_chain_mapping,,no_pdb_chain_mapping
2010,LNF,SEP,8dgt,C,172,,,,,,,,no_pdb_chain_mapping,,no_pdb_chain_mapping
2011,LNF,SEP,8dp5,C,174,,PF00244,14-3-3,11,,231,,matched,explicit_author_bounds,
2012,LNF,SEP,8p0d,A,174,,PF00244,14-3-3,9,,231,,matched,explicit_author_bounds,
2013,LNF,SEP,8p1h,A,172,,PF00244,14-3-3,9,,229,,matched,explicit_author_bounds,
2014,LNF,SEP,8q1s,A,175,,PF00244,14-3-3,10,,232,,matched,explicit_author_bounds,
2015,LNF,SEP,8q55,A,174,,PF00244,14-3-3,9,,231,,matched,explicit_author_bounds,
2016,LNF,SEP,8q5c,A,174,,PF00244,14-3-3,9,,231,,matched,explicit_author_bounds,
2017,LNF,SEP,8qdv,A,172,,PF00244,14-3-3,9,,229,,matched,explicit_author_bounds,
2018,LNF,SEP,8qs2,A,174,,PF00244,14-3-3,9,,231,,matched,explicit_author_bounds,
2019,LNF,SEP,8qs3,A,174,,PF00244,14-3-3,9,,231,,matched,explicit_author_bounds,
2020,LNF,SEP,8qs4,A,174,,PF00244,14-3-3,9,,231,,matched,explicit_author_bounds,
2021,LNF,SEP,8qs5,A,174,,PF00244,14-3-3,9,,231,,matched,explicit_author_bounds,
2022,LNF,SEP,8qs6,A,174,,PF00244,14-3-3,9,,231,,matched,explicit_author_bounds,
2023,LNF,SEP,8qs7,A,174,,PF00244,14-3-3,9,,231,,matched,explicit_author_bounds,
2024,LNF,SEP,8qs8,A,174,,PF00244,14-3-3,9,,231,,matched,explicit_author_bounds,
2025,LNF,SEP,8qs9,A,174,,PF00244,14-3-3,9,,231,,matched,explicit_author_bounds,
2026,LNF,SEP,8qsa,A,174,,PF00244,14-3-3,9,,231,,matched,explicit_author_bounds,
2027,LNF,SEP,8qsb,A,174,,PF00244,14-3-3,9,,231,,matched,explicit_author_bounds,
2028,LNF,SEP,8qsc,A,174,,PF00244,14-3-3,9,,231,,matched,explicit_author_bounds,
2029,LNF,SEP,8qsd,J,174,,PF00244,14-3-3,9,,231,,matched,explicit_author_bounds,
2030,LNF,SEP,8qse,A,174,,PF00244,14-3-3,9,,231,,matched,explicit_author_bounds,
2031,LNF,SEP,8qsf,J,174,,PF00244,14-3-3,9,,231,,matched,explicit_author_bounds,
2032,LNF,SEP,8qsg,J,174,,PF00244,14-3-3,9,,231,,matched,explicit_author_bounds,
2033,LNF,SEP,8qsh,A,174,,PF00244,14-3-3,9,,231,,matched,explicit_author_bounds,
2034,LNF,SEP,8qt5,G,181,,PF00244,14-3-3,13,,238,,matched,explicit_author_bounds,
2035,LNF,SEP,8qtc,A,178,,PF00244,14-3-3,11,,235,,matched,explicit_author_bounds,
2036,LNF,SEP,8qtf,H,178,,PF00244,14-3-3,11,,235,,matched,explicit_author_bounds,
2037,LNF,SEP,8qtt,J,178,,PF00244,14-3-3,11,,235,,matched,explicit_author_bounds,
2038,LNF,SEP,8r0z,A,174,,PF00244,14-3-3,9,,231,,matched,explicit_author_bounds,
2039,LNF,SEP,8rrk,B,174,,PF00244,14-3-3,9,,231,,matched,explicit_author_bounds,
2040,LNF,SEP,8rrl,B,174,,PF00244,14-3-3,9,,231,,matched,explicit_author_bounds,
2041,LNF,SEP,8rrm,A,174,,PF00244,14-3-3,9,,231,,matched,explicit_author_bounds,
2042,LNF,SEP,8s42,B,174,,PF00244,14-3-3,9,,231,,matched,explicit_author_bounds,
2043,LNF,SEP,8vsl,A,174,,PF00244,14-3-3,9,,231,,matched,explicit_author_bounds,
2044,LNF,SEP,8vsm,A,174,,PF00244,14-3-3,9,,231,,matched,explicit_author_bounds,
2045,LNF,SEP,8vsn,A,174,,PF00244,14-3-3,9,,231,,matched,explicit_author_bounds,
2046,LNF,SEP,8vso,B,174,,PF00244,14-3-3,9,,231,,matched,explicit_author_bounds,
2047,LNF,SEP,8vyo,B,172,,PF00244,14-3-3,9,,229,,matched,explicit_author_bounds,
2048,LNF,SEP,8vyp,B,172,,PF00244,14-3-3,9,,229,,matched,inferred_author_end,
2049,LNF,SEP,8vyq,B,172,,PF00244,14-3-3,9,,229,,matched,explicit_author_bounds,
2050,LNF,SEP,8vyr,C,172,,PF00244,14-3-3,9,,229,,matched,explicit_author_bounds,
2051,LNF,SEP,8vys,B,172,,PF00244,14-3-3,9,,229,,matched,explicit_author_bounds,
2052,LNF,SEP,8vyu,B,172,,PF00244,14-3-3,9,,229,,matched,explicit_author_bounds,
2053,LNF,SEP,8vyv,B,172,,PF00244,14-3-3,9,,229,,matched,explicit_author_bounds,
2054,LNF,SEP,8vyw,B,172,,PF00244,14-3-3,9,,229,,matched,explicit_author_bounds,
2055,LNF,SEP,8we2,A,172,,PF00244,14-3-3,9,,229,,matched,explicit_author_bounds,
2056,LNF,SEP,8wf6,B,172,,PF00244,14-3-3,9,,229,,matched,explicit_author_bounds,
2057,LNF,SEP,9axa,F,174,,PF00244,14-3-3,9,,231,,matched,explicit_author_bounds,
2058,LNF,SEP,9ew1,A,174,,PF00244,14-3-3,9,,231,,matched,explicit_author_bounds,
2059,LNF,SEP,9ew3,A,174,,PF00244,14-3-3,9,,231,,matched,explicit_author_bounds,
2060,LNF,SEP,9ew4,A,174,,PF00244,14-3-3,9,,231,,matched,explicit_author_bounds,
2061,LNF,SEP,9ew5,A,174,,PF00244,14-3-3,9,,231,,matched,explicit_author_bounds,
2062,LNF,SEP,9ew6,A,174,,PF00244,14-3-3,9,,231,,matched,explicit_author_bounds,
2063,LNF,SEP,9ew7,A,174,,PF00244,14-3-3,9,,231,,matched,explicit_author_bounds,
2064,LNF,SEP,9f35,A,174,,PF00244,14-3-3,9,,231,,matched,explicit_author_bounds,
2065,LNF,SEP,9fs4,A,174,,PF00244,14-3-3,9,,231,,matched,explicit_author_bounds,
2066,LNF,SEP,9fum,B,175,,PF00244,14-3-3,12,,232,,matched,explicit_author_bounds,
2067,LNF,SEP,9fvg,A,174,,PF00244,14-3-3,9,,231,,matched,explicit_author_bounds,
2068,LNF,SEP,9fvh,A,174,,PF00244,14-3-3,9,,231,,matched,explicit_author_bounds,
2069,LNF,SEP,9fvi,A,174,,PF00244,14-3-3,9,,231,,matched,explicit_author_bounds,
2070,LNF,SEP,9fvn,A,174,,PF00244,14-3-3,9,,231,,matched,explicit_author_bounds,
2071,LNF,SEP,9fvp,A,174,,PF00244,14-3-3,9,,231,,matched,explicit_author_bounds,
2072,LNF,SEP,9gfa,A,174,,PF00244,14-3-3,9,,231,,matched,explicit_author_bounds,
2073,LNF,SEP,9gg7,A,174,,PF00244,14-3-3,9,,231,,matched,explicit_author_bounds,
2074,LNF,SEP,9gg8,A,174,,PF00244,14-3-3,9,,231,,matched,explicit_author_bounds,
2075,LNF,SEP,9gga,A,174,,PF00244,14-3-3,9,,231,,matched,explicit_author_bounds,
2076,LNF,SEP,9jgl,A,174,,PF00244,14-3-3,9,,231,,matched,explicit_author_bounds,
2077,LNF,SEP,9mmp,D,172,,PF00244,14-3-3,9,,229,,matched,explicit_author_bounds,
2078,LNF,SEP,9mmr,D,172,,PF00244,14-3-3,9,,229,,matched,explicit_author_bounds,
2079,LNF,SEP,9o2z,D,172,,PF00244,14-3-3,9,,229,,matched,explicit_author_bounds,
2080,LNF,SEP,9qng,A,179,,PF00244,14-3-3,14,,236,,matched,explicit_author_bounds,
2081,LNF,SEP,9qnh,A,174,,PF00244,14-3-3,9,,231,,matched,explicit_author_bounds,
2082,LNF,SEP,9qni,A,174,,PF00244,14-3-3,9,,231,,matched,explicit_author_bounds,
2083,LNF,SEP,9qnj,A,174,,PF00244,14-3-3,9,,231,,matched,explicit_author_bounds,
2084,LNF,SEP,9qnl,A,174,,PF00244,14-3-3,9,,231,,matched,explicit_author_bounds,
2085,LNF,SEP,9r2i,B,177,,PF00244,14-3-3,10,,234,,matched,explicit_author_bounds,
2086,LNF,SEP,9r2n,B,177,,PF00244,14-3-3,10,,234,,matched,explicit_author_bounds,
2087,LNF,SEP,9s2i,A,174,,PF00244,14-3-3,9,,231,,matched,explicit_author_bounds,
2088,LNF,SEP,9s2j,A,174,,PF00244,14-3-3,9,,231,,matched,explicit_author_bounds,
2089,LNF,SEP,9s2k,A,174,,PF00244,14-3-3,9,,231,,matched,explicit_author_bounds,
2090,LNF,SEP,9s2l,B,174,,PF00244,14-3-3,9,,231,,matched,explicit_author_bounds,
2091,LNF,SEP,9s2m,K,174,,PF00244,14-3-3,9,,231,,matched,explicit_author_bounds,
2092,LNF,SEP,9s2n,K,174,,PF00244,14-3-3,9,,231,,matched,explicit_author_bounds,
2093,LNF,SEP,9s2o,B,174,,PF00244,14-3-3,9,,231,,matched,explicit_author_bounds,
2094,LNF,SEP,9s2p,A,174,,PF00244,14-3-3,9,,231,,matched,explicit_author_bounds,
2095,LNF,SEP,9sa9,L,174,,PF00244,14-3-3,9,,231,,matched,explicit_author_bounds,
2096,LNF,SEP,9sab,A,174,,PF00244,14-3-3,9,,231,,matched,explicit_author_bounds,
2097,LNF,SEP,9sac,A,174,,PF00244,14-3-3,9,,231,,matched,explicit_author_bounds,
2098,LNF,SEP,9sae,A,174,,PF00244,14-3-3,9,,231,,matched,explicit_author_bounds,
2099,LNF,TPO,11sd,A,174,,PF00244,14-3-3,9,,231,,matched,explicit_author_bounds,
2100,LNF,TPO,11se,C,174,,PF00244,14-3-3,9,,231,,matched,explicit_author_bounds,
2101,LNF,TPO,11sf,A,174,,PF00244,14-3-3,9,,231,,matched,explicit_author_bounds,
2102,LNF,TPO,11sg,A,174,,PF00244,14-3-3,9,,231,,matched,explicit_author_bounds,
2103,LNF,TPO,11sh,C,174,,PF00244,14-3-3,9,,231,,matched,explicit_author_bounds,
2104,LNF,TPO,11si,C,174,,PF00244,14-3-3,9,,231,,matched,explicit_author_bounds,
2105,LNF,TPO,11sj,A,174,,PF00244,14-3-3,9,,231,,matched,explicit_author_bounds,
2106,LNF,TPO,11zu,A,174,,PF00244,14-3-3,9,,231,,matched,explicit_author_bounds,
2107,LNF,TPO,1ib1,D,172,,PF00244,14-3-3,9,,229,,matched,inferred_author_end,
2108,LNF,TPO,1o9d,A,181,,PF00244,14-3-3,14,,238,,matched,explicit_author_bounds,
2109,LNF,TPO,1o9f,A,181,,PF00244,14-3-3,14,,238,,matched,explicit_author_bounds,
2110,LNF,TPO,29ii,B,175,,PF00244,14-3-3,10,,232,,matched,explicit_author_bounds,
2111,LNF,TPO,2v7d,C,172,,PF00244,14-3-3,9,,229,,matched,explicit_author_bounds,
2112,LNF,TPO,30ti,A,174,,PF00244,14-3-3,9,,231,,matched,explicit_author_bounds,
2113,LNF,TPO,30tj,A,174,,PF00244,14-3-3,9,,231,,matched,explicit_author_bounds,
2114,LNF,TPO,30tl,A,179,,PF00244,14-3-3,14,,236,,matched,explicit_author_bounds,
2115,LNF,TPO,30tm,A,174,,PF00244,14-3-3,9,,231,,matched,explicit_author_bounds,
2116,LNF,TPO,36ln,B,461,,PF00387,PI-PLC-Y,377,,491,,matched,explicit_author_bounds,
2117,LNF,TPO,3e6y,A,181,,PF00244,14-3-3,14,,238,,matched,explicit_author_bounds,
2118,LNF,TPO,3lw1,A,174,,PF00244,14-3-3,9,,231,,matched,explicit_author_bounds,
2119,LNF,TPO,4jc3,A,174,,PF00244,14-3-3,9,,231,,matched,explicit_author_bounds,
2120,LNF,TPO,4jdd,A,174,,PF00244,14-3-3,9,,231,,matched,explicit_author_bounds,
2121,LNF,TPO,5ewz,A,172,,PF00244,14-3-3,9,,229,,matched,explicit_author_bounds,
2122,LNF,TPO,5exa,A,172,,PF00244,14-3-3,9,,229,,matched,explicit_author_bounds,
2123,LNF,TPO,5mhc,A,174,,PF00244,14-3-3,9,,231,,matched,explicit_author_bounds,
2124,LNF,TPO,5moc,A,174,,PF00244,14-3-3,9,,231,,matched,explicit_author_bounds,
2125,LNF,TPO,5mxo,A,174,,PF00244,14-3-3,9,,231,,matched,explicit_author_bounds,
2126,LNF,TPO,5n10,A,174,,PF00244,14-3-3,11,,231,,matched,explicit_author_bounds,
2127,LNF,TPO,5wxn,A,172,,PF00244,14-3-3,9,,229,,matched,explicit_author_bounds,
2128,LNF,TPO,5xy9,B,172,,PF00244,14-3-3,9,,229,,matched,explicit_author_bounds,
2129,LNF,TPO,6bcr,E,172,,PF00244,14-3-3,9,,229,,matched,explicit_author_bounds,
2130,LNF,TPO,6bcy,E,172,,PF00244,14-3-3,9,,229,,matched,explicit_author_bounds,
2131,LNF,TPO,6bd2,A,172,,PF00244,14-3-3,9,,229,,matched,explicit_author_bounds,
2132,LNF,TPO,6bqt,A,172,,PF00244,14-3-3,9,,229,,matched,explicit_author_bounds,
2133,LNF,TPO,6hhp,A,174,,PF00244,14-3-3,9,,231,,matched,explicit_author_bounds,
2134,LNF,TPO,6hkb,A,174,,PF00244,14-3-3,9,,231,,matched,explicit_author_bounds,
2135,LNF,TPO,6hkf,A,174,,PF00244,14-3-3,9,,231,,matched,explicit_author_bounds,
2136,LNF,TPO,6hmt,A,174,,PF00244,14-3-3,9,,231,,matched,explicit_author_bounds,
2137,LNF,TPO,6hmu,A,174,,PF00244,14-3-3,9,,231,,matched,explicit_author_bounds,
2138,LNF,TPO,6hn2,A,174,,PF00244,14-3-3,9,,231,,matched,explicit_author_bounds,
2139,LNF,TPO,6hxf,A,145,,PF00069,Pkinase,36,,294,,matched,explicit_author_bounds,
2140,LNF,TPO,6qdr,A,174,,PF00244,14-3-3,9,,231,,matched,explicit_author_bounds,
2141,LNF,TPO,6qds,A,174,,PF00244,14-3-3,9,,231,,matched,explicit_author_bounds,
2142,LNF,TPO,6qdt,A,174,,PF00244,14-3-3,9,,231,,matched,explicit_author_bounds,
2143,LNF,TPO,6qzr,G,174,,PF00244,14-3-3,9,,231,,matched,explicit_author_bounds,
2144,LNF,TPO,6r5l,A,174,,PF00244,14-3-3,9,,231,,matched,explicit_author_bounds,
2145,LNF,TPO,6rjz,A,174,,PF00244,14-3-3,9,,231,,matched,explicit_author_bounds,
2146,LNF,TPO,6rk8,A,174,,PF00244,14-3-3,9,,231,,matched,explicit_author_bounds,
2147,LNF,TPO,6rki,A,174,,PF00244,14-3-3,9,,231,,matched,explicit_author_bounds,
2148,LNF,TPO,6rkk,A,174,,PF00244,14-3-3,9,,231,,matched,explicit_author_bounds,
2149,LNF,TPO,6rkm,A,174,,PF00244,14-3-3,9,,231,,matched,explicit_author_bounds,
2150,LNF,TPO,6rl3,A,174,,PF00244,14-3-3,9,,231,,matched,explicit_author_bounds,
2151,LNF,TPO,6rl4,A,174,,PF00244,14-3-3,9,,231,,matched,explicit_author_bounds,
2152,LNF,TPO,6rl6,A,174,,PF00244,14-3-3,9,,231,,matched,explicit_author_bounds,
2153,LNF,TPO,6rm5,A,174,,PF00244,14-3-3,9,,231,,matched,explicit_author_bounds,
2154,LNF,TPO,6rm7,A,174,,PF00244,14-3-3,9,,231,,matched,explicit_author_bounds,
2155,LNF,TPO,6rwh,A,174,,PF00244,14-3-3,9,,231,,matched,explicit_author_bounds,
2156,LNF,TPO,6rwi,A,174,,PF00244,14-3-3,9,,231,,matched,explicit_author_bounds,
2157,LNF,TPO,6rws,A,174,,PF00244,14-3-3,9,,231,,matched,explicit_author_bounds,
2158,LNF,TPO,6rwu,A,174,,PF00244,14-3-3,9,,231,,matched,explicit_author_bounds,
2159,LNF,TPO,6rx2,A,174,,PF00244,14-3-3,9,,231,,matched,explicit_author_bounds,
2160,LNF,TPO,6s39,A,174,,PF00244,14-3-3,9,,231,,matched,explicit_author_bounds,
2161,LNF,TPO,6s3c,A,174,,PF00244,14-3-3,9,,231,,matched,explicit_author_bounds,
2162,LNF,TPO,6s40,A,174,,PF00244,14-3-3,9,,231,,matched,explicit_author_bounds,
2163,LNF,TPO,6s9q,A,174,,PF00244,14-3-3,9,,231,,matched,explicit_author_bounds,
2164,LNF,TPO,6sin,A,174,,PF00244,14-3-3,9,,231,,matched,explicit_author_bounds,
2165,LNF,TPO,6sio,A,174,,PF00244,14-3-3,9,,231,,matched,explicit_author_bounds,
2166,LNF,TPO,6sip,A,174,,PF00244,14-3-3,9,,231,,matched,explicit_author_bounds,
2167,LNF,TPO,6siq,A,174,,PF00244,14-3-3,9,,231,,matched,explicit_author_bounds,
2168,LNF,TPO,6slv,A,174,,PF00244,14-3-3,9,,231,,matched,explicit_author_bounds,
2169,LNF,TPO,6tjm,A,174,,PF00244,14-3-3,9,,231,,matched,explicit_author_bounds,
2170,LNF,TPO,6tl3,A,174,,PF00244,14-3-3,9,,231,,matched,explicit_author_bounds,
2171,LNF,TPO,6twz,B,174,,PF00244,14-3-3,9,,231,,matched,explicit_author_bounds,
2172,LNF,TPO,6y3m,A,174,,PF00244,14-3-3,9,,231,,matched,explicit_author_bounds,
2173,LNF,TPO,6y3r,A,174,,PF00244,14-3-3,9,,231,,matched,explicit_author_bounds,
2174,LNF,TPO,6ylu,A,174,,PF00244,14-3-3,9,,231,,matched,explicit_author_bounds,
2175,LNF,TPO,6yo8,C,172,,PF00244,14-3-3,9,,229,,matched,explicit_author_bounds,
2176,LNF,TPO,6yos,B,172,,PF00244,14-3-3,9,,229,,matched,explicit_author_bounds,
2177,LNF,TPO,6zvb,A,174,,PF00244,14-3-3,9,,231,,matched,explicit_author_bounds,
2178,LNF,TPO,6zvc,A,174,,PF00244,14-3-3,9,,231,,matched,explicit_author_bounds,
2179,LNF,TPO,6zvd,A,174,,PF00244,14-3-3,9,,231,,matched,explicit_author_bounds,
2180,LNF,TPO,6zve,,,,,,,,,,missing_token_location,,missing_token_location
2181,LNF,TPO,7aew,AAA,174,,PF00244,14-3-3,9,,231,,matched,explicit_author_bounds,
2182,LNF,TPO,7b15,A,174,,PF00244,14-3-3,9,,231,,matched,explicit_author_bounds,
2183,LNF,TPO,7b9m,A,174,,PF00244,14-3-3,9,,231,,matched,explicit_author_bounds,
2184,LNF,TPO,7b9r,A,174,,PF00244,14-3-3,9,,231,,matched,explicit_author_bounds,
2185,LNF,TPO,7b9t,A,174,,PF00244,14-3-3,9,,231,,matched,explicit_author_bounds,
2186,LNF,TPO,7ba3,A,174,,PF00244,14-3-3,9,,231,,matched,explicit_author_bounds,
2187,LNF,TPO,7ba5,A,174,,PF00244,14-3-3,9,,231,,matched,explicit_author_bounds,
2188,LNF,TPO,7ba6,A,174,,PF00244,14-3-3,9,,231,,matched,explicit_author_bounds,
2189,LNF,TPO,7ba7,A,174,,PF00244,14-3-3,9,,231,,matched,explicit_author_bounds,
2190,LNF,TPO,7ba8,A,174,,PF00244,14-3-3,9,,231,,matched,explicit_author_bounds,
2191,LNF,TPO,7ba9,A,174,,PF00244,14-3-3,9,,231,,matched,explicit_author_bounds,
2192,LNF,TPO,7baa,A,174,,PF00244,14-3-3,9,,231,,matched,explicit_author_bounds,
2193,LNF,TPO,7bab,A,174,,PF00244,14-3-3,9,,231,,matched,explicit_author_bounds,
2194,LNF,TPO,7nfw,A,174,,PF00244,14-3-3,9,,231,,matched,explicit_author_bounds,
2195,LNF,TPO,7nix,A,174,,PF00244,14-3-3,9,,231,,matched,explicit_author_bounds,
2196,LNF,TPO,7niz,A,174,,PF00244,14-3-3,9,,231,,matched,explicit_author_bounds,
2197,LNF,TPO,7obk,A,174,,PF00244,14-3-3,9,,231,,matched,explicit_author_bounds,
2198,LNF,TPO,7obl,A,174,,PF00244,14-3-3,9,,231,,matched,explicit_author_bounds,
2199,LNF,TPO,7opw,A,174,,PF00244,14-3-3,9,,231,,matched,explicit_author_bounds,
2200,LNF,TPO,7oq7,A,174,,PF00244,14-3-3,9,,231,,matched,explicit_author_bounds,
2201,LNF,TPO,7oq8,C,174,,PF00244,14-3-3,9,,231,,matched,explicit_author_bounds,
2202,LNF,TPO,7or8,A,174,,PF00244,14-3-3,9,,231,,matched,explicit_author_bounds,
2203,LNF,TPO,7org,A,174,,PF00244,14-3-3,9,,231,,matched,explicit_author_bounds,
2204,LNF,TPO,7orh,A,174,,PF00244,14-3-3,9,,231,,matched,explicit_author_bounds,
2205,LNF,TPO,7ors,A,174,,PF00244,14-3-3,9,,231,,matched,explicit_author_bounds,
2206,LNF,TPO,7ort,A,174,,PF00244,14-3-3,9,,231,,matched,explicit_author_bounds,
2207,LNF,TPO,7pwt,A,174,,PF00244,14-3-3,9,,231,,matched,explicit_author_bounds,
2208,LNF,TPO,7pwz,A,174,,PF00244,14-3-3,9,,231,,matched,explicit_author_bounds,
2209,LNF,TPO,7qip,B,174,,PF00244,14-3-3,9,,231,,matched,explicit_author_bounds,
2210,LNF,TPO,8a62,A,174,,PF00244,14-3-3,9,,231,,matched,explicit_author_bounds,
2211,LNF,TPO,8a65,A,174,,PF00244,14-3-3,9,,231,,matched,explicit_author_bounds,
2212,LNF,TPO,8a9g,B,172,,PF00244,14-3-3,9,,229,,matched,explicit_author_bounds,
2213,LNF,TPO,8afn,A,174,,PF00244,14-3-3,9,,231,,matched,explicit_author_bounds,
2214,LNF,TPO,8ai0,A,174,,PF00244,14-3-3,9,,231,,matched,explicit_author_bounds,
2215,LNF,TPO,8alr,A,174,,PF00244,14-3-3,9,,231,,matched,explicit_author_bounds,
2216,LNF,TPO,8alt,A,174,,PF00244,14-3-3,9,,231,,matched,explicit_author_bounds,
2217,LNF,TPO,8alv,A,174,,PF00244,14-3-3,9,,231,,matched,explicit_author_bounds,
2218,LNF,TPO,8alw,A,174,,PF00244,14-3-3,9,,231,,matched,explicit_author_bounds,
2219,LNF,TPO,8am7,A,174,,PF00244,14-3-3,9,,231,,matched,explicit_author_bounds,
2220,LNF,TPO,8anf,A,174,,PF00244,14-3-3,9,,231,,matched,explicit_author_bounds,
2221,LNF,TPO,8aoy,A,174,,PF00244,14-3-3,9,,231,,matched,explicit_author_bounds,
2222,LNF,TPO,8aps,A,174,,PF00244,14-3-3,9,,231,,matched,explicit_author_bounds,
2223,LNF,TPO,8aq1,A,174,,PF00244,14-3-3,9,,231,,matched,explicit_author_bounds,
2224,LNF,TPO,8aqc,A,174,,PF00244,14-3-3,9,,231,,matched,explicit_author_bounds,
2225,LNF,TPO,8aqe,A,174,,PF00244,14-3-3,9,,231,,matched,explicit_author_bounds,
2226,LNF,TPO,8aqz,A,174,,PF00244,14-3-3,9,,231,,matched,explicit_author_bounds,
2227,LNF,TPO,8ar4,A,174,,PF00244,14-3-3,9,,231,,matched,explicit_author_bounds,
2228,LNF,TPO,8ar5,A,174,,PF00244,14-3-3,9,,231,,matched,explicit_author_bounds,
2229,LNF,TPO,8arg,A,174,,PF00244,14-3-3,9,,231,,matched,explicit_author_bounds,
2230,LNF,TPO,8aro,A,174,,PF00244,14-3-3,9,,231,,matched,explicit_author_bounds,
2231,LNF,TPO,8arq,A,174,,PF00244,14-3-3,9,,231,,matched,explicit_author_bounds,
2232,LNF,TPO,8arr,A,174,,PF00244,14-3-3,9,,231,,matched,explicit_author_bounds,
2233,LNF,TPO,8arw,A,174,,PF00244,14-3-3,9,,231,,matched,explicit_author_bounds,
2234,LNF,TPO,8arx,A,174,,PF00244,14-3-3,9,,231,,matched,explicit_author_bounds,
2235,LNF,TPO,8ary,A,174,,PF00244,14-3-3,9,,231,,matched,explicit_author_bounds,
2236,LNF,TPO,8arz,A,174,,PF00244,14-3-3,9,,231,,matched,explicit_author_bounds,
2237,LNF,TPO,8as1,A,174,,PF00244,14-3-3,9,,231,,matched,explicit_author_bounds,
2238,LNF,TPO,8at9,A,174,,PF00244,14-3-3,9,,231,,matched,explicit_author_bounds,
2239,LNF,TPO,8atp,A,174,,PF00244,14-3-3,9,,231,,matched,explicit_author_bounds,
2240,LNF,TPO,8au2,A,174,,PF00244,14-3-3,9,,231,,matched,explicit_author_bounds,
2241,LNF,TPO,8aus,A,174,,PF00244,14-3-3,9,,231,,matched,explicit_author_bounds,
2242,LNF,TPO,8auy,A,174,,PF00244,14-3-3,9,,231,,matched,explicit_author_bounds,
2243,LNF,TPO,8av3,A,174,,PF00244,14-3-3,9,,231,,matched,explicit_author_bounds,
2244,LNF,TPO,8av4,A,174,,PF00244,14-3-3,9,,231,,matched,explicit_author_bounds,
2245,LNF,TPO,8av7,A,174,,PF00244,14-3-3,9,,231,,matched,explicit_author_bounds,
2246,LNF,TPO,8av8,A,174,,PF00244,14-3-3,9,,231,,matched,explicit_author_bounds,
2247,LNF,TPO,8awg,A,174,,PF00244,14-3-3,9,,231,,matched,explicit_author_bounds,
2248,LNF,TPO,8axe,A,174,,PF00244,14-3-3,9,,231,,matched,explicit_author_bounds,
2249,LNF,TPO,8axu,A,174,,PF00244,14-3-3,9,,231,,matched,explicit_author_bounds,
2250,LNF,TPO,8aze,A,174,,PF00244,14-3-3,9,,231,,matched,explicit_author_bounds,
2251,LNF,TPO,8b39,A,174,,PF00244,14-3-3,9,,231,,matched,explicit_author_bounds,
2252,LNF,TPO,8bi7,A,174,,PF00244,14-3-3,9,,231,,matched,explicit_author_bounds,
2253,LNF,TPO,8bwj,A,174,,PF00244,14-3-3,9,,231,,matched,explicit_author_bounds,
2254,LNF,TPO,8bwx,A,174,,PF00244,14-3-3,9,,231,,matched,explicit_author_bounds,
2255,LNF,TPO,8bwz,A,174,,PF00244,14-3-3,9,,231,,matched,explicit_author_bounds,
2256,LNF,TPO,8bx0,A,174,,PF00244,14-3-3,9,,231,,matched,explicit_author_bounds,
2257,LNF,TPO,8bx3,A,174,,PF00244,14-3-3,9,,231,,matched,explicit_author_bounds,
2258,LNF,TPO,8bx4,A,174,,PF00244,14-3-3,9,,231,,matched,explicit_author_bounds,
2259,LNF,TPO,8bxi,A,174,,PF00244,14-3-3,9,,231,,matched,explicit_author_bounds,
2260,LNF,TPO,8bxm,A,174,,PF00244,14-3-3,9,,231,,matched,explicit_author_bounds,
2261,LNF,TPO,8bxn,A,174,,PF00244,14-3-3,9,,231,,matched,explicit_author_bounds,
2262,LNF,TPO,8bxo,A,174,,PF00244,14-3-3,9,,231,,matched,explicit_author_bounds,
2263,LNF,TPO,8bxq,A,174,,PF00244,14-3-3,9,,231,,matched,explicit_author_bounds,
2264,LNF,TPO,8bxs,A,174,,PF00244,14-3-3,9,,231,,matched,explicit_author_bounds,
2265,LNF,TPO,8by9,A,174,,PF00244,14-3-3,9,,231,,matched,explicit_author_bounds,
2266,LNF,TPO,8byb,A,174,,PF00244,14-3-3,9,,231,,matched,explicit_author_bounds,
2267,LNF,TPO,8byc,A,174,,PF00244,14-3-3,9,,231,,matched,explicit_author_bounds,
2268,LNF,TPO,8byd,A,174,,PF00244,14-3-3,9,,231,,matched,explicit_author_bounds,
2269,LNF,TPO,8bye,A,174,,PF00244,14-3-3,9,,231,,matched,explicit_author_bounds,
2270,LNF,TPO,8byf,A,174,,PF00244,14-3-3,9,,231,,matched,explicit_author_bounds,
2271,LNF,TPO,8byg,A,174,,PF00244,14-3-3,9,,231,,matched,explicit_author_bounds,
2272,LNF,TPO,8byo,A,174,,PF00244,14-3-3,9,,231,,matched,explicit_author_bounds,
2273,LNF,TPO,8byy,A,174,,PF00244,14-3-3,9,,231,,matched,explicit_author_bounds,
2274,LNF,TPO,8byz,A,174,,PF00244,14-3-3,9,,231,,matched,explicit_author_bounds,
2275,LNF,TPO,8bz0,A,174,,PF00244,14-3-3,9,,231,,matched,explicit_author_bounds,
2276,LNF,TPO,8bz9,A,174,,PF00244,14-3-3,9,,231,,matched,explicit_author_bounds,
2277,LNF,TPO,8bza,A,174,,PF00244,14-3-3,9,,231,,matched,explicit_author_bounds,
2278,LNF,TPO,8bzb,A,174,,PF00244,14-3-3,9,,231,,matched,explicit_author_bounds,
2279,LNF,TPO,8bzc,A,174,,PF00244,14-3-3,9,,231,,matched,explicit_author_bounds,
2280,LNF,TPO,8bzd,A,174,,PF00244,14-3-3,9,,231,,matched,explicit_author_bounds,
2281,LNF,TPO,8bze,A,174,,PF00244,14-3-3,9,,231,,matched,explicit_author_bounds,
2282,LNF,TPO,8bzf,A,174,,PF00244,14-3-3,9,,231,,matched,explicit_author_bounds,
2283,LNF,TPO,8bzg,A,174,,PF00244,14-3-3,9,,231,,matched,explicit_author_bounds,
2284,LNF,TPO,8bzh,A,174,,PF00244,14-3-3,9,,231,,matched,explicit_author_bounds,
2285,LNF,TPO,8bzt,A,174,,PF00244,14-3-3,9,,231,,matched,explicit_author_bounds,
2286,LNF,TPO,8bzw,A,174,,PF00244,14-3-3,9,,231,,matched,explicit_author_bounds,
2287,LNF,TPO,8c04,A,174,,PF00244,14-3-3,9,,231,,matched,explicit_author_bounds,
2288,LNF,TPO,8c0k,A,174,,PF00244,14-3-3,9,,231,,matched,explicit_author_bounds,
2289,LNF,TPO,8c0l,A,174,,PF00244,14-3-3,9,,231,,matched,explicit_author_bounds,
2290,LNF,TPO,8c3z,A,174,,PF00244,14-3-3,9,,231,,matched,explicit_author_bounds,
2291,LNF,TPO,8c40,A,174,,PF00244,14-3-3,9,,231,,matched,explicit_author_bounds,
2292,LNF,TPO,8c42,A,174,,PF00244,14-3-3,9,,231,,matched,explicit_author_bounds,
2293,LNF,TPO,8c43,A,174,,PF00244,14-3-3,9,,231,,matched,explicit_author_bounds,
2294,LNF,TPO,8c4f,A,174,,PF00244,14-3-3,9,,231,,matched,explicit_author_bounds,
2295,LNF,TPO,8c4g,A,174,,PF00244,14-3-3,9,,231,,matched,explicit_author_bounds,
2296,LNF,TPO,8dgm,A,175,,PF00244,14-3-3,10,,232,,matched,inferred_author_start,
2297,LNF,TPO,8hew,A,176,,PF00244,14-3-3,9,,233,,matched,explicit_author_bounds,
2298,LNF,TPO,9bcz,A,461,,PF00387,PI-PLC-Y,377,,491,,matched,explicit_author_bounds,
2299,LNF,TPO,9dyb,A,129,,,,,,,,outside_pfam_ranges,,outside_pfam_ranges
2300,LNF,TPO,9i6s,A,174,,PF00244,14-3-3,9,,231,,matched,explicit_author_bounds,
2301,LNF,TPO,9i6t,A,174,,PF00244,14-3-3,9,,231,,matched,explicit_author_bounds,
2302,LNF,TPO,9i6u,A,174,,PF00244,14-3-3,9,,231,,matched,explicit_author_bounds,
2303,LNF,TPO,9i6v,A,174,,PF00244,14-3-3,9,,231,,matched,explicit_author_bounds,
2304,LNF,TPO,9i6w,A,174,,PF00244,14-3-3,9,,231,,matched,explicit_author_bounds,
2305,LNF,TPO,9i6x,A,174,,PF00244,14-3-3,9,,231,,matched,explicit_author_bounds,
2306,LNF,TPO,9i6y,A,174,,PF00244,14-3-3,9,,231,,matched,explicit_author_bounds,
2307,LNF,TPO,9i6z,A,174,,PF00244,14-3-3,9,,231,,matched,explicit_author_bounds,
2308,LNF,TPO,9i70,A,174,,PF00244,14-3-3,9,,231,,matched,explicit_author_bounds,
2309,LNF,TPO,9i71,A,174,,PF00244,14-3-3,9,,231,,matched,explicit_author_bounds,
2310,LNF,TPO,9i72,A,174,,PF00244,14-3-3,9,,231,,matched,explicit_author_bounds,
2311,LNF,TPO,9i73,A,174,,PF00244,14-3-3,9,,231,,matched,explicit_author_bounds,
2312,LNF,TPO,9i74,A,174,,PF00244,14-3-3,9,,231,,matched,explicit_author_bounds,
2313,LNF,TPO,9i75,A,174,,PF00244,14-3-3,9,,231,,matched,explicit_author_bounds,
2314,LNF,TPO,9qnk,A,174,,PF00244,14-3-3,9,,231,,matched,explicit_author_bounds,
2315,LNF,TPO,9sv3,D,172,,PF00244,14-3-3,9,,229,,matched,explicit_author_bounds,
2316,LNF,TPO,9uj2,B,172,,PF00244,14-3-3,9,,229,,matched,explicit_author_bounds,
2317,LNF,TPO,9y7e,A,174,,PF00244,14-3-3,9,,231,,matched,explicit_author_bounds,
2318,LNF,TPO,9yc4,A,174,,PF00244,14-3-3,9,,231,,matched,explicit_author_bounds,
2319,MER,PTR,2lct,A,676,,PF00017,SH2,671,,745,,matched,explicit_author_bounds,
2320,MER,PTR,2lnw,A,678,,PF00017,SH2,673,,747,,matched,explicit_author_bounds,
2321,MER,PTR,2mc1,A,676,,PF00017,SH2,671,,745,,matched,explicit_author_bounds,
2322,MER,PTR,2ror,A,33,,PF00017,SH2,28,,102,,matched,explicit_author_bounds,
2323,MER,PTR,4roj,B,678,,PF00017,SH2,673,,747,,matched,explicit_author_bounds,
2324,MER,PTR,7rnv,A,678,,PF00017,SH2,673,,747,,matched,explicit_author_bounds,
2325,MER,PTR,7wfy,C,678,,PF00017,SH2,673,,747,,matched,explicit_author_bounds,
2326,MER,PTR,8fla,NR,117,,PF11176,Tma16,13,,163,,matched,inferred_author_start,
2327,MER,PTR,8flb,NR,117,,PF11176,Tma16,13,,163,,matched,inferred_author_start,
2328,MER,PTR,8flc,NR,117,,PF11176,Tma16,13,,163,,matched,inferred_author_start,
2329,MER,SEP,2jed,B,701,,,,,,,,outside_pfam_ranges,,outside_pfam_ranges
2330,MER,SEP,3s1a,F,338,,PF06745,ATPase,263,,482,,matched,explicit_author_bounds,
2331,MER,SEP,5xjc,O,121,,PF21369,STL11_N,21,,140,,matched,explicit_author_bounds,
2332,MER,SEP,5yzg,O,121,,PF21369,STL11_N,21,,140,,matched,explicit_author_bounds,
2333,MER,SEP,6icz,O,121,,PF21369,STL11_N,21,,140,,matched,explicit_author_bounds,
2334,MER,SEP,6id0,O,121,,PF21369,STL11_N,21,,140,,matched,explicit_author_bounds,
2335,MER,SEP,6id1,O,121,,PF21369,STL11_N,21,,140,,matched,explicit_author_bounds,
2336,MER,SEP,6qdv,M,121,,PF21369,STL11_N,21,,140,,matched,explicit_author_bounds,
2337,MER,SEP,7w59,O,121,,PF21369,STL11_N,21,,140,,matched,explicit_author_bounds,
2338,MER,SEP,7w5a,O,121,,PF21369,STL11_N,21,,140,,matched,explicit_author_bounds,
2339,MER,SEP,7w5b,O,121,,PF21369,STL11_N,21,,140,,matched,explicit_author_bounds,
2340,MER,SEP,8c6j,M,121,,PF21369,STL11_N,21,,140,,matched,explicit_author_bounds,
2341,MER,SEP,8i0w,O,121,,PF21369,STL11_N,21,,140,,matched,explicit_author_bounds,
2342,MER,SEP,8ro2,O,121,,PF21369,STL11_N,21,,140,,matched,explicit_author_bounds,
2343,MER,SEP,8xqw,R,129,,,,,,,,no_pdb_chain_mapping,,no_pdb_chain_mapping
2344,MER,SEP,8xqx,R,129,,,,,,,,no_pdb_chain_mapping,,no_pdb_chain_mapping
2345,MER,SEP,9fmd,O,121,,PF21369,STL11_N,21,,140,,matched,explicit_author_bounds,
2346,MER,SEP,9s2e,O,121,,PF21369,STL11_N,21,,140,,matched,explicit_author_bounds,
2347,MER,TPO,3amt,A,26,,PF22641,TiaS_TCKD,4,,70,,matched,explicit_author_bounds,
2348,MER,TPO,3amu,A,26,,PF22641,TiaS_TCKD,4,,70,,matched,explicit_author_bounds,
2349,MER,TPO,3ojy,B,311,,PF01823,MACPF,220,,442,,matched,explicit_author_bounds,
2350,MER,TPO,3tl8,A,551,,PF07714,PK_Tyr_Ser-Thr,289,,563,,matched,explicit_author_bounds,
2351,MER,TPO,3uim,A,551,,PF07714,PK_Tyr_Ser-Thr,289,,563,,matched,explicit_author_bounds,
2352,MER,TPO,3ulz,A,551,,PF07714,PK_Tyr_Ser-Thr,289,,563,,matched,explicit_author_bounds,
2353,MER,TPO,4rvz,Z,26,,PF22641,TiaS_TCKD,4,,70,,matched,explicit_author_bounds,
2354,MER,TPO,5xob,Z,26,,PF22641,TiaS_TCKD,4,,70,,matched,explicit_author_bounds,
2355,MER,TPO,6agg,Z,26,,PF22641,TiaS_TCKD,4,,70,,matched,explicit_author_bounds,
2356,MER,TPO,6g33,A,391,,PF00069,Pkinase,161,,477,,matched,explicit_author_bounds,
2357,MPK,SEP,1pua,A,80,,,,,,,,no_pdb_chain_mapping,,no_pdb_chain_mapping
2358,MPK,SEP,6f3t,H,12,,PF02291,TFIID-31kDa,9,,120,,matched,explicit_author_bounds,
2359,NH,PTR,1fu5,A,86,,PF00017,SH2,13,,88,,matched,explicit_author_bounds,
2360,NH,PTR,1ju5,C,94,,PF00018,SH3_1,67,,113,,matched,explicit_author_bounds,
2361,NH,PTR,1k4s,A,631,,PF01028,Topoisom_I,432,,665,,matched,inferred_author_end,
2362,NH,PTR,1k4t,A,631,,PF01028,Topoisom_I,432,,665,,matched,explicit_author_bounds,
2363,NH,PTR,1rr8,C,631,,PF01028,Topoisom_I,432,,665,,matched,inferred_author_end,
2364,NH,PTR,1rrj,A,631,,PF01028,Topoisom_I,432,,665,,matched,explicit_author_bounds,
2365,NH,PTR,1sc7,A,631,,PF01028,Topoisom_I,432,,665,,matched,explicit_author_bounds,
2366,NH,PTR,1seu,A,631,,PF01028,Topoisom_I,432,,665,,matched,explicit_author_bounds,
2367,NH,PTR,1t8i,A,631,,PF01028,Topoisom_I,432,,665,,matched,explicit_author_bounds,
2368,NH,PTR,1tl8,A,631,,PF01028,Topoisom_I,432,,665,,matched,explicit_author_bounds,
2369,NH,PTR,2l1c,A,144,,PF00640,PID,52,,207,,matched,explicit_author_bounds,
2370,NH,PTR,3anq,C,232,,PF00069,Pkinase,159,,479,,matched,explicit_author_bounds,
2371,NH,PTR,3anr,C,232,,PF00069,Pkinase,159,,479,,matched,explicit_author_bounds,
2372,NH,PTR,4e5w,B,917,,PF07714,PK_Tyr_Ser-Thr,875,,1149,,matched,explicit_author_bounds,
2373,NH,PTR,4ehz,,,,,,,,,,missing_token_location,,missing_token_location
2374,NH,PTR,4fk6,A,917,,PF07714,PK_Tyr_Ser-Thr,875,,1149,,matched,explicit_author_bounds,
2375,NH,PTR,4ian,B,895,,PF00069,Pkinase,687,,1003,,matched,explicit_author_bounds,
2376,NH,PTR,4ifc,B,895,,PF00069,Pkinase,687,,1003,,matched,explicit_author_bounds,
2377,NH,PTR,4iir,B,895,,PF00069,Pkinase,687,,1003,,matched,explicit_author_bounds,
2378,NH,PTR,4ijp,B,895,,PF00069,Pkinase,687,,1003,,matched,explicit_author_bounds,
2379,NH,PTR,4ivb,,,,,,,,,,missing_token_location,,missing_token_location
2380,NH,PTR,4ivc,,,,,,,,,,missing_token_location,,missing_token_location
2381,NH,PTR,4ivd,,,,,,,,,,missing_token_location,,missing_token_location
2382,NH,PTR,4k6z,,,,,,,,,,missing_token_location,,missing_token_location
2383,NH,PTR,4nct,D,232,,PF00069,Pkinase,159,,479,,matched,explicit_author_bounds,
2384,NH,PTR,5a3x,D,232,,PF00069,Pkinase,159,,479,,matched,explicit_author_bounds,
2385,NH,PTR,5a4e,A,232,,PF00069,Pkinase,159,,479,,matched,explicit_author_bounds,
2386,NH,PTR,5a4l,A,232,,PF00069,Pkinase,159,,479,,matched,explicit_author_bounds,
2387,NH,PTR,5a4q,C,232,,PF00069,Pkinase,159,,479,,matched,explicit_author_bounds,
2388,NH,PTR,5a4t,C,232,,PF00069,Pkinase,159,,479,,matched,explicit_author_bounds,
2389,NH,PTR,5a54,A,232,,PF00069,Pkinase,159,,479,,matched,explicit_author_bounds,
2390,NH,PTR,5aik,A,232,,PF00069,Pkinase,159,,479,,matched,explicit_author_bounds,
2391,NH,PTR,5e1e,B,917,,PF07714,PK_Tyr_Ser-Thr,875,,1149,,matched,explicit_author_bounds,
2392,NH,PTR,5hx8,B,917,,PF07714,PK_Tyr_Ser-Thr,875,,1149,,matched,explicit_author_bounds,
2393,NH,PTR,5mqr,A,76,,PF24067,Beta-prop_BT_1020,27,,263,,matched,explicit_author_bounds,
2394,NH,PTR,5mqs,A,76,,PF24067,Beta-prop_BT_1020,27,,263,,matched,explicit_author_bounds,
2395,NH,PTR,5wo4,B,917,,PF07714,PK_Tyr_Ser-Thr,875,,1149,,matched,explicit_author_bounds,
2396,NH,PTR,6a1g,B,232,,PF00069,Pkinase,159,,479,,matched,explicit_author_bounds,
2397,NH,PTR,6aah,,,,,,,,,,missing_token_location,,missing_token_location
2398,NH,PTR,6bbu,A,917,,PF07714,PK_Tyr_Ser-Thr,875,,1149,,matched,explicit_author_bounds,
2399,NH,PTR,6eif,A,232,,PF00069,Pkinase,159,,479,,matched,explicit_author_bounds,
2400,NH,PTR,6eij,C,232,,PF00069,Pkinase,159,,479,,matched,explicit_author_bounds,
2401,NH,PTR,6eil,A,232,,PF00069,Pkinase,159,,479,,matched,explicit_author_bounds,
2402,NH,PTR,6eip,C,232,,PF00069,Pkinase,159,,479,,matched,explicit_author_bounds,
2403,NH,PTR,6eiq,A,232,,PF00069,Pkinase,159,,479,,matched,explicit_author_bounds,
2404,NH,PTR,6eir,A,232,,PF00069,Pkinase,159,,479,,matched,explicit_author_bounds,
2405,NH,PTR,6eis,A,232,,PF00069,Pkinase,159,,479,,matched,explicit_author_bounds,
2406,NH,PTR,6eiv,C,232,,PF00069,Pkinase,159,,479,,matched,explicit_author_bounds,
2407,NH,PTR,6ej4,A,232,,PF00069,Pkinase,159,,479,,matched,explicit_author_bounds,
2408,NH,PTR,6ggh,A,917,,PF07714,PK_Tyr_Ser-Thr,875,,1149,,matched,explicit_author_bounds,
2409,NH,PTR,6pjj,C,895,,PF00069,Pkinase,687,,1003,,matched,explicit_author_bounds,
2410,NH,PTR,6pk6,A,895,,PF00069,Pkinase,687,,1003,,matched,explicit_author_bounds,
2411,NH,PTR,6pxc,A,228,,PF00017,SH2,181,,256,,matched,explicit_author_bounds,
2412,NH,PTR,6rsb,,,,,,,,,,missing_token_location,,missing_token_location
2413,NH,PTR,6rsc,,,,,,,,,,missing_token_location,,missing_token_location
2414,NH,PTR,6rsd,,,,,,,,,,missing_token_location,,missing_token_location
2415,NH,PTR,6rse,,,,,,,,,,missing_token_location,,missing_token_location
2416,NH,PTR,6rsh,,,,,,,,,,missing_token_location,,missing_token_location
2417,NH,PTR,6sm8,B,917,,PF07714,PK_Tyr_Ser-Thr,875,,1149,,matched,explicit_author_bounds,
2418,NH,PTR,6smb,B,917,,PF07714,PK_Tyr_Ser-Thr,875,,1149,,matched,explicit_author_bounds,
2419,NH,PTR,6tca,A,266,,PF00069,Pkinase,64,,325,,matched,explicit_author_bounds,
2420,NH,PTR,6tpe,A,917,,PF07714,PK_Tyr_Ser-Thr,875,,1149,,matched,explicit_author_bounds,
2421,NH,PTR,6tpf,,,,,,,,,,missing_token_location,,missing_token_location
2422,NH,PTR,6yf8,C,232,,PF00069,Pkinase,159,,479,,matched,explicit_author_bounds,
2423,NH,PTR,7a4o,B,232,,PF00069,Pkinase,159,,479,,matched,explicit_author_bounds,
2424,NH,PTR,7a4r,A,232,,PF00069,Pkinase,159,,479,,matched,explicit_author_bounds,
2425,NH,PTR,7a4w,B,232,,PF00069,Pkinase,159,,479,,matched,explicit_author_bounds,
2426,NH,PTR,7a52,A,232,,PF00069,Pkinase,159,,479,,matched,explicit_author_bounds,
2427,NH,PTR,7a55,B,232,,PF00069,Pkinase,159,,479,,matched,explicit_author_bounds,
2428,NH,PTR,7a5b,B,232,,PF00069,Pkinase,159,,479,,matched,explicit_author_bounds,
2429,NH,PTR,7a5n,A,232,,PF00069,Pkinase,159,,479,,matched,explicit_author_bounds,
2430,NH,PTR,7ajm,A,232,,PF00069,Pkinase,159,,479,,matched,explicit_author_bounds,
2431,NH,PTR,7ajs,A,232,,PF00069,Pkinase,159,,479,,matched,explicit_author_bounds,
2432,NH,PTR,7ak2,A,232,,PF00069,Pkinase,159,,479,,matched,explicit_author_bounds,
2433,NH,PTR,7aka,B,232,,PF00069,Pkinase,159,,479,,matched,explicit_author_bounds,
2434,NH,PTR,7akb,B,232,,PF00069,Pkinase,159,,479,,matched,explicit_author_bounds,
2435,NH,PTR,7fhs,A,232,,PF00069,Pkinase,159,,479,,matched,explicit_author_bounds,
2436,NH,PTR,7fht,A,232,,PF00069,Pkinase,159,,479,,matched,explicit_author_bounds,
2437,NH,PTR,7o7k,A,232,,PF00069,Pkinase,159,,479,,matched,explicit_author_bounds,
2438,NH,PTR,7w7x,B,374,,PF07714,PK_Tyr_Ser-Thr,242,,493,,matched,explicit_author_bounds,
2439,NH,PTR,7w7y,B,374,,PF07714,PK_Tyr_Ser-Thr,242,,493,,matched,explicit_author_bounds,
2440,NH,PTR,8c3g,D,232,,PF00069,Pkinase,159,,479,,matched,explicit_author_bounds,
2441,NH,PTR,8dgq,A,228,,PF00017,SH2,181,,256,,matched,explicit_author_bounds,
2442,NH,PTR,8h7f,B,374,,PF07714,PK_Tyr_Ser-Thr,242,,493,,matched,explicit_author_bounds,
2443,NH,PTR,8h7h,B,374,,PF07714,PK_Tyr_Ser-Thr,242,,493,,matched,explicit_author_bounds,
2444,NH,PTR,8i7s,B,374,,PF07714,PK_Tyr_Ser-Thr,242,,493,,matched,explicit_author_bounds,
2445,NH,PTR,8i7t,B,374,,PF07714,PK_Tyr_Ser-Thr,242,,493,,matched,explicit_author_bounds,
2446,NH,PTR,8i7z,B,374,,PF07714,PK_Tyr_Ser-Thr,242,,493,,matched,explicit_author_bounds,
2447,NH,PTR,8rpc,A,572,,PF00069,Pkinase,365,,687,,matched,explicit_author_bounds,
2448,NH,PTR,8s85,B,917,,PF07714,PK_Tyr_Ser-Thr,875,,1149,,matched,explicit_author_bounds,
2449,NH,PTR,8t2h,B,232,,PF00069,Pkinase,159,,479,,matched,explicit_author_bounds,
2450,NH,PTR,9cy5,B,232,,PF00069,Pkinase,159,,479,,matched,explicit_author_bounds,
2451,NH,PTR,9krj,A,232,,PF00069,Pkinase,159,,479,,matched,explicit_author_bounds,
2452,NH,PTR,9ks5,B,374,,PF07714,PK_Tyr_Ser-Thr,242,,493,,matched,explicit_author_bounds,
2453,NH,PTR,9yko,A,232,,PF00069,Pkinase,159,,479,,matched,explicit_author_bounds,
2454,NH,SEP,1f8a,B,30,,PF00397,WW,11,,41,,matched,explicit_author_bounds,
2455,NH,SEP,1k35,A,212,,PF02879,PGM_PMM_II,157,,255,,matched,explicit_author_bounds,
2456,NH,SEP,1p5d,X,212,,PF02879,PGM_PMM_II,157,,255,,matched,explicit_author_bounds,
2457,NH,SEP,1p5g,X,212,,PF02879,PGM_PMM_II,157,,255,,matched,explicit_author_bounds,
2458,NH,SEP,1pcj,X,212,,PF02879,PGM_PMM_II,157,,255,,matched,explicit_author_bounds,
2459,NH,SEP,1pcm,X,212,,PF02879,PGM_PMM_II,157,,255,,matched,explicit_author_bounds,
2460,NH,SEP,1yhs,A,286,,PF00069,Pkinase,38,,290,,matched,explicit_author_bounds,
2461,NH,SEP,1yi3,A,286,,PF00069,Pkinase,38,,290,,matched,explicit_author_bounds,
2462,NH,SEP,1yi4,A,286,,PF00069,Pkinase,38,,290,,matched,explicit_author_bounds,
2463,NH,SEP,2bik,B,286,,PF00069,Pkinase,38,,290,,matched,explicit_author_bounds,
2464,NH,SEP,2bzi,B,286,,PF00069,Pkinase,38,,290,,matched,explicit_author_bounds,
2465,NH,SEP,2fkf,A,212,,PF02879,PGM_PMM_II,157,,255,,matched,explicit_author_bounds,
2466,NH,SEP,2h4l,X,212,,PF02879,PGM_PMM_II,157,,255,,matched,explicit_author_bounds,
2467,NH,SEP,2h5a,X,212,,PF02879,PGM_PMM_II,157,,255,,matched,explicit_author_bounds,
2468,NH,SEP,2l0i,A,65,,PF04818,CID,6,,127,,matched,explicit_author_bounds,
2469,NH,SEP,2lax,A,191,,PF00397,WW,173,,202,,matched,explicit_author_bounds,
2470,NH,SEP,2obj,A,286,,PF00069,Pkinase,38,,290,,matched,explicit_author_bounds,
2471,NH,SEP,2xix,A,286,,PF00069,Pkinase,38,,290,,matched,explicit_author_bounds,
2472,NH,SEP,2xiy,A,286,,PF00069,Pkinase,38,,290,,matched,explicit_author_bounds,
2473,NH,SEP,2xiz,A,286,,PF00069,Pkinase,38,,290,,matched,explicit_author_bounds,
2474,NH,SEP,2xj1,A,286,,PF00069,Pkinase,38,,290,,matched,explicit_author_bounds,
2475,NH,SEP,2xj2,A,286,,PF00069,Pkinase,38,,290,,matched,explicit_author_bounds,
2476,NH,SEP,3bgp,A,286,,PF00069,Pkinase,38,,290,,matched,explicit_author_bounds,
2477,NH,SEP,3bgq,A,286,,PF00069,Pkinase,38,,290,,matched,explicit_author_bounds,
2478,NH,SEP,3bgz,A,286,,PF00069,Pkinase,38,,290,,matched,explicit_author_bounds,
2479,NH,SEP,3bkq,X,212,,PF02879,PGM_PMM_II,157,,255,,matched,explicit_author_bounds,
2480,NH,SEP,3c04,A,212,,PF02879,PGM_PMM_II,157,,255,,matched,explicit_author_bounds,
2481,NH,SEP,3cy3,A,286,,PF00069,Pkinase,38,,290,,matched,explicit_author_bounds,
2482,NH,SEP,3dcv,A,286,,PF00069,Pkinase,38,,290,,matched,explicit_author_bounds,
2483,NH,SEP,3f2a,A,286,,PF00069,Pkinase,38,,290,,matched,explicit_author_bounds,
2484,NH,SEP,3k2l,A,222,,PF00069,Pkinase,149,,462,,matched,explicit_author_bounds,
2485,NH,SEP,3ma3,A,286,,PF00069,Pkinase,38,,290,,matched,explicit_author_bounds,
2486,NH,SEP,3o2q,E,144,,PF04722,Ssu72,6,,194,,matched,explicit_author_bounds,
2487,NH,SEP,3t9i,A,286,,PF00069,Pkinase,38,,290,,matched,explicit_author_bounds,
2488,NH,SEP,3tmp,C,281,,PF02338,OTU,219,,337,,matched,explicit_author_bounds,
2489,NH,SEP,3uat,A,793,,PF00625,Guanylate_kin,720,,898,,matched,explicit_author_bounds,
2490,NH,SEP,4a7c,A,286,,PF00069,Pkinase,38,,290,,matched,explicit_author_bounds,
2491,NH,SEP,4bzn,A,286,,PF00069,Pkinase,38,,290,,matched,explicit_author_bounds,
2492,NH,SEP,4bzo,A,286,,PF00069,Pkinase,38,,290,,matched,explicit_author_bounds,
2493,NH,SEP,4c0o,A,744,,,,,,,,outside_pfam_ranges,,outside_pfam_ranges
2494,NH,SEP,4h3h,E,144,,PF04722,Ssu72,6,,194,,matched,explicit_author_bounds,
2495,NH,SEP,4h3k,E,144,,PF04722,Ssu72,6,,194,,matched,explicit_author_bounds,
2496,NH,SEP,4i41,A,286,,PF00069,Pkinase,38,,290,,matched,explicit_author_bounds,
2497,NH,SEP,4iaa,A,286,,PF00069,Pkinase,38,,290,,matched,explicit_author_bounds,
2498,NH,SEP,4il8,A,212,,PF02879,PGM_PMM_II,157,,255,,matched,explicit_author_bounds,
2499,NH,SEP,4kk4,A,63,,PF01451,LMWPc,3,,142,,matched,explicit_author_bounds,
2500,NH,SEP,4n6y,A,286,,PF00069,Pkinase,38,,290,,matched,explicit_author_bounds,
2501,NH,SEP,4n6z,A,286,,PF00069,Pkinase,38,,290,,matched,explicit_author_bounds,
2502,NH,SEP,4n70,A,286,,PF00069,Pkinase,38,,290,,matched,explicit_author_bounds,
2503,NH,SEP,4rbl,A,286,,PF00069,Pkinase,38,,290,,matched,explicit_author_bounds,
2504,NH,SEP,4rc2,A,286,,PF00069,Pkinase,38,,290,,matched,explicit_author_bounds,
2505,NH,SEP,4rc3,A,286,,PF00069,Pkinase,38,,290,,matched,explicit_author_bounds,
2506,NH,SEP,4rc4,A,286,,PF00069,Pkinase,38,,290,,matched,explicit_author_bounds,
2507,NH,SEP,4rgw,B,133,,PF04658,TAFII55_N,12,,177,,matched,inferred_author_end,
2508,NH,SEP,4wih,A,294,,,,,,,,no_pdb_chain_mapping,,no_pdb_chain_mapping
2509,NH,SEP,4wjn,A,74,,PF11976,Rad60-SLD,22,,92,,matched,explicit_author_bounds,
2510,NH,SEP,4wjp,C,74,,PF11976,Rad60-SLD,22,,92,,matched,explicit_author_bounds,
2511,NH,SEP,4xhk,B,286,,PF00069,Pkinase,38,,290,,matched,explicit_author_bounds,
2512,NH,SEP,5dwr,A,286,,PF00069,Pkinase,38,,290,,matched,explicit_author_bounds,
2513,NH,SEP,5fur,H,133,,PF04658,TAFII55_N,12,,177,,matched,inferred_author_end,
2514,NH,SEP,5iis,A,286,,PF00069,Pkinase,38,,290,,matched,explicit_author_bounds,
2515,NH,SEP,5lcp,A,293,,,,,,,,no_pdb_chain_mapping,,no_pdb_chain_mapping
2516,NH,SEP,5lcq,A,293,,,,,,,,no_pdb_chain_mapping,,no_pdb_chain_mapping
2517,NH,SEP,5lcr,A,293,,,,,,,,no_pdb_chain_mapping,,no_pdb_chain_mapping
2518,NH,SEP,5lct,A,293,,,,,,,,no_pdb_chain_mapping,,no_pdb_chain_mapping
2519,NH,SEP,5lcu,A,293,,,,,,,,no_pdb_chain_mapping,,no_pdb_chain_mapping
2520,NH,SEP,5m0b,A,293,,,,,,,,no_pdb_chain_mapping,,no_pdb_chain_mapping
2521,NH,SEP,5m0u,A,293,,,,,,,,no_pdb_chain_mapping,,no_pdb_chain_mapping
2522,NH,SEP,5m6v,A,293,,,,,,,,no_pdb_chain_mapping,,no_pdb_chain_mapping
2523,NH,SEP,5m6y,A,293,,,,,,,,no_pdb_chain_mapping,,no_pdb_chain_mapping
2524,NH,SEP,5m71,A,293,,,,,,,,no_pdb_chain_mapping,,no_pdb_chain_mapping
2525,NH,SEP,5m75,A,293,,,,,,,,no_pdb_chain_mapping,,no_pdb_chain_mapping
2526,NH,SEP,5m9d,A,65,,PF04818,CID,6,,127,,matched,explicit_author_bounds,
2527,NH,SEP,5mhi,A,293,,,,,,,,no_pdb_chain_mapping,,no_pdb_chain_mapping
2528,NH,SEP,5n1d,A,293,,,,,,,,no_pdb_chain_mapping,,no_pdb_chain_mapping
2529,NH,SEP,5n1e,A,293,,,,,,,,no_pdb_chain_mapping,,no_pdb_chain_mapping
2530,NH,SEP,5n1l,A,293,,,,,,,,no_pdb_chain_mapping,,no_pdb_chain_mapping
2531,NH,SEP,5n1m,A,293,,,,,,,,no_pdb_chain_mapping,,no_pdb_chain_mapping
2532,NH,SEP,5n1n,A,293,,,,,,,,no_pdb_chain_mapping,,no_pdb_chain_mapping
2533,NH,SEP,5n1o,A,293,,,,,,,,no_pdb_chain_mapping,,no_pdb_chain_mapping
2534,NH,SEP,5n32,A,293,,,,,,,,no_pdb_chain_mapping,,no_pdb_chain_mapping
2535,NH,SEP,5n33,A,293,,,,,,,,no_pdb_chain_mapping,,no_pdb_chain_mapping
2536,NH,SEP,5n36,A,293,,,,,,,,no_pdb_chain_mapping,,no_pdb_chain_mapping
2537,NH,SEP,5n37,A,293,,,,,,,,no_pdb_chain_mapping,,no_pdb_chain_mapping
2538,NH,SEP,5n39,A,293,,,,,,,,no_pdb_chain_mapping,,no_pdb_chain_mapping
2539,NH,SEP,5n3a,A,293,,,,,,,,no_pdb_chain_mapping,,no_pdb_chain_mapping
2540,NH,SEP,5n3b,A,293,,,,,,,,no_pdb_chain_mapping,,no_pdb_chain_mapping
2541,NH,SEP,5n3c,A,293,,,,,,,,no_pdb_chain_mapping,,no_pdb_chain_mapping
2542,NH,SEP,5n3d,A,293,,,,,,,,no_pdb_chain_mapping,,no_pdb_chain_mapping
2543,NH,SEP,5n3e,A,293,,,,,,,,no_pdb_chain_mapping,,no_pdb_chain_mapping
2544,NH,SEP,5n51,A,286,,PF00069,Pkinase,38,,290,,matched,explicit_author_bounds,
2545,NH,SEP,5n5l,A,286,,PF00069,Pkinase,38,,290,,matched,explicit_author_bounds,
2546,NH,SEP,5n5m,A,286,,PF00069,Pkinase,38,,290,,matched,explicit_author_bounds,
2547,NH,SEP,5n7p,A,293,,,,,,,,no_pdb_chain_mapping,,no_pdb_chain_mapping
2548,NH,SEP,5n7u,A,293,,,,,,,,no_pdb_chain_mapping,,no_pdb_chain_mapping
2549,NH,SEP,5ntj,A,293,,,,,,,,no_pdb_chain_mapping,,no_pdb_chain_mapping
2550,NH,SEP,5o0e,A,293,,,,,,,,no_pdb_chain_mapping,,no_pdb_chain_mapping
2551,NH,SEP,5o11,A,286,,PF00069,Pkinase,38,,290,,matched,explicit_author_bounds,
2552,NH,SEP,5o12,A,286,,PF00069,Pkinase,38,,290,,matched,explicit_author_bounds,
2553,NH,SEP,5o13,A,286,,PF00069,Pkinase,38,,290,,matched,explicit_author_bounds,
2554,NH,SEP,5ok3,A,293,,,,,,,,no_pdb_chain_mapping,,no_pdb_chain_mapping
2555,NH,SEP,5otg,A,293,,,,,,,,no_pdb_chain_mapping,,no_pdb_chain_mapping
2556,NH,SEP,5oua,A,293,,,,,,,,no_pdb_chain_mapping,,no_pdb_chain_mapping
2557,NH,SEP,5ouc,A,293,,,,,,,,no_pdb_chain_mapping,,no_pdb_chain_mapping
2558,NH,SEP,5oxh,A,67,,PF00240,ubiquitin,3,,74,,matched,explicit_author_bounds,
2559,NH,SEP,5xjc,T,370,,PF00400,WD40,362,,399,,matched,explicit_author_bounds,
2560,NH,SEP,5yzg,T,370,,PF00400,WD40,362,,399,,matched,explicit_author_bounds,
2561,NH,SEP,6eh2,A,293,,,,,,,,no_pdb_chain_mapping,,no_pdb_chain_mapping
2562,NH,SEP,6eh3,A,293,,,,,,,,no_pdb_chain_mapping,,no_pdb_chain_mapping
2563,NH,SEP,6erw,A,293,,,,,,,,no_pdb_chain_mapping,,no_pdb_chain_mapping
2564,NH,SEP,6gmh,M,1428,,PF14633,SH2_2,1303,,1514,,matched,inferred_author_start,
2565,NH,SEP,6i2a,A,293,,,,,,,,no_pdb_chain_mapping,,no_pdb_chain_mapping
2566,NH,SEP,6i2h,A,293,,,,,,,,no_pdb_chain_mapping,,no_pdb_chain_mapping
2567,NH,SEP,6i7d,D,106,,PF00063,Myosin_head,99,,759,,matched,explicit_author_bounds,
2568,NH,SEP,6i7e,A,106,,PF00063,Myosin_head,99,,759,,matched,explicit_author_bounds,
2569,NH,SEP,6icz,T,370,,PF00400,WD40,362,,399,,matched,explicit_author_bounds,
2570,NH,SEP,6id0,T,370,,PF00400,WD40,362,,399,,matched,explicit_author_bounds,
2571,NH,SEP,6id1,T,370,,PF00400,WD40,362,,399,,matched,explicit_author_bounds,
2572,NH,SEP,6kzi,A,286,,PF00069,Pkinase,38,,290,,matched,explicit_author_bounds,
2573,NH,SEP,6l11,A,286,,PF00069,Pkinase,38,,290,,matched,explicit_author_bounds,
2574,NH,SEP,6l12,A,286,,PF00069,Pkinase,38,,290,,matched,explicit_author_bounds,
2575,NH,SEP,6l13,A,286,,PF00069,Pkinase,38,,290,,matched,explicit_author_bounds,
2576,NH,SEP,6l14,A,286,,PF00069,Pkinase,38,,290,,matched,explicit_author_bounds,
2577,NH,SEP,6l15,A,286,,PF00069,Pkinase,38,,290,,matched,explicit_author_bounds,
2578,NH,SEP,6l16,A,286,,PF00069,Pkinase,38,,290,,matched,explicit_author_bounds,
2579,NH,SEP,6l17,A,286,,PF00069,Pkinase,38,,290,,matched,explicit_author_bounds,
2580,NH,SEP,6pdn,A,286,,PF00069,Pkinase,38,,290,,matched,explicit_author_bounds,
2581,NH,SEP,6qdv,J,370,,PF00400,WD40,362,,399,,matched,explicit_author_bounds,
2582,NH,SEP,6rfl,B,408,,,,,,,,no_pdb_chain_mapping,,no_pdb_chain_mapping
2583,NH,SEP,6ted,M,1428,,PF14633,SH2_2,1300,,1514,,matched,inferred_author_start,
2584,NH,SEP,6tu7,AP1,106,,PF00063,Myosin_head,99,,759,,matched,explicit_author_bounds,
2585,NH,SEP,6uys,C,74,,PF11976,Rad60-SLD,22,,92,,matched,explicit_author_bounds,
2586,NH,SEP,6uyt,A,74,,PF11976,Rad60-SLD,22,,92,,matched,explicit_author_bounds,
2587,NH,SEP,6uyu,A,74,,PF11976,Rad60-SLD,22,,92,,matched,explicit_author_bounds,
2588,NH,SEP,6w9e,A,311,,PF00069,Pkinase,19,,315,,matched,explicit_author_bounds,
2589,NH,SEP,6y0b,A,293,,,,,,,,no_pdb_chain_mapping,,no_pdb_chain_mapping
2590,NH,SEP,6y2o,A,293,,,,,,,,no_pdb_chain_mapping,,no_pdb_chain_mapping
2591,NH,SEP,6ycx,B,106,,PF00063,Myosin_head,99,,759,,matched,explicit_author_bounds,
2592,NH,SEP,6ycy,A,106,,PF00063,Myosin_head,99,,759,,matched,explicit_author_bounds,
2593,NH,SEP,6ykd,A,286,,PF00069,Pkinase,38,,290,,matched,explicit_author_bounds,
2594,NH,SEP,6yna,A,293,,,,,,,,no_pdb_chain_mapping,,no_pdb_chain_mapping
2595,NH,SEP,6ynb,A,293,,,,,,,,no_pdb_chain_mapping,,no_pdb_chain_mapping
2596,NH,SEP,6ync,A,293,,,,,,,,no_pdb_chain_mapping,,no_pdb_chain_mapping
2597,NH,SEP,6yot,A,293,,,,,,,,no_pdb_chain_mapping,,no_pdb_chain_mapping
2598,NH,SEP,6yqi,A,293,,,,,,,,no_pdb_chain_mapping,,no_pdb_chain_mapping
2599,NH,SEP,6yqj,A,293,,,,,,,,no_pdb_chain_mapping,,no_pdb_chain_mapping
2600,NH,SEP,6yqk,A,293,,,,,,,,no_pdb_chain_mapping,,no_pdb_chain_mapping
2601,NH,SEP,7a4r,B,232,,PF00069,Pkinase,159,,479,,matched,explicit_author_bounds,
2602,NH,SEP,7a52,A,232,,PF00069,Pkinase,159,,479,,matched,explicit_author_bounds,
2603,NH,SEP,7a53,B,232,,PF00069,Pkinase,159,,479,,matched,explicit_author_bounds,
2604,NH,SEP,7a5n,B,232,,PF00069,Pkinase,159,,479,,matched,explicit_author_bounds,
2605,NH,SEP,7ajm,A,232,,PF00069,Pkinase,159,,479,,matched,explicit_author_bounds,
2606,NH,SEP,7ajs,A,232,,PF00069,Pkinase,159,,479,,matched,explicit_author_bounds,
2607,NH,SEP,7ajv,A,232,,PF00069,Pkinase,159,,479,,matched,explicit_author_bounds,
2608,NH,SEP,7ajy,B,232,,PF00069,Pkinase,159,,479,,matched,explicit_author_bounds,
2609,NH,SEP,7ak2,B,232,,PF00069,Pkinase,159,,479,,matched,explicit_author_bounds,
2610,NH,SEP,7aka,A,232,,PF00069,Pkinase,159,,479,,matched,explicit_author_bounds,
2611,NH,SEP,7akb,B,232,,PF00069,Pkinase,159,,479,,matched,explicit_author_bounds,
2612,NH,SEP,7ake,B,232,,PF00069,Pkinase,159,,479,,matched,explicit_author_bounds,
2613,NH,SEP,7akf,A,295,,PF00069,Pkinase,222,,535,,matched,explicit_author_bounds,
2614,NH,SEP,7akh,A,295,,PF00069,Pkinase,222,,535,,matched,explicit_author_bounds,
2615,NH,SEP,7aln,F,106,,PF00063,Myosin_head,99,,759,,matched,explicit_author_bounds,
2616,NH,SEP,7axt,A,293,,,,,,,,no_pdb_chain_mapping,,no_pdb_chain_mapping
2617,NH,SEP,7axw,A,293,,,,,,,,no_pdb_chain_mapping,,no_pdb_chain_mapping
2618,NH,SEP,7bb0,A,293,,,,,,,,no_pdb_chain_mapping,,no_pdb_chain_mapping
2619,NH,SEP,7nzm,B,124,,PF00149,Metallophos,57,,252,,matched,explicit_author_bounds,
2620,NH,SEP,7pid,A,293,,,,,,,,no_pdb_chain_mapping,,no_pdb_chain_mapping
2621,NH,SEP,7pie,A,293,,,,,,,,no_pdb_chain_mapping,,no_pdb_chain_mapping
2622,NH,SEP,7pif,A,293,,,,,,,,no_pdb_chain_mapping,,no_pdb_chain_mapping
2623,NH,SEP,7pig,A,293,,,,,,,,no_pdb_chain_mapping,,no_pdb_chain_mapping
2624,NH,SEP,7pih,A,293,,,,,,,,no_pdb_chain_mapping,,no_pdb_chain_mapping
2625,NH,SEP,7qb2,A,286,,PF00069,Pkinase,38,,290,,matched,explicit_author_bounds,
2626,NH,SEP,7qfm,A,286,,PF00069,Pkinase,38,,290,,matched,explicit_author_bounds,
2627,NH,SEP,7und,M,1425,,PF14633,SH2_2,1297,,1511,,matched,inferred_author_start,
2628,NH,SEP,7vcf,C,332,,,,,,,,no_pdb_chain_mapping,,no_pdb_chain_mapping
2629,NH,SEP,7w59,T,370,,PF00400,WD40,362,,399,,matched,explicit_author_bounds,
2630,NH,SEP,7w5a,T,370,,PF00400,WD40,362,,399,,matched,explicit_author_bounds,
2631,NH,SEP,7w5b,T,370,,PF00400,WD40,362,,399,,matched,explicit_author_bounds,
2632,NH,SEP,7xbr,H,239,,PF00069,Pkinase,70,,325,,matched,explicit_author_bounds,
2633,NH,SEP,7xsv,A,286,,PF00069,Pkinase,38,,290,,matched,explicit_author_bounds,
2634,NH,SEP,7z6u,A,286,,PF00069,Pkinase,38,,290,,matched,explicit_author_bounds,
2635,NH,SEP,7zun,A,286,,PF00069,Pkinase,38,,290,,matched,explicit_author_bounds,
2636,NH,SEP,8a12,A,106,,PF00063,Myosin_head,99,,759,,matched,explicit_author_bounds,
2637,NH,SEP,8a3y,M,1428,,PF14633,SH2_2,1327,,1514,,matched,explicit_author_bounds,
2638,NH,SEP,8afr,A,286,,PF00069,Pkinase,38,,290,,matched,explicit_author_bounds,
2639,NH,SEP,8c6j,J,370,,PF00400,WD40,362,,399,,matched,explicit_author_bounds,
2640,NH,SEP,8cdm,A,106,,PF00063,Myosin_head,99,,759,,matched,explicit_author_bounds,
2641,NH,SEP,8cdq,A,106,,PF00063,Myosin_head,99,,759,,matched,explicit_author_bounds,
2642,NH,SEP,8ekg,F,527,,PF07519,Tannase,92,,600,,matched,explicit_author_bounds,
2643,NH,SEP,8hpo,F,392,,,,,,,,outside_pfam_ranges,,outside_pfam_ranges
2644,NH,SEP,8i0u,T,370,,PF00400,WD40,362,,399,,matched,explicit_author_bounds,
2645,NH,SEP,8i0v,T,370,,PF00400,WD40,362,,399,,matched,explicit_author_bounds,
2646,NH,SEP,8i0w,T,370,,PF00400,WD40,362,,399,,matched,explicit_author_bounds,
2647,NH,SEP,8r0h,A,286,,PF00069,Pkinase,38,,290,,matched,explicit_author_bounds,
2648,NH,SEP,8r0q,A,286,,PF00069,Pkinase,38,,290,,matched,explicit_author_bounds,
2649,NH,SEP,8r0w,A,286,,PF00069,Pkinase,38,,290,,matched,explicit_author_bounds,
2650,NH,SEP,8r0y,A,286,,PF00069,Pkinase,38,,290,,matched,explicit_author_bounds,
2651,NH,SEP,8r10,A,286,,PF00069,Pkinase,38,,290,,matched,explicit_author_bounds,
2652,NH,SEP,8r18,A,286,,PF00069,Pkinase,38,,290,,matched,explicit_author_bounds,
2653,NH,SEP,8r1k,A,286,,PF00069,Pkinase,38,,290,,matched,explicit_author_bounds,
2654,NH,SEP,8r1n,A,286,,PF00069,Pkinase,38,,290,,matched,explicit_author_bounds,
2655,NH,SEP,8r1p,A,286,,PF00069,Pkinase,38,,290,,matched,explicit_author_bounds,
2656,NH,SEP,8r1t,A,286,,PF00069,Pkinase,38,,290,,matched,explicit_author_bounds,
2657,NH,SEP,8r1w,A,286,,PF00069,Pkinase,38,,290,,matched,explicit_author_bounds,
2658,NH,SEP,8r25,A,286,,PF00069,Pkinase,38,,290,,matched,explicit_author_bounds,
2659,NH,SEP,8r27,A,286,,PF00069,Pkinase,38,,290,,matched,explicit_author_bounds,
2660,NH,SEP,8ro2,T,370,,PF00400,WD40,362,,399,,matched,explicit_author_bounds,
2661,NH,SEP,8rqk,B,408,,,,,,,,outside_pfam_ranges,,outside_pfam_ranges
2662,NH,SEP,8ukn,H,293,,PF00069,Pkinase,43,,297,,matched,explicit_author_bounds,
2663,NH,SEP,8zyt,R,405,,,,,,,,outside_pfam_ranges,,outside_pfam_ranges
2664,NH,SEP,8zyu,R,405,,,,,,,,outside_pfam_ranges,,outside_pfam_ranges
2665,NH,SEP,8zyy,R,405,,,,,,,,outside_pfam_ranges,,outside_pfam_ranges
2666,NH,SEP,9eh0,M,1428,,PF14633,SH2_2,1300,,1514,,matched,inferred_author_start,
2667,NH,SEP,9eh1,M,1428,,,,,,,,no_pdb_chain_mapping,,no_pdb_chain_mapping
2668,NH,SEP,9eh2,M,1428,,PF14633,SH2_2,1300,,1514,,matched,explicit_author_bounds,
2669,NH,SEP,9fmd,T,370,,PF00400,WD40,362,,399,,matched,explicit_author_bounds,
2670,NH,SEP,9m0d,R,405,,,,,,,,outside_pfam_ranges,,outside_pfam_ranges
2671,NH,SEP,9nb9,C,124,,PF00149,Metallophos,57,,252,,matched,explicit_author_bounds,
2672,NH,SEP,9qpx,B,1745,,,,,,,,outside_pfam_ranges,,outside_pfam_ranges
2673,NH,SEP,9rpn,A,26,,PF00397,WW,7,,37,,matched,explicit_author_bounds,
2674,NH,SEP,9rpu,A,26,,PF00397,WW,7,,37,,matched,explicit_author_bounds,
2675,NH,SEP,9rtt,,,,,,,,,,missing_token_location,,missing_token_location
2676,NH,SEP,9s2e,T,370,,PF00400,WD40,362,,399,,matched,explicit_author_bounds,
2677,NH,SEP,9s2f,T,370,,PF00400,WD40,362,,399,,matched,explicit_author_bounds,
2678,NH,SEP,9t7i,A,106,,PF00063,Myosin_head,99,,759,,matched,explicit_author_bounds,
2679,NH,SEP,9xu3,K,370,,PF00400,WD40,362,,399,,matched,explicit_author_bounds,
2680,NH,SEP,9yki,A,286,,PF00069,Pkinase,38,,290,,matched,explicit_author_bounds,
2681,NH,TPO,1i8h,B,21,,PF00397,WW,2,,32,,matched,explicit_author_bounds,
2682,NH,TPO,1xjd,A,557,,PF00069,Pkinase,380,,634,,matched,explicit_author_bounds,
2683,NH,TPO,2joc,A,24,,PF00397,WW,6,,35,,matched,explicit_author_bounds,
2684,NH,TPO,2lax,A,191,,PF00397,WW,173,,202,,matched,explicit_author_bounds,
2685,NH,TPO,2pie,A,62,,PF00498,FHA,38,,109,,matched,explicit_author_bounds,
2686,NH,TPO,2w8d,B,411,,PF00884,Sulfatase,245,,536,,matched,explicit_author_bounds,
2687,NH,TPO,36ln,A,252,,PF00388,PI-PLC-X,159,,303,,matched,explicit_author_bounds,
2688,NH,TPO,4l1u,,,,,,,,,,missing_token_location,,missing_token_location
2689,NH,TPO,4rgw,B,133,,PF04658,TAFII55_N,12,,177,,matched,inferred_author_end,
2690,NH,TPO,4rvz,Z,245,,PF08489,TiaS_FLD,139,,251,,matched,explicit_author_bounds,
2691,NH,TPO,4uoo,B,421,,PF00884,Sulfatase,255,,545,,matched,explicit_author_bounds,
2692,NH,TPO,4uor,G,421,,PF00884,Sulfatase,255,,545,,matched,explicit_author_bounds,
2693,NH,TPO,5fur,H,133,,PF04658,TAFII55_N,12,,177,,matched,inferred_author_end,
2694,NH,TPO,5gov,A,198,,,,,,,,no_pdb_chain_mapping,,no_pdb_chain_mapping
2695,NH,TPO,5hes,A,159,,PF07714,PK_Tyr_Ser-Thr,16,,260,,matched,explicit_author_bounds,
2696,NH,TPO,5k4p,A,394,,,,,,,,no_pdb_chain_mapping,,no_pdb_chain_mapping
2697,NH,TPO,5lrn,A,394,,,,,,,,no_pdb_chain_mapping,,no_pdb_chain_mapping
2698,NH,TPO,5lvf,A,65,,PF04818,CID,6,,127,,matched,explicit_author_bounds,
2699,NH,TPO,5xob,Z,245,,PF08489,TiaS_FLD,139,,251,,matched,explicit_author_bounds,
2700,NH,TPO,5ylc,A,179,,,,,,,,no_pdb_chain_mapping,,no_pdb_chain_mapping
2701,NH,TPO,5yle,A,179,,,,,,,,no_pdb_chain_mapping,,no_pdb_chain_mapping
2702,NH,TPO,5ylf,A,179,,,,,,,,no_pdb_chain_mapping,,no_pdb_chain_mapping
2703,NH,TPO,5zjv,A,179,,,,,,,,no_pdb_chain_mapping,,no_pdb_chain_mapping
2704,NH,TPO,6agg,Z,245,,PF08489,TiaS_FLD,139,,251,,matched,explicit_author_bounds,
2705,NH,TPO,6ar2,B,54,,PF00498,FHA,28,,106,,matched,explicit_author_bounds,
2706,NH,TPO,6gmh,M,1365,,PF14633,SH2_2,1303,,1514,,matched,inferred_author_start,
2707,NH,TPO,6li4,A,394,,,,,,,,no_pdb_chain_mapping,,no_pdb_chain_mapping
2708,NH,TPO,6li5,A,394,,,,,,,,no_pdb_chain_mapping,,no_pdb_chain_mapping
2709,NH,TPO,6li6,A,394,,,,,,,,no_pdb_chain_mapping,,no_pdb_chain_mapping
2710,NH,TPO,6ra7,A,273,,PF00069,Pkinase,25,,289,,matched,explicit_author_bounds,
2711,NH,TPO,6sut,A,394,,,,,,,,no_pdb_chain_mapping,,no_pdb_chain_mapping
2712,NH,TPO,6tca,A,266,,PF00069,Pkinase,64,,325,,matched,explicit_author_bounds,
2713,NH,TPO,6ted,M,1365,,PF14633,SH2_2,1300,,1514,,matched,inferred_author_start,
2714,NH,TPO,6wet,BaB,259,,PF01663,Phosphodiest,212,,538,,matched,explicit_author_bounds,
2715,NH,TPO,7aa9,I,98,,PF02991,ATG8,13,,116,,matched,inferred_author_end,
2716,NH,TPO,7l74,A,162,,,,,,,,no_pdb_chain_mapping,,no_pdb_chain_mapping
2717,NH,TPO,7unc,M,1362,,PF14633,SH2_2,1297,,1511,,matched,inferred_author_start,
2718,NH,TPO,7und,M,1362,,PF14633,SH2_2,1297,,1511,,matched,inferred_author_start,
2719,NH,TPO,7vcf,C,332,,,,,,,,no_pdb_chain_mapping,,no_pdb_chain_mapping
2720,NH,TPO,7w5z,,,,,,,,,,missing_token_location,,missing_token_location
2721,NH,TPO,7waa,A,178,,,,,,,,no_pdb_chain_mapping,,no_pdb_chain_mapping
2722,NH,TPO,7xbr,A,104,,PF00069,Pkinase,70,,325,,matched,explicit_author_bounds,
2723,NH,TPO,7yjp,A,394,,,,,,,,no_pdb_chain_mapping,,no_pdb_chain_mapping
2724,NH,TPO,7yjq,B,394,,,,,,,,no_pdb_chain_mapping,,no_pdb_chain_mapping
2725,NH,TPO,7yjr,A,394,,,,,,,,no_pdb_chain_mapping,,no_pdb_chain_mapping
2726,NH,TPO,7yjs,A,394,,,,,,,,no_pdb_chain_mapping,,no_pdb_chain_mapping
2727,NH,TPO,7yjt,A,394,,,,,,,,no_pdb_chain_mapping,,no_pdb_chain_mapping
2728,NH,TPO,8a3y,M,1365,,PF14633,SH2_2,1327,,1514,,matched,explicit_author_bounds,
2729,NH,TPO,8b6h,Dd,347,,,,,,,,outside_pfam_ranges,,outside_pfam_ranges
2730,NH,TPO,8bqs,Dd,347,,,,,,,,outside_pfam_ranges,,outside_pfam_ranges
2731,NH,TPO,8gym,,,,,,,,,,missing_token_location,,missing_token_location
2732,NH,TPO,8gzu,,,,,,,,,,missing_token_location,,missing_token_location
2733,NH,TPO,8hpo,F,392,,,,,,,,outside_pfam_ranges,,outside_pfam_ranges
2734,NH,TPO,8sg2,A,26,,PF00397,WW,7,,37,,matched,explicit_author_bounds,
2735,NH,TPO,8tvn,D,305,,PF07714,PK_Tyr_Ser-Thr,187,,454,,matched,explicit_author_bounds,
2736,NH,TPO,8v2l,D,305,,PF07714,PK_Tyr_Ser-Thr,187,,454,,matched,explicit_author_bounds,
2737,NH,TPO,8zyt,R,405,,,,,,,,outside_pfam_ranges,,outside_pfam_ranges
2738,NH,TPO,8zyu,R,405,,,,,,,,outside_pfam_ranges,,outside_pfam_ranges
2739,NH,TPO,8zyy,R,405,,,,,,,,outside_pfam_ranges,,outside_pfam_ranges
2740,NH,TPO,9bcz,A,252,,PF00388,PI-PLC-X,159,,303,,matched,explicit_author_bounds,
2741,NH,TPO,9c0e,B,1203,,PF03522,SLC12,801,,1212,,matched,explicit_author_bounds,
2742,NH,TPO,9c0g,B,1203,,PF03522,SLC12,801,,1212,,matched,explicit_author_bounds,
2743,NH,TPO,9c0h,A,1203,,PF03522,SLC12,801,,1212,,matched,explicit_author_bounds,
2744,NH,TPO,9egx,M,1365,,PF14633,SH2_2,1300,,1514,,matched,inferred_author_start,
2745,NH,TPO,9egy,M,1365,,PF14633,SH2_2,1300,,1514,,matched,inferred_author_start,
2746,NH,TPO,9egz,M,1365,,PF14633,SH2_2,1300,,1514,,matched,inferred_author_start,
2747,NH,TPO,9eh0,M,1365,,PF14633,SH2_2,1300,,1514,,matched,inferred_author_start,
2748,NH,TPO,9eh1,M,1365,,,,,,,,no_pdb_chain_mapping,,no_pdb_chain_mapping
2749,NH,TPO,9eh2,M,1365,,PF14633,SH2_2,1300,,1514,,matched,explicit_author_bounds,
2750,NH,TPO,9gye,A,119,,PF04185,Phosphoesterase,51,,437,,matched,explicit_author_bounds,
2751,NH,TPO,9ivd,B,74,,,,,,,,outside_pfam_ranges,,outside_pfam_ranges
2752,NH,TPO,9j5k,F,117,,PF00149,Metallophos,50,,245,,matched,explicit_author_bounds,
2753,NH,TPO,9m0d,R,405,,,,,,,,outside_pfam_ranges,,outside_pfam_ranges
2754,NH,TPO,9rtt,,,,,,,,,,missing_token_location,,missing_token_location
2755,NH,TPO,9tp7,E,576,,PF00149,Metallophos,503,,710,,matched,explicit_author_bounds,
2756,QRR,PTR,2nmb,A,203,,PF00640,PID,83,,205,,matched,explicit_author_bounds,
2757,QRR,PTR,3kul,B,677,,PF07714,PK_Tyr_Ser-Thr,635,,892,,matched,explicit_author_bounds,
2758,QRR,PTR,6kc4,E,501,,PF00017,SH2,460,,531,,matched,explicit_author_bounds,
2759,QRR,SEP,2cdz,A,358,,PF00069,Pkinase,321,,572,,matched,explicit_author_bounds,
2760,QRR,SEP,2f57,A,486,,PF00069,Pkinase,449,,700,,matched,explicit_author_bounds,
2761,QRR,SEP,2j0i,A,358,,PF00069,Pkinase,321,,572,,matched,explicit_author_bounds,
2762,QRR,SEP,2jfl,A,185,,PF00069,Pkinase,34,,292,,matched,explicit_author_bounds,
2763,QRR,SEP,2lue,A,9,,,,,,,,outside_pfam_ranges,,outside_pfam_ranges
2764,QRR,SEP,2q0n,A,358,,PF00069,Pkinase,321,,572,,matched,explicit_author_bounds,
2765,QRR,SEP,2x4z,A,358,,PF00069,Pkinase,321,,572,,matched,explicit_author_bounds,
2766,QRR,SEP,3l6f,B,70,,PF00969,MHC_II_beta,13,,87,,matched,explicit_author_bounds,
2767,QRR,SEP,4app,A,358,,PF00069,Pkinase,321,,572,,matched,explicit_author_bounds,
2768,QRR,SEP,4fie,A,358,,PF00069,Pkinase,321,,572,,matched,explicit_author_bounds,
2769,QRR,SEP,4fif,A,358,,PF00069,Pkinase,321,,572,,matched,explicit_author_bounds,
2770,QRR,SEP,4fig,A,358,,PF00069,Pkinase,321,,572,,matched,explicit_author_bounds,
2771,QRR,SEP,4fih,A,358,,PF00069,Pkinase,321,,572,,matched,explicit_author_bounds,
2772,QRR,SEP,4fii,A,358,,PF00069,Pkinase,321,,572,,matched,explicit_author_bounds,
2773,QRR,SEP,4fij,A,358,,PF00069,Pkinase,321,,572,,matched,explicit_author_bounds,
2774,QRR,SEP,4jdh,A,358,,PF00069,Pkinase,321,,572,,matched,explicit_author_bounds,
2775,QRR,SEP,4jdi,A,358,,PF00069,Pkinase,321,,572,,matched,explicit_author_bounds,
2776,QRR,SEP,4jdj,A,358,,PF00069,Pkinase,321,,572,,matched,explicit_author_bounds,
2777,QRR,SEP,4jdk,A,358,,PF00069,Pkinase,321,,572,,matched,explicit_author_bounds,
2778,QRR,SEP,4ks7,A,444,,PF00069,Pkinase,407,,658,,matched,explicit_author_bounds,
2779,QRR,SEP,4ks8,A,444,,PF00069,Pkinase,407,,658,,matched,explicit_author_bounds,
2780,QRR,SEP,4l67,A,358,,PF00069,Pkinase,321,,572,,matched,explicit_author_bounds,
2781,QRR,SEP,4njd,A,358,,PF00069,Pkinase,321,,572,,matched,explicit_author_bounds,
2782,QRR,SEP,4o0v,A,358,,PF00069,Pkinase,321,,572,,matched,explicit_author_bounds,
2783,QRR,SEP,4o0x,A,358,,PF00069,Pkinase,321,,572,,matched,explicit_author_bounds,
2784,QRR,SEP,4o0y,A,358,,PF00069,Pkinase,321,,572,,matched,explicit_author_bounds,
2785,QRR,SEP,4xbr,A,358,,PF00069,Pkinase,321,,572,,matched,explicit_author_bounds,
2786,QRR,SEP,4xbu,A,358,,PF00069,Pkinase,321,,572,,matched,explicit_author_bounds,
2787,QRR,SEP,5bms,A,358,,PF00069,Pkinase,321,,572,,matched,explicit_author_bounds,
2788,QRR,SEP,5gmv,B,9,,,,,,,,outside_pfam_ranges,,outside_pfam_ranges
2789,QRR,SEP,5i0b,A,358,,PF00069,Pkinase,321,,572,,matched,explicit_author_bounds,
2790,QRR,SEP,5m3h,A,490,,PF00603,Flu_PA,21,,710,,matched,explicit_author_bounds,
2791,QRR,SEP,5upk,B,358,,PF00069,Pkinase,321,,572,,matched,explicit_author_bounds,
2792,QRR,SEP,5upl,A,358,,PF00069,Pkinase,321,,572,,matched,explicit_author_bounds,
2793,QRR,SEP,5ved,A,358,,PF00069,Pkinase,321,,572,,matched,explicit_author_bounds,
2794,QRR,SEP,5vee,A,358,,PF00069,Pkinase,321,,572,,matched,explicit_author_bounds,
2795,QRR,SEP,5vef,A,358,,PF00069,Pkinase,321,,572,,matched,explicit_author_bounds,
2796,QRR,SEP,5xva,A,358,,PF00069,Pkinase,321,,572,,matched,explicit_author_bounds,
2797,QRR,SEP,5xvf,A,358,,PF00069,Pkinase,321,,572,,matched,explicit_author_bounds,
2798,QRR,SEP,5xvg,A,358,,PF00069,Pkinase,321,,572,,matched,explicit_author_bounds,
2799,QRR,SEP,5zjw,A,358,,PF00069,Pkinase,321,,572,,matched,explicit_author_bounds,
2800,QRR,SEP,6fhi,A,490,,PF00603,Flu_PA,21,,710,,matched,explicit_author_bounds,
2801,QRR,SEP,6wlx,A,358,,PF00069,Pkinase,321,,572,,matched,explicit_author_bounds,
2802,QRR,SEP,6wly,A,358,,PF00069,Pkinase,321,,572,,matched,explicit_author_bounds,
2803,QRR,SEP,7cmb,A,358,,PF00069,Pkinase,321,,572,,matched,explicit_author_bounds,
2804,QRR,SEP,7cp3,A,358,,PF00069,Pkinase,321,,572,,matched,explicit_author_bounds,
2805,QRR,SEP,7cp4,A,358,,PF00069,Pkinase,321,,572,,matched,explicit_author_bounds,
2806,QRR,SEP,7qql,C,209,,PF00191,Annexin,170,,235,,matched,explicit_author_bounds,
2807,QRR,SEP,7rzj,A,155,,PF00129,MHC_I,1,,179,,matched,explicit_author_bounds,
2808,QRR,SEP,7s48,A,358,,PF00069,Pkinase,321,,572,,matched,explicit_author_bounds,
2809,QRR,SEP,7s7f,A,155,,PF00129,MHC_I,1,,179,,matched,explicit_author_bounds,
2810,QRR,SEP,7s8a,A,155,,PF00129,MHC_I,1,,179,,matched,explicit_author_bounds,
2811,QRR,SEP,7s8e,A,155,,PF00129,MHC_I,1,,179,,matched,explicit_author_bounds,
2812,QRR,SEP,7vcf,T,480,,,,,,,,outside_pfam_ranges,,outside_pfam_ranges
2813,QRR,SEP,7w5z,5b,456,,,,,,,,outside_pfam_ranges,,outside_pfam_ranges
2814,QRR,SEP,8ahg,A,358,,PF00069,Pkinase,321,,572,,matched,explicit_author_bounds,
2815,QRR,SEP,8ahh,A,358,,PF00069,Pkinase,321,,572,,matched,explicit_author_bounds,
2816,QRR,SEP,8ahi,A,358,,PF00069,Pkinase,321,,572,,matched,explicit_author_bounds,
2817,QRR,SEP,8b6h,Dd,456,,,,,,,,outside_pfam_ranges,,outside_pfam_ranges
2818,QRR,SEP,8bqs,Dd,456,,,,,,,,outside_pfam_ranges,,outside_pfam_ranges
2819,QRR,SEP,8c12,AAA,486,,PF00069,Pkinase,449,,700,,matched,explicit_author_bounds,
2820,QRR,SEP,8gym,vb,456,,,,,,,,no_pdb_chain_mapping,,no_pdb_chain_mapping
2821,QRR,SEP,8gzu,29,456,,,,,,,,outside_pfam_ranges,,outside_pfam_ranges
2822,QRR,SEP,8p1h,B,234,,,,,,,,outside_pfam_ranges,,outside_pfam_ranges
2823,QRR,SEP,8xqw,R,443,,,,,,,,no_pdb_chain_mapping,,no_pdb_chain_mapping
2824,QRR,SEP,8xqx,R,443,,,,,,,,no_pdb_chain_mapping,,no_pdb_chain_mapping
2825,QRR,SEP,8z5r,A,1055,,PF19292,KPBB_C,1004,,1178,,matched,inferred_author_start,
2826,QRR,SEP,8z5t,M,1055,,PF19292,KPBB_C,1004,,1178,,matched,inferred_author_start,
2827,QRR,SEP,9d52,A,358,,PF00069,Pkinase,321,,572,,matched,explicit_author_bounds,
2828,QRR,SEP,9d53,A,358,,PF00069,Pkinase,321,,572,,matched,explicit_author_bounds,
2829,QRR,SEP,9n6v,NC,354,,,,,,,,outside_pfam_ranges,,outside_pfam_ranges
2830,QRR,SEP,9n6w,NC,354,,,,,,,,outside_pfam_ranges,,outside_pfam_ranges
2831,QRR,SEP,9wdf,G,358,,PF00069,Pkinase,321,,572,,matched,explicit_author_bounds,
2832,QRR,TPO,1ib1,H,27,,,,,,,,outside_pfam_ranges,,outside_pfam_ranges
2833,QRR,TPO,2jfl,A,185,,PF00069,Pkinase,34,,292,,matched,explicit_author_bounds,
2834,QRR,TPO,2jfm,A,185,,PF00069,Pkinase,34,,292,,matched,explicit_author_bounds,
2835,QRR,TPO,2rlt,A,26,,PF05361,PP1_inhibitor,1,,99,,matched,explicit_author_bounds,
2836,QRR,TPO,2uv2,A,185,,PF00069,Pkinase,34,,292,,matched,explicit_author_bounds,
2837,QRR,TPO,7vcf,T,480,,,,,,,,outside_pfam_ranges,,outside_pfam_ranges
2838,RPR,PTR,1irs,A,265,,,,,,,,outside_pfam_ranges,,outside_pfam_ranges
2839,RPR,PTR,2oq1,A,192,,PF00017,SH2,165,,241,,matched,explicit_author_bounds,
2840,RPR,PTR,3ci5,A,37,,PF00022,Actin,2,,375,,matched,inferred_author_start,
2841,RPR,PTR,4xz1,A,190,,PF00017,SH2,163,,239,,matched,explicit_author_bounds,
2842,RPR,SEP,4nm3,,,,,,,,,,missing_token_location,,missing_token_location
2843,RPR,SEP,4nu1,,,,,,,,,,missing_token_location,,missing_token_location
2844,RPR,SEP,5wum,B,380,,,,,,,,no_pdb_chain_mapping,,no_pdb_chain_mapping
2845,RPR,SEP,5ypo,A,651,,PF00625,Guanylate_kin,533,,711,,matched,explicit_author_bounds,
2846,RPR,SEP,7exe,,,,,,,,,,missing_token_location,,missing_token_location
2847,RPR,SEP,7nmz,,,,,,,,,,missing_token_location,,missing_token_location
2848,RPR,SEP,7vcf,T,223,,,,,,,,outside_pfam_ranges,,outside_pfam_ranges
2849,RPR,SEP,8c28,DDD,239,,,,,,,,no_pdb_chain_mapping,,no_pdb_chain_mapping
2850,RPR,SEP,8c2y,P,239,,,,,,,,no_pdb_chain_mapping,,no_pdb_chain_mapping
2851,RPR,SEP,8c30,PPP,239,,,,,,,,no_pdb_chain_mapping,,no_pdb_chain_mapping
2852,RPR,TPO,6qzr,,,,,,,,,,missing_token_location,,missing_token_location
2853,RPR,TPO,6rir,C,130,,,,,,,,outside_pfam_ranges,,outside_pfam_ranges
2854,RPR,TPO,7vcf,T,223,,,,,,,,outside_pfam_ranges,,outside_pfam_ranges
2855,VAD,PTR,1xxp,B,391,,,,,,,,no_pdb_chain_mapping,,no_pdb_chain_mapping
2856,VAD,PTR,8i7s,B,379,,PF07714,PK_Tyr_Ser-Thr,242,,493,,matched,explicit_author_bounds,
2857,VAD,PTR,8i7t,B,379,,PF07714,PK_Tyr_Ser-Thr,242,,493,,matched,explicit_author_bounds,
2858,VAD,PTR,9ks5,B,379,,PF07714,PK_Tyr_Ser-Thr,242,,493,,matched,explicit_author_bounds,
2859,VAD,PTR,9ns0,A,405,,PF07714,PK_Tyr_Ser-Thr,270,,519,,matched,explicit_author_bounds,
2860,VAD,SEP,2ghq,A,162,,PF03031,NIF,91,,251,,matched,explicit_author_bounds,
2861,VAD,SEP,2ght,A,162,,PF03031,NIF,91,,251,,matched,explicit_author_bounds,
2862,VAD,SEP,4r10,A,225,,,,,,,,outside_pfam_ranges,,outside_pfam_ranges
2863,VAD,SEP,4r11,E,225,,,,,,,,outside_pfam_ranges,,outside_pfam_ranges
2864,VAD,SEP,5hvk,A,476,,PF07714,PK_Tyr_Ser-Thr,339,,604,,matched,explicit_author_bounds,
2865,VAD,SEP,6du2,B,162,,PF03031,NIF,91,,251,,matched,explicit_author_bounds,
2866,VAD,SEP,6du3,B,162,,PF03031,NIF,91,,251,,matched,explicit_author_bounds,
2867,VAD,SEP,7jfm,B,319,,PF10401,IRF-3,195,,373,,matched,explicit_author_bounds,
2868,VAD,SEP,8w5e,L,86,,,,,,,,no_pdb_chain_mapping,,no_pdb_chain_mapping
2869,VAD,TPO,2erk,A,171,,PF00069,Pkinase,23,,311,,matched,explicit_author_bounds,
2870,VAD,TPO,3com,A,204,,PF00069,Pkinase,30,,281,,matched,explicit_author_bounds,
2871,VAD,TPO,3oun,B,262,,,,,,,,no_pdb_chain_mapping,,no_pdb_chain_mapping
2872,VAD,TPO,3zuv,C,171,,PF00069,Pkinase,23,,311,,matched,explicit_author_bounds,
2873,VAD,TPO,4r11,E,225,,,,,,,,outside_pfam_ranges,,outside_pfam_ranges
2874,VAD,TPO,5dh3,A,201,,PF00069,Pkinase,27,,278,,matched,explicit_author_bounds,
2875,VAD,TPO,5v60,A,173,,PF00069,Pkinase,25,,313,,matched,explicit_author_bounds,
2876,VAD,TPO,5v61,A,173,,PF00069,Pkinase,25,,313,,matched,explicit_author_bounds,
2877,VAD,TPO,5v62,A,173,,PF00069,Pkinase,25,,313,,matched,explicit_author_bounds,
2878,VAD,TPO,6opg,A,171,,PF00069,Pkinase,23,,311,,matched,explicit_author_bounds,
2879,VAD,TPO,6oph,A,171,,PF00069,Pkinase,23,,311,,matched,explicit_author_bounds,
2880,VAD,TPO,6opk,A,171,,PF00069,Pkinase,23,,311,,matched,explicit_author_bounds,
2881,VAD,TPO,6yat,B,204,,PF00069,Pkinase,30,,281,,matched,explicit_author_bounds,
2882,VAD,TPO,7opm,A,173,,PF00069,Pkinase,25,,313,,matched,explicit_author_bounds,
2883,VAD,TPO,8a5j,B,303,,PF00069,Pkinase,129,,380,,matched,inferred_author_start,
2884,VAD,TPO,8a66,B,304,,PF00069,Pkinase,129,,382,,matched,explicit_author_bounds,
2885,VAD,TPO,8pav,A,204,,PF00069,Pkinase,30,,281,,matched,explicit_author_bounds,
2886,VAD,TPO,8paw,A,204,,PF00069,Pkinase,30,,281,,matched,explicit_author_bounds,
2887,VAD,TPO,8u8j,A,171,,PF00069,Pkinase,23,,311,,matched,explicit_author_bounds,
2888,VAD,TPO,8u8k,A,171,,PF00069,Pkinase,23,,311,,matched,explicit_author_bounds,
2889,VAF,PTR,3da9,B,145,,PF00089,Trypsin,37,,280,,matched,explicit_author_bounds,
2890,VAF,PTR,3tu7,H,112,,PF00089,Trypsin,16,,238,,matched,explicit_author_bounds,
2891,VAF,PTR,9t00,A,429,,PF00089,Trypsin,321,,570,,matched,explicit_author_bounds,
2892,VAF,SEP,1pua,A,123,,,,,,,,no_pdb_chain_mapping,,no_pdb_chain_mapping
2893,VAF,SEP,3w8k,A,323,,,,,,,,no_pdb_chain_mapping,,no_pdb_chain_mapping
2894,VAF,SEP,4yj4,A,141,,PF00452,Bcl-2,90,,188,,matched,explicit_author_bounds,
2895,VAF,SEP,4yk9,A,141,,PF00452,Bcl-2,90,,188,,matched,explicit_author_bounds,
2896,VAF,SEP,5dmg,D,798,,,,,,,,no_pdb_chain_mapping,,no_pdb_chain_mapping
2897,VAF,SEP,5za2,B,325,,,,,,,,no_pdb_chain_mapping,,no_pdb_chain_mapping
2898,VAF,SEP,6fhk,B,42,,PF00012,HSP70,6,,381,,matched,explicit_author_bounds,
2899,VAF,SEP,6tqu,A,360,,PF00635,Motile_Sperm,327,,432,,matched,explicit_author_bounds,
2900,VAF,SEP,8w5e,H,51,,,,,,,,no_pdb_chain_mapping,,no_pdb_chain_mapping
2901,VAF,SEP,9q2p,EF,188,,PF00009,GTP_EFTU,5,,238,,matched,explicit_author_bounds,
2902,VAF,TPO,3hgk,E,159,,,,,,,,no_pdb_chain_mapping,,no_pdb_chain_mapping
2903,VEP,PTR,1o9u,B,383,,,,,,,,no_pdb_chain_mapping,,no_pdb_chain_mapping
2904,VEP,PTR,1yvl,B,1631,,PF00017,SH2,1573,,1651,,matched,explicit_author_bounds,
2905,VEP,PTR,3zdi,,,,,,,,,,missing_token_location,,missing_token_location
2906,VEP,PTR,6qhd,B,637,,PF00017,SH2,584,,674,,matched,explicit_author_bounds,
2907,VEP,PTR,8yyu,D,631,,PF00017,SH2,573,,651,,matched,explicit_author_bounds,
2908,VEP,SEP,4wzp,H,17,,PF00240,ubiquitin,3,,74,,matched,inferred_author_end,
2909,VEP,SEP,4zpz,A,17,,PF00240,ubiquitin,3,,73,,matched,inferred_author_end,
2910,VEP,SEP,5caw,D,17,,PF00240,ubiquitin,3,,74,,matched,explicit_author_bounds,
2911,VEP,SEP,5k9p,A,17,,PF00240,ubiquitin,3,,74,,matched,explicit_author_bounds,
2912,VEP,SEP,5n2w,B,17,,PF00240,ubiquitin,3,,74,,matched,explicit_author_bounds,
2913,VEP,SEP,5n38,B,17,,PF00240,ubiquitin,3,,74,,matched,explicit_author_bounds,
2914,VEP,SEP,5oxh,A,17,,PF00240,ubiquitin,3,,74,,matched,explicit_author_bounds,
2915,VEP,SEP,5x3m,A,17,,PF00240,ubiquitin,3,,74,,matched,explicit_author_bounds,
2916,VEP,SEP,5x3o,A,17,,PF00240,ubiquitin,3,,74,,matched,explicit_author_bounds,
2917,VEP,SEP,5xk5,A,17,,PF00240,ubiquitin,3,,74,,matched,explicit_author_bounds,
2918,VEP,SEP,6djw,B,17,,PF00240,ubiquitin,3,,74,,matched,explicit_author_bounds,
2919,VEP,SEP,6djx,B,17,,PF00240,ubiquitin,3,,74,,matched,explicit_author_bounds,
2920,VEP,SEP,6glc,B,17,,PF00240,ubiquitin,3,,74,,matched,explicit_author_bounds,
2921,VEP,SEP,6kow,A,17,,PF00240,ubiquitin,3,,74,,matched,explicit_author_bounds,
2922,VEP,SEP,6kox,A,17,,PF00240,ubiquitin,3,,74,,matched,explicit_author_bounds,
2923,VEP,SEP,6n13,A,17,,PF00240,ubiquitin,3,,74,,matched,explicit_author_bounds,
2924,VEP,SEP,7f7x,A,17,,PF00240,ubiquitin,3,,74,,matched,explicit_author_bounds,
2925,VEP,SEP,7us1,B,17,,PF00240,ubiquitin,3,,74,,matched,explicit_author_bounds,
2926,VEP,SEP,8ik6,B,17,,PF00240,ubiquitin,3,,74,,matched,inferred_author_end,
2927,VEP,SEP,8ikm,B,17,,PF00240,ubiquitin,3,,74,,matched,explicit_author_bounds,
2928,VEP,SEP,8ikt,B,17,,PF00240,ubiquitin,3,,74,,matched,explicit_author_bounds,
2929,VEP,SEP,8ikv,D,17,,PF00240,ubiquitin,3,,74,,matched,explicit_author_bounds,
2930,VEP,SEP,8w31,B,17,,PF00240,ubiquitin,3,,74,,matched,inferred_author_end,
2931,VEP,SEP,8z5t,N,523,,PF00723,Glyco_hydro_15,47,,878,,matched,explicit_author_bounds,
2932,VEP,SEP,9avw,B,17,,PF00240,ubiquitin,3,,74,,matched,inferred_author_end,
2933,VEP,TPO,6kow,A,17,,PF00240,ubiquitin,3,,74,,matched,explicit_author_bounds,
2934,VEP,TPO,6kox,A,17,,PF00240,ubiquitin,3,,74,,matched,explicit_author_bounds,
2935,VNP,PTR,3mxy,L,683,,,,,,,,no_pdb_chain_mapping,,no_pdb_chain_mapping
2936,VNP,SEP,2w3o,B,69,,PF17913,FHA_2,10,,81,,matched,explicit_author_bounds,
2937,VNP,SEP,3iw4,C,659,,,,,,,,outside_pfam_ranges,,outside_pfam_ranges
2938,VNP,SEP,3w8k,,,,,,,,,,missing_token_location,,missing_token_location
2939,VNP,SEP,4ra4,A,659,,,,,,,,outside_pfam_ranges,,outside_pfam_ranges
2940,VNP,SEP,5m3h,B,3,,PF00602,Flu_PB1,1,,742,,matched,explicit_author_bounds,
2941,VNP,SEP,5vko,A,1374,,,,,,,,outside_pfam_ranges,,outside_pfam_ranges
2942,VNP,SEP,5zia,A,51,,,,,,,,no_pdb_chain_mapping,,no_pdb_chain_mapping
2943,VNP,SEP,6fhi,B,3,,PF00602,Flu_PB1,1,,742,,matched,explicit_author_bounds,
2944,VNP,SEP,8pm0,B,3,,,,,,,,no_pdb_chain_mapping,,no_pdb_chain_mapping
2945,VNP,SEP,8pnp,B,3,,,,,,,,no_pdb_chain_mapping,,no_pdb_chain_mapping
2946,VNP,SEP,8pnq,B,3,,,,,,,,no_pdb_chain_mapping,,no_pdb_chain_mapping
2947,VNP,SEP,8r3k,B,3,,,,,,,,no_pdb_chain_mapping,,no_pdb_chain_mapping
2948,VNP,SEP,8r3l,B,3,,,,,,,,no_pdb_chain_mapping,,no_pdb_chain_mapping
2949,VNP,SEP,8r60,B,3,,,,,,,,no_pdb_chain_mapping,,no_pdb_chain_mapping
2950,VNP,SEP,8r65,B,3,,,,,,,,no_pdb_chain_mapping,,no_pdb_chain_mapping
2951,VNP,SEP,9fyx,b,3,,,,,,,,no_pdb_chain_mapping,,no_pdb_chain_mapping
2952,VNP,SEP,9g0a,b,3,,,,,,,,no_pdb_chain_mapping,,no_pdb_chain_mapping
2953,VNP,SEP,9raf,B,3,,,,,,,,no_pdb_chain_mapping,,no_pdb_chain_mapping
2954,VNP,SEP,9rag,B,3,,,,,,,,no_pdb_chain_mapping,,no_pdb_chain_mapping
2955,VNP,TPO,1yjm,A,69,,PF17913,FHA_2,10,,81,,matched,explicit_author_bounds,
2956,VNP,TPO,2w3o,B,69,,PF17913,FHA_2,10,,81,,matched,explicit_author_bounds,
2957,VPA,PTR,1nzv,C,503,,,,,,,,no_pdb_chain_mapping,,no_pdb_chain_mapping
2958,VPA,PTR,4y5u,A,642,,,,,,,,outside_pfam_ranges,,outside_pfam_ranges
2959,VPA,PTR,4y5w,C,642,,,,,,,,outside_pfam_ranges,,outside_pfam_ranges
2960,VPA,PTR,5d39,A,642,,,,,,,,outside_pfam_ranges,,outside_pfam_ranges
2961,VPA,SEP,1mki,B,265,,PF04960,Glutaminase,32,,327,,matched,explicit_author_bounds,
2962,VPA,SEP,30tn,P,1255,,,,,,,,no_pdb_chain_mapping,,no_pdb_chain_mapping
2963,VPA,SEP,30to,B,1255,,,,,,,,no_pdb_chain_mapping,,no_pdb_chain_mapping
2964,VPA,SEP,30tp,P,1255,,,,,,,,no_pdb_chain_mapping,,no_pdb_chain_mapping
2965,VPA,SEP,30tq,B,1255,,,,,,,,no_pdb_chain_mapping,,no_pdb_chain_mapping
2966,VPA,SEP,30tr,P,1255,,,,,,,,no_pdb_chain_mapping,,no_pdb_chain_mapping
2967,VPA,SEP,30ts,B,1255,,,,,,,,no_pdb_chain_mapping,,no_pdb_chain_mapping
2968,VPA,SEP,30tt,P,1255,,,,,,,,no_pdb_chain_mapping,,no_pdb_chain_mapping
2969,VPA,SEP,4jax,D,19,,,,,,,,outside_pfam_ranges,,outside_pfam_ranges
2970,VPA,SEP,9kbo,A,142,,PF15135,UPF0515,16,,272,,matched,explicit_author_bounds,
2971,VPA,TPO,6li6,B,492,,,,,,,,no_pdb_chain_mapping,,no_pdb_chain_mapping
2972,VPA,TPO,6sut,A,492,,,,,,,,no_pdb_chain_mapping,,no_pdb_chain_mapping
2973,VPA,TPO,6yo8,H,521,,,,,,,,no_pdb_chain_mapping,,no_pdb_chain_mapping
2974,VPA,TPO,6yos,C,521,,,,,,,,no_pdb_chain_mapping,,no_pdb_chain_mapping
2975,VPA,TPO,7yca,Q,35,,,,,,,,no_pdb_chain_mapping,,no_pdb_chain_mapping
2976,VPA,TPO,8a9g,D,521,,,,,,,,no_pdb_chain_mapping,,no_pdb_chain_mapping
2977,VPA,TPO,8haw,A,154,X,PF04185,Phosphoesterase,14,X,381,X,matched,explicit_author_bounds,
2978,VPA,TPO,8hg5,Q,35,,,,,,,,outside_pfam_ranges,,outside_pfam_ranges
2979,WI,PTR,1uef,C,3,,,,,,,,no_pdb_chain_mapping,,no_pdb_chain_mapping
2980,WI,PTR,1yvl,A,557,,PF21354,STAT_linker,480,,558,,matched,explicit_author_bounds,
2981,WI,PTR,2hwl,D,237,,PF00089,Trypsin,16,,238,,matched,explicit_author_bounds,
2982,WI,PTR,4ch2,D,569,,PF00089,Trypsin,321,,570,,matched,explicit_author_bounds,
2983,WI,PTR,4ch8,B,569,,PF00089,Trypsin,321,,570,,matched,explicit_author_bounds,
2984,WI,PTR,5mqr,A,400,,,,,,,,outside_pfam_ranges,,outside_pfam_ranges
2985,WI,PTR,5mqs,A,400,,,,,,,,outside_pfam_ranges,,outside_pfam_ranges
2986,WI,PTR,5njj,A,139,,PF00640,PID,39,,172,,matched,inferred_author_end,
2987,WI,PTR,5njk,B,139,,PF00640,PID,39,,172,,matched,inferred_author_end,
2988,WI,PTR,6df1,H,47,,,,,,,,no_pdb_chain_mapping,,no_pdb_chain_mapping
2989,WI,PTR,6df2,B,47,,,,,,,,no_pdb_chain_mapping,,no_pdb_chain_mapping
2990,WI,PTR,8yyu,D,557,,PF21354,STAT_linker,480,,558,,matched,explicit_author_bounds,
2991,WI,PTR,9i24,H,237,,PF00089,Trypsin,16,,238,,matched,explicit_author_bounds,
2992,WI,SEP,1apm,E,302,,,,,,,,outside_pfam_ranges,,outside_pfam_ranges
2993,WI,SEP,1c8l,A,67,,,,,,,,outside_pfam_ranges,,outside_pfam_ranges
2994,WI,SEP,1fa9,A,67,,,,,,,,outside_pfam_ranges,,outside_pfam_ranges
2995,WI,SEP,1gpa,C,67,,,,,,,,outside_pfam_ranges,,outside_pfam_ranges
2996,WI,SEP,1jbp,E,302,,,,,,,,outside_pfam_ranges,,outside_pfam_ranges
2997,WI,SEP,1lwn,A,67,,,,,,,,outside_pfam_ranges,,outside_pfam_ranges
2998,WI,SEP,1lwo,A,67,,,,,,,,outside_pfam_ranges,,outside_pfam_ranges
2999,WI,SEP,1q8t,A,302,,,,,,,,outside_pfam_ranges,,outside_pfam_ranges
3000,WI,SEP,1q8u,A,302,,,,,,,,outside_pfam_ranges,,outside_pfam_ranges
3001,WI,SEP,1r0z,A,496,,PF00005,ABC_tran,441,,576,,matched,explicit_author_bounds,
3002,WI,SEP,1sve,A,302,,,,,,,,outside_pfam_ranges,,outside_pfam_ranges
3003,WI,SEP,1svg,A,302,,,,,,,,outside_pfam_ranges,,outside_pfam_ranges
3004,WI,SEP,1veb,A,302,,,,,,,,outside_pfam_ranges,,outside_pfam_ranges
3005,WI,SEP,1xh7,A,302,,,,,,,,outside_pfam_ranges,,outside_pfam_ranges
3006,WI,SEP,1z8d,A,67,,,,,,,,outside_pfam_ranges,,outside_pfam_ranges
3007,WI,SEP,2gng,A,302,,,,,,,,outside_pfam_ranges,,outside_pfam_ranges
3008,WI,SEP,2gnh,A,302,,,,,,,,outside_pfam_ranges,,outside_pfam_ranges
3009,WI,SEP,2gni,A,302,,,,,,,,outside_pfam_ranges,,outside_pfam_ranges
3010,WI,SEP,2gpa,A,67,,,,,,,,outside_pfam_ranges,,outside_pfam_ranges
3011,WI,SEP,2qll,A,67,,,,,,,,outside_pfam_ranges,,outside_pfam_ranges
3012,WI,SEP,2vo0,A,302,,,,,,,,outside_pfam_ranges,,outside_pfam_ranges
3013,WI,SEP,2y1k,A,112,,PF00135,COesterase,2,,522,,matched,inferred_author_start,
3014,WI,SEP,3agl,A,302,,,,,,,,outside_pfam_ranges,,outside_pfam_ranges
3015,WI,SEP,3ama,A,302,,,,,,,,outside_pfam_ranges,,outside_pfam_ranges
3016,WI,SEP,3amb,A,302,,,,,,,,outside_pfam_ranges,,outside_pfam_ranges
3017,WI,SEP,3amv,A,67,,,,,,,,outside_pfam_ranges,,outside_pfam_ranges
3018,WI,SEP,3e8c,D,302,,,,,,,,outside_pfam_ranges,,outside_pfam_ranges
3019,WI,SEP,3e8e,P,302,,,,,,,,outside_pfam_ranges,,outside_pfam_ranges
3020,WI,SEP,3pvb,A,302,,,,,,,,outside_pfam_ranges,,outside_pfam_ranges
3021,WI,SEP,3vqh,A,302,,,,,,,,outside_pfam_ranges,,outside_pfam_ranges
3022,WI,SEP,3zo2,A,302,,,,,,,,outside_pfam_ranges,,outside_pfam_ranges
3023,WI,SEP,4c34,A,302,,,,,,,,outside_pfam_ranges,,outside_pfam_ranges
3024,WI,SEP,4c35,A,302,,,,,,,,outside_pfam_ranges,,outside_pfam_ranges
3025,WI,SEP,4ujb,A,302,,,,,,,,outside_pfam_ranges,,outside_pfam_ranges
3026,WI,SEP,4wb6,B,302,,,,,,,,outside_pfam_ranges,,outside_pfam_ranges
3027,WI,SEP,4wih,A,303,,,,,,,,no_pdb_chain_mapping,,no_pdb_chain_mapping
3028,WI,SEP,5bx6,A,302,,,,,,,,outside_pfam_ranges,,outside_pfam_ranges
3029,WI,SEP,5bx7,A,302,,,,,,,,outside_pfam_ranges,,outside_pfam_ranges
3030,WI,SEP,5dmg,H,212,,,,,,,,no_pdb_chain_mapping,,no_pdb_chain_mapping
3031,WI,SEP,5lcp,A,302,,,,,,,,no_pdb_chain_mapping,,no_pdb_chain_mapping
3032,WI,SEP,5lcq,A,302,,,,,,,,no_pdb_chain_mapping,,no_pdb_chain_mapping
3033,WI,SEP,5lcr,A,302,,,,,,,,no_pdb_chain_mapping,,no_pdb_chain_mapping
3034,WI,SEP,5lct,A,302,,,,,,,,no_pdb_chain_mapping,,no_pdb_chain_mapping
3035,WI,SEP,5lcu,A,302,,,,,,,,no_pdb_chain_mapping,,no_pdb_chain_mapping
3036,WI,SEP,5m0b,A,302,,,,,,,,no_pdb_chain_mapping,,no_pdb_chain_mapping
3037,WI,SEP,5m0u,A,302,,,,,,,,no_pdb_chain_mapping,,no_pdb_chain_mapping
3038,WI,SEP,5m3h,A,417,,PF00603,Flu_PA,21,,710,,matched,explicit_author_bounds,
3039,WI,SEP,5m6v,A,302,,,,,,,,no_pdb_chain_mapping,,no_pdb_chain_mapping
3040,WI,SEP,5m6y,A,302,,,,,,,,no_pdb_chain_mapping,,no_pdb_chain_mapping
3041,WI,SEP,5m71,A,302,,,,,,,,no_pdb_chain_mapping,,no_pdb_chain_mapping
3042,WI,SEP,5m75,A,302,,,,,,,,no_pdb_chain_mapping,,no_pdb_chain_mapping
3043,WI,SEP,5mhi,A,302,,,,,,,,no_pdb_chain_mapping,,no_pdb_chain_mapping
3044,WI,SEP,5n1d,A,302,,,,,,,,no_pdb_chain_mapping,,no_pdb_chain_mapping
3045,WI,SEP,5n1e,A,302,,,,,,,,no_pdb_chain_mapping,,no_pdb_chain_mapping
3046,WI,SEP,5n1k,A,302,,,,,,,,no_pdb_chain_mapping,,no_pdb_chain_mapping
3047,WI,SEP,5n1l,A,302,,,,,,,,no_pdb_chain_mapping,,no_pdb_chain_mapping
3048,WI,SEP,5n1m,A,302,,,,,,,,no_pdb_chain_mapping,,no_pdb_chain_mapping
3049,WI,SEP,5n1n,A,302,,,,,,,,no_pdb_chain_mapping,,no_pdb_chain_mapping
3050,WI,SEP,5n1o,A,302,,,,,,,,no_pdb_chain_mapping,,no_pdb_chain_mapping
3051,WI,SEP,5n23,A,302,,,,,,,,outside_pfam_ranges,,outside_pfam_ranges
3052,WI,SEP,5n32,A,302,,,,,,,,no_pdb_chain_mapping,,no_pdb_chain_mapping
3053,WI,SEP,5n33,A,302,,,,,,,,no_pdb_chain_mapping,,no_pdb_chain_mapping
3054,WI,SEP,5n36,A,302,,,,,,,,no_pdb_chain_mapping,,no_pdb_chain_mapping
3055,WI,SEP,5n37,A,302,,,,,,,,no_pdb_chain_mapping,,no_pdb_chain_mapping
3056,WI,SEP,5n39,A,302,,,,,,,,no_pdb_chain_mapping,,no_pdb_chain_mapping
3057,WI,SEP,5n3a,A,302,,,,,,,,no_pdb_chain_mapping,,no_pdb_chain_mapping
3058,WI,SEP,5n3b,A,302,,,,,,,,no_pdb_chain_mapping,,no_pdb_chain_mapping
3059,WI,SEP,5n3c,A,302,,,,,,,,no_pdb_chain_mapping,,no_pdb_chain_mapping
3060,WI,SEP,5n3d,A,302,,,,,,,,no_pdb_chain_mapping,,no_pdb_chain_mapping
3061,WI,SEP,5n3e,A,302,,,,,,,,no_pdb_chain_mapping,,no_pdb_chain_mapping
3062,WI,SEP,5n3f,A,302,,,,,,,,no_pdb_chain_mapping,,no_pdb_chain_mapping
3063,WI,SEP,5n7p,A,302,,,,,,,,no_pdb_chain_mapping,,no_pdb_chain_mapping
3064,WI,SEP,5n7u,A,302,,,,,,,,no_pdb_chain_mapping,,no_pdb_chain_mapping
3065,WI,SEP,5ntj,A,302,,,,,,,,no_pdb_chain_mapping,,no_pdb_chain_mapping
3066,WI,SEP,5o0e,A,302,,,,,,,,no_pdb_chain_mapping,,no_pdb_chain_mapping
3067,WI,SEP,5o5m,A,302,,,,,,,,no_pdb_chain_mapping,,no_pdb_chain_mapping
3068,WI,SEP,5ok3,A,302,,,,,,,,no_pdb_chain_mapping,,no_pdb_chain_mapping
3069,WI,SEP,5ol3,A,302,,,,,,,,no_pdb_chain_mapping,,no_pdb_chain_mapping
3070,WI,SEP,5otg,A,302,,,,,,,,no_pdb_chain_mapping,,no_pdb_chain_mapping
3071,WI,SEP,5oua,A,302,,,,,,,,no_pdb_chain_mapping,,no_pdb_chain_mapping
3072,WI,SEP,5ouc,A,302,,,,,,,,no_pdb_chain_mapping,,no_pdb_chain_mapping
3073,WI,SEP,5ous,A,302,,,,,,,,no_pdb_chain_mapping,,no_pdb_chain_mapping
3074,WI,SEP,6bb4,H,47,,,,,,,,no_pdb_chain_mapping,,no_pdb_chain_mapping
3075,WI,SEP,6dc9,H,47,,,,,,,,no_pdb_chain_mapping,,no_pdb_chain_mapping
3076,WI,SEP,6eh2,A,302,,,,,,,,no_pdb_chain_mapping,,no_pdb_chain_mapping
3077,WI,SEP,6eh3,A,302,,,,,,,,no_pdb_chain_mapping,,no_pdb_chain_mapping
3078,WI,SEP,6eru,A,302,,,,,,,,no_pdb_chain_mapping,,no_pdb_chain_mapping
3079,WI,SEP,6erv,A,302,,,,,,,,no_pdb_chain_mapping,,no_pdb_chain_mapping
3080,WI,SEP,6erw,A,302,,,,,,,,no_pdb_chain_mapping,,no_pdb_chain_mapping
3081,WI,SEP,6esa,A,302,,,,,,,,no_pdb_chain_mapping,,no_pdb_chain_mapping
3082,WI,SEP,6fhi,A,417,,PF00603,Flu_PA,21,,710,,matched,explicit_author_bounds,
3083,WI,SEP,6h06,A,47,,,,,,,,no_pdb_chain_mapping,,no_pdb_chain_mapping
3084,WI,SEP,6h0e,A,47,,,,,,,,no_pdb_chain_mapping,,no_pdb_chain_mapping
3085,WI,SEP,6i2a,A,302,,,,,,,,no_pdb_chain_mapping,,no_pdb_chain_mapping
3086,WI,SEP,6i2b,A,302,,,,,,,,no_pdb_chain_mapping,,no_pdb_chain_mapping
3087,WI,SEP,6i2d,A,302,,,,,,,,no_pdb_chain_mapping,,no_pdb_chain_mapping
3088,WI,SEP,6i2h,A,302,,,,,,,,no_pdb_chain_mapping,,no_pdb_chain_mapping
3089,WI,SEP,6rfl,A,209,,,,,,,,no_pdb_chain_mapping,,no_pdb_chain_mapping
3090,WI,SEP,6stf,C,102,,PF00071,Ras,10,,171,,matched,explicit_author_bounds,
3091,WI,SEP,6stg,B,102,,PF00071,Ras,10,,171,,matched,explicit_author_bounds,
3092,WI,SEP,6t3j,I,46,,,,,,,,no_pdb_chain_mapping,,no_pdb_chain_mapping
3093,WI,SEP,6xbz,J,132,,PF00069,Pkinase,12,,295,,matched,explicit_author_bounds,
3094,WI,SEP,6xd3,J,132,,PF00069,Pkinase,12,,295,,matched,explicit_author_bounds,
3095,WI,SEP,6y0b,A,302,,,,,,,,no_pdb_chain_mapping,,no_pdb_chain_mapping
3096,WI,SEP,6y2o,A,302,,,,,,,,no_pdb_chain_mapping,,no_pdb_chain_mapping
3097,WI,SEP,6y2u,A,302,,,,,,,,no_pdb_chain_mapping,,no_pdb_chain_mapping
3098,WI,SEP,6yna,A,302,,,,,,,,no_pdb_chain_mapping,,no_pdb_chain_mapping
3099,WI,SEP,6ynb,A,302,,,,,,,,no_pdb_chain_mapping,,no_pdb_chain_mapping
3100,WI,SEP,6ync,A,302,,,,,,,,no_pdb_chain_mapping,,no_pdb_chain_mapping
3101,WI,SEP,6ynr,A,302,,,,,,,,no_pdb_chain_mapping,,no_pdb_chain_mapping
3102,WI,SEP,6ynt,A,302,,,,,,,,no_pdb_chain_mapping,,no_pdb_chain_mapping
3103,WI,SEP,6yot,A,302,,,,,,,,no_pdb_chain_mapping,,no_pdb_chain_mapping
3104,WI,SEP,6yqi,A,302,,,,,,,,no_pdb_chain_mapping,,no_pdb_chain_mapping
3105,WI,SEP,6yqj,A,302,,,,,,,,no_pdb_chain_mapping,,no_pdb_chain_mapping
3106,WI,SEP,6yqk,A,302,,,,,,,,no_pdb_chain_mapping,,no_pdb_chain_mapping
3107,WI,SEP,7aof,A,209,,,,,,,,no_pdb_chain_mapping,,no_pdb_chain_mapping
3108,WI,SEP,7axt,A,302,,,,,,,,no_pdb_chain_mapping,,no_pdb_chain_mapping
3109,WI,SEP,7axv,A,302,,,,,,,,no_pdb_chain_mapping,,no_pdb_chain_mapping
3110,WI,SEP,7axw,A,302,,,,,,,,no_pdb_chain_mapping,,no_pdb_chain_mapping
3111,WI,SEP,7bb0,A,302,,,,,,,,no_pdb_chain_mapping,,no_pdb_chain_mapping
3112,WI,SEP,7pid,A,302,,,,,,,,no_pdb_chain_mapping,,no_pdb_chain_mapping
3113,WI,SEP,7pie,A,302,,,,,,,,no_pdb_chain_mapping,,no_pdb_chain_mapping
3114,WI,SEP,7pif,A,302,,,,,,,,no_pdb_chain_mapping,,no_pdb_chain_mapping
3115,WI,SEP,7pig,A,302,,,,,,,,no_pdb_chain_mapping,,no_pdb_chain_mapping
3116,WI,SEP,7pih,A,302,,,,,,,,no_pdb_chain_mapping,,no_pdb_chain_mapping
3117,WI,SEP,7pns,A,302,,,,,,,,no_pdb_chain_mapping,,no_pdb_chain_mapping
3118,WI,SEP,8c8h,A,209,,PF04997,RNA_pol_Rpb1_1,2,,288,,matched,explicit_author_bounds,
3119,WI,SEP,8jhz,A,101,,,,,,,,no_pdb_chain_mapping,,no_pdb_chain_mapping
3120,WI,SEP,8pyr,A,132,,PF00069,Pkinase,12,,295,,matched,inferred_author_start,
3121,WI,SEP,8r60,A,422,,,,,,,,no_pdb_chain_mapping,,no_pdb_chain_mapping
3122,WI,SEP,8r65,A,422,,,,,,,,no_pdb_chain_mapping,,no_pdb_chain_mapping
3123,WI,SEP,8rqk,A,209,,PF04997,RNA_pol_Rpb1_1,2,,288,,matched,explicit_author_bounds,
3124,WI,SEP,8vzw,H,36,,,,,,,,no_pdb_chain_mapping,,no_pdb_chain_mapping
3125,WI,SEP,9fpy,A,209,,PF04997,RNA_pol_Rpb1_1,2,,288,,matched,explicit_author_bounds,
3126,WI,SEP,9fq6,A,209,,PF04997,RNA_pol_Rpb1_1,2,,288,,matched,explicit_author_bounds,
3127,WI,SEP,9gow,A,737,,PF00069,Pkinase,571,,832,,matched,explicit_author_bounds,
3128,WI,SEP,9n6v,LS,125,,,,,,,,outside_pfam_ranges,,outside_pfam_ranges
3129,WI,SEP,9n6w,LS,125,,,,,,,,outside_pfam_ranges,,outside_pfam_ranges
3130,WI,SEP,9n6x,LS,125,,,,,,,,outside_pfam_ranges,,outside_pfam_ranges
3131,WI,SEP,9n6y,LS,125,,,,,,,,outside_pfam_ranges,,outside_pfam_ranges
3132,WI,SEP,9n6z,LS,125,,,,,,,,outside_pfam_ranges,,outside_pfam_ranges
3133,WI,SEP,9n70,LS,125,,,,,,,,outside_pfam_ranges,,outside_pfam_ranges
3134,WI,SEP,9n72,LS,125,,,,,,,,outside_pfam_ranges,,outside_pfam_ranges
3135,WI,SEP,9n73,LS,125,,,,,,,,outside_pfam_ranges,,outside_pfam_ranges
3136,WI,SEP,9n74,LS,125,,,,,,,,outside_pfam_ranges,,outside_pfam_ranges
3137,WI,SEP,9n75,LS,125,,,,,,,,outside_pfam_ranges,,outside_pfam_ranges
3138,WI,SEP,9n76,LS,125,,,,,,,,outside_pfam_ranges,,outside_pfam_ranges
3139,WI,SEP,9n77,LS,125,,,,,,,,outside_pfam_ranges,,outside_pfam_ranges
3140,WI,SEP,9s1s,B,307,,,,,,,,outside_pfam_ranges,,outside_pfam_ranges
3141,WI,SEP,9vuh,A,557,,PF00069,Pkinase,438,,723,,matched,explicit_author_bounds,
3142,WI,TPO,1yrp,B,274,,PF00069,Pkinase,13,,275,,matched,explicit_author_bounds,
3143,WI,TPO,2j90,A,274,,PF00069,Pkinase,13,,275,,matched,explicit_author_bounds,
3144,WI,TPO,2rlt,A,34,,PF05361,PP1_inhibitor,1,,99,,matched,explicit_author_bounds,
3145,WI,TPO,3alo,A,175,,PF00069,Pkinase,102,,367,,matched,explicit_author_bounds,
3146,WI,TPO,4kuj,B,180,,,,,,,,no_pdb_chain_mapping,,no_pdb_chain_mapping
3147,WI,TPO,4nl0,B,180,,,,,,,,no_pdb_chain_mapping,,no_pdb_chain_mapping
3148,WI,TPO,5e2v,H,37,,,,,,,,no_pdb_chain_mapping,,no_pdb_chain_mapping
3149,WI,TPO,5e2w,H,37,,,,,,,,no_pdb_chain_mapping,,no_pdb_chain_mapping
3150,WI,TPO,5y86,A,521,,PF00069,Pkinase,209,,522,,matched,explicit_author_bounds,
3151,WI,TPO,5yf4,A,106,,PF03637,Mob1_phocein,53,,209,,matched,inferred_author_start,
3152,WI,TPO,6rir,A,102,,PF00071,Ras,10,,171,,matched,explicit_author_bounds,
3153,WI,TPO,7lwb,A,102,,PF00071,Ras,10,,171,,matched,explicit_author_bounds,
3154,WI,TPO,7vcf,T,62,,,,,,,,outside_pfam_ranges,,outside_pfam_ranges
3155,WK,PTR,3ml4,A,152,,PF02174,IRS,115,,203,,matched,explicit_author_bounds,
3156,WK,PTR,5hz0,A,3,,,,,,,,no_pdb_chain_mapping,,no_pdb_chain_mapping
3157,WK,PTR,5mqr,A,280,,PF13088,BNR_2,273,,388,,matched,explicit_author_bounds,
3158,WK,PTR,5mqs,A,280,,PF13088,BNR_2,273,,388,,matched,explicit_author_bounds,
3159,WK,PTR,6qtc,A,45,,PF14633,SH2_2,0,,187,,matched,inferred_author_start,
3160,WK,PTR,7uyr,A,944,,PF07714,PK_Tyr_Ser-Thr,897,,1169,,matched,explicit_author_bounds,
3161,WK,PTR,7uys,A,944,,PF07714,PK_Tyr_Ser-Thr,897,,1169,,matched,explicit_author_bounds,
3162,WK,PTR,7uyt,A,944,,PF07714,PK_Tyr_Ser-Thr,897,,1169,,matched,explicit_author_bounds,
3163,WK,PTR,7uyu,A,944,,PF07714,PK_Tyr_Ser-Thr,897,,1169,,matched,explicit_author_bounds,
3164,WK,SEP,1jdy,A,358,,PF02880,PGM_PMM_III,305,,419,,matched,explicit_author_bounds,
3165,WK,SEP,1p16,B,381,,,,,,,,no_pdb_chain_mapping,,no_pdb_chain_mapping
3166,WK,SEP,1pua,A,185,,,,,,,,no_pdb_chain_mapping,,no_pdb_chain_mapping
3167,WK,SEP,1vkl,A,358,,PF02880,PGM_PMM_III,305,,419,,matched,explicit_author_bounds,
3168,WK,SEP,2cef,A,10,,,,,,,,no_pdb_chain_mapping,,no_pdb_chain_mapping
3169,WK,SEP,2cez,A,10,,,,,,,,no_pdb_chain_mapping,,no_pdb_chain_mapping
3170,WK,SEP,2cfj,A,10,,,,,,,,no_pdb_chain_mapping,,no_pdb_chain_mapping
3171,WK,SEP,3pmg,A,358,,PF02880,PGM_PMM_III,305,,419,,matched,explicit_author_bounds,
3172,WK,SEP,5i6e,A,1131,,PF08326,ACC_central,768,,1479,,matched,inferred_author_start,
3173,WK,SEP,5jn5,B,359,,PF02880,PGM_PMM_III,306,,420,,matched,explicit_author_bounds,
3174,WK,SEP,5tr2,B,359,,PF02880,PGM_PMM_III,306,,420,,matched,explicit_author_bounds,
3175,WK,SEP,5trc,B,1131,,PF08326,ACC_central,1036,,1479,,matched,explicit_author_bounds,
3176,WK,SEP,5vbi,B,359,,PF02880,PGM_PMM_III,306,,420,,matched,explicit_author_bounds,
3177,WK,SEP,6qdv,,,,,,,,,,missing_token_location,,missing_token_location
3178,WK,SEP,6sno,A,377,,PF02880,PGM_PMM_III,324,,438,,matched,explicit_author_bounds,
3179,WK,SEP,6snq,A,377,,PF02880,PGM_PMM_III,324,,438,,matched,explicit_author_bounds,
3180,WK,SEP,6tqr,D,113,,PF00635,Motile_Sperm,14,,120,,matched,explicit_author_bounds,
3181,WK,SEP,6tqu,A,427,,PF00635,Motile_Sperm,327,,432,,matched,explicit_author_bounds,
3182,WK,SEP,6y1j,P,66,,,,,,,,no_pdb_chain_mapping,,no_pdb_chain_mapping
3183,WK,SEP,7aip,B,808,,PF03522,SLC12,708,,829,,matched,explicit_author_bounds,
3184,WK,SEP,7vcf,T,459,,,,,,,,outside_pfam_ranges,,outside_pfam_ranges
3185,WK,SEP,7x14,A,106,,PF00635,Motile_Sperm,7,,113,,matched,explicit_author_bounds,
3186,WK,SEP,8fkp,SO,56,,,,,,,,outside_pfam_ranges,,outside_pfam_ranges
3187,WK,SEP,8fkq,SO,56,,,,,,,,outside_pfam_ranges,,outside_pfam_ranges
3188,WK,SEP,8fkr,SO,56,,,,,,,,outside_pfam_ranges,,outside_pfam_ranges
3189,WK,SEP,8fks,SO,56,,,,,,,,outside_pfam_ranges,,outside_pfam_ranges
3190,WK,SEP,8fkt,,,,,,,,,,missing_token_location,,missing_token_location
3191,WK,SEP,8fku,SO,56,,,,,,,,outside_pfam_ranges,,outside_pfam_ranges
3192,WK,SEP,8fkv,SO,56,,,,,,,,outside_pfam_ranges,,outside_pfam_ranges
3193,WK,SEP,8fkw,SO,56,,,,,,,,outside_pfam_ranges,,outside_pfam_ranges
3194,WK,SEP,8fkx,,,,,,,,,,missing_token_location,,missing_token_location
3195,WK,SEP,8fky,,,,,,,,,,missing_token_location,,missing_token_location
3196,WK,SEP,8i0w,,,,,,,,,,missing_token_location,,missing_token_location
3197,WK,SEP,8z5t,J,13,,,,,,,,outside_pfam_ranges,,outside_pfam_ranges
3198,WK,SEP,9d0v,B,102,,PF00134,Cyclin_N,100,,227,,matched,explicit_author_bounds,
3199,WK,SEP,9d45,A,521,,PF19273,Exportin-5,332,,1186,,matched,inferred_author_end,
3200,WK,SEP,9fmd,,,,,,,,,,missing_token_location,,missing_token_location
3201,WK,SEP,9if7,LJ,380,,,,,,,,no_pdb_chain_mapping,,no_pdb_chain_mapping
3202,WK,SEP,9if8,LJ,380,,,,,,,,no_pdb_chain_mapping,,no_pdb_chain_mapping
3203,WK,SEP,9n74,LO,122,,,,,,,,outside_pfam_ranges,,outside_pfam_ranges
3204,WK,TPO,1cm8,A,340,,,,,,,,outside_pfam_ranges,,outside_pfam_ranges
3205,WK,TPO,2b2t,A,64,,PF00385,Chromo,49,,97,,matched,explicit_author_bounds,
3206,WK,TPO,3c4w,B,89,,PF00615,RGS,57,,171,,matched,explicit_author_bounds,
3207,WK,TPO,3mi9,C,11,,PF00539,Tat,2,,64,,matched,inferred_author_end,
3208,WK,TPO,3mia,C,11,,PF00539,Tat,2,,64,,matched,inferred_author_end,
3209,WK,TPO,3ppz,A,793,,PF07714,PK_Tyr_Ser-Thr,551,,805,,matched,explicit_author_bounds,
3210,WK,TPO,3py3,A,337,,,,,,,,outside_pfam_ranges,,outside_pfam_ranges
3211,WK,TPO,4myg,A,338,,,,,,,,outside_pfam_ranges,,outside_pfam_ranges
3212,WK,TPO,4ogr,M,11,,,,,,,,no_pdb_chain_mapping,,no_pdb_chain_mapping
3213,WK,TPO,4or5,H,11,,PF00539,Tat,2,,48,,matched,explicit_author_bounds,
3214,WK,TPO,4qoz,C,190,,PF15247,SLBP_RNA_bind,130,,199,,matched,explicit_author_bounds,
3215,WK,TPO,5l1z,D,11,,,,,,,,no_pdb_chain_mapping,,no_pdb_chain_mapping
3216,WK,TPO,5nzz,F,337,,,,,,,,outside_pfam_ranges,,outside_pfam_ranges
3217,WK,TPO,5vko,A,1295,,PF00017,SH2,1258,,1339,,matched,explicit_author_bounds,
3218,WK,TPO,6cyt,D,11,,PF00539,Tat,2,,57,,matched,inferred_author_end,
3219,WK,TPO,6ted,M,1371,,PF14633,SH2_2,1300,,1514,,matched,inferred_author_start,
3220,WK,TPO,6zqs,A,337,,,,,,,,outside_pfam_ranges,,outside_pfam_ranges
3221,WK,TPO,7unc,M,1368,,PF14633,SH2_2,1297,,1511,,matched,inferred_author_start,
3222,WK,TPO,7und,M,1368,,PF14633,SH2_2,1297,,1511,,matched,inferred_author_start,
3223,WK,TPO,7vcf,T,459,,,,,,,,outside_pfam_ranges,,outside_pfam_ranges
3224,WK,TPO,8a3y,M,1371,,PF14633,SH2_2,1327,,1514,,matched,explicit_author_bounds,
3225,WK,TPO,9cj2,A,337,,,,,,,,outside_pfam_ranges,,outside_pfam_ranges
3226,WK,TPO,9eh2,M,1371,,PF14633,SH2_2,1300,,1514,,matched,explicit_author_bounds,
3227,WK,TPO,9rtt,M,1371,,PF14633,SH2_2,1300,,1514,,matched,explicit_author_bounds,
